[2025-11-27 22:54:47] production.ERROR: Method Illuminate\Foundation\Console\ClosureCommand::hourly does not exist. {"exception":"[object] (BadMethodCallException(code: 0): Method Illuminate\\Foundation\\Console\\ClosureCommand::hourly does not exist. at C:\\Users\\laity\\Desktop\\innosoft\\backend\\vendor\\laravel\\framework\\src\\Illuminate\\Macroable\\Traits\\Macroable.php:112)
[stacktrace]
#0 C:\\Users\\laity\\Desktop\\innosoft\\backend\\routes\\console.php(8): Illuminate\\Console\\Command->__call('hourly', Array)
#1 C:\\Users\\laity\\Desktop\\innosoft\\backend\\app\\Console\\Kernel.php(25): require('C:\\\\Users\\\\laity\\\\...')
#2 C:\\Users\\laity\\Desktop\\innosoft\\backend\\vendor\\laravel\\framework\\src\\Illuminate\\Foundation\\Console\\Kernel.php(453): App\\Console\\Kernel->commands()
#3 C:\\Users\\laity\\Desktop\\innosoft\\backend\\vendor\\laravel\\framework\\src\\Illuminate\\Foundation\\Console\\Kernel.php(199): Illuminate\\Foundation\\Console\\Kernel->bootstrap()
#4 Command line code(1): Illuminate\\Foundation\\Console\\Kernel->handle(Object(Symfony\\Component\\Console\\Input\\ArgvInput), Object(Symfony\\Component\\Console\\Output\\ConsoleOutput))
#5 {main}
"} 
[2025-11-27 22:54:47] production.ERROR: Method Illuminate\Foundation\Console\ClosureCommand::hourly does not exist. {"exception":"[object] (BadMethodCallException(code: 0): Method Illuminate\\Foundation\\Console\\ClosureCommand::hourly does not exist. at C:\\Users\\laity\\Desktop\\innosoft\\backend\\vendor\\laravel\\framework\\src\\Illuminate\\Macroable\\Traits\\Macroable.php:112)
[stacktrace]
#0 C:\\Users\\laity\\Desktop\\innosoft\\backend\\routes\\console.php(8): Illuminate\\Console\\Command->__call('hourly', Array)
#1 C:\\Users\\laity\\Desktop\\innosoft\\backend\\app\\Console\\Kernel.php(25): require('C:\\\\Users\\\\laity\\\\...')
#2 C:\\Users\\laity\\Desktop\\innosoft\\backend\\vendor\\laravel\\framework\\src\\Illuminate\\Foundation\\Console\\Kernel.php(453): App\\Console\\Kernel->commands()
#3 C:\\Users\\laity\\Desktop\\innosoft\\backend\\vendor\\laravel\\framework\\src\\Illuminate\\Foundation\\Console\\Kernel.php(199): Illuminate\\Foundation\\Console\\Kernel->bootstrap()
#4 Command line code(1): Illuminate\\Foundation\\Console\\Kernel->handle(Object(Symfony\\Component\\Console\\Input\\ArgvInput), Object(Symfony\\Component\\Console\\Output\\ConsoleOutput))
#5 {main}
"} 
[2025-11-27 22:54:48] production.ERROR: Method Illuminate\Foundation\Console\ClosureCommand::hourly does not exist. {"exception":"[object] (BadMethodCallException(code: 0): Method Illuminate\\Foundation\\Console\\ClosureCommand::hourly does not exist. at C:\\Users\\laity\\Desktop\\innosoft\\backend\\vendor\\laravel\\framework\\src\\Illuminate\\Macroable\\Traits\\Macroable.php:112)
[stacktrace]
#0 C:\\Users\\laity\\Desktop\\innosoft\\backend\\routes\\console.php(8): Illuminate\\Console\\Command->__call('hourly', Array)
#1 C:\\Users\\laity\\Desktop\\innosoft\\backend\\app\\Console\\Kernel.php(25): require('C:\\\\Users\\\\laity\\\\...')
#2 C:\\Users\\laity\\Desktop\\innosoft\\backend\\vendor\\laravel\\framework\\src\\Illuminate\\Foundation\\Console\\Kernel.php(453): App\\Console\\Kernel->commands()
#3 C:\\Users\\laity\\Desktop\\innosoft\\backend\\vendor\\laravel\\framework\\src\\Illuminate\\Foundation\\Console\\Kernel.php(199): Illuminate\\Foundation\\Console\\Kernel->bootstrap()
#4 Command line code(1): Illuminate\\Foundation\\Console\\Kernel->handle(Object(Symfony\\Component\\Console\\Input\\ArgvInput), Object(Symfony\\Component\\Console\\Output\\ConsoleOutput))
#5 {main}
"} 
[2025-11-27 22:54:48] production.ERROR: Uncaught InvalidArgumentException: Please provide a valid cache path. in C:\Users\laity\Desktop\innosoft\backend\vendor\laravel\framework\src\Illuminate\View\Compilers\Compiler.php:67
Stack trace:
#0 C:\Users\laity\Desktop\innosoft\backend\vendor\laravel\framework\src\Illuminate\View\ViewServiceProvider.php(97): Illuminate\View\Compilers\Compiler->__construct(Object(Illuminate\Filesystem\Filesystem), NULL, '', true, 'php')
#1 C:\Users\laity\Desktop\innosoft\backend\vendor\laravel\framework\src\Illuminate\Container\Container.php(908): Illuminate\View\ViewServiceProvider->Illuminate\View\{closure}(Object(Illuminate\Foundation\Application), Array)
#2 C:\Users\laity\Desktop\innosoft\backend\vendor\laravel\framework\src\Illuminate\Container\Container.php(795): Illuminate\Container\Container->build(Object(Closure))
#3 C:\Users\laity\Desktop\innosoft\backend\vendor\laravel\framework\src\Illuminate\Foundation\Application.php(986): Illuminate\Container\Container->resolve('blade.compiler', Array, true)
#4 C:\Users\laity\Desktop\innosoft\backend\vendor\laravel\framework\src\Illuminate\Container\Container.php(731): Illuminate\Foundation\Application->resolve('blade.compiler', Array)
#5 C:\Users\laity\Desktop\innosoft\backend\vendor\laravel\framework\src\Illuminate\Foundation\Application.php(971): Illuminate\Container\Container->make('blade.compiler', Array)
#6 C:\Users\laity\Desktop\innosoft\backend\vendor\laravel\framework\src\Illuminate\Foundation\helpers.php(120): Illuminate\Foundation\Application->make('blade.compiler', Array)
#7 Command line code(1): app('Illuminate\\View...')
#8 {main}
  thrown {"exception":"[object] (Symfony\\Component\\ErrorHandler\\Error\\FatalError(code: 0): Uncaught InvalidArgumentException: Please provide a valid cache path. in C:\\Users\\laity\\Desktop\\innosoft\\backend\\vendor\\laravel\\framework\\src\\Illuminate\\View\\Compilers\\Compiler.php:67
Stack trace:
#0 C:\\Users\\laity\\Desktop\\innosoft\\backend\\vendor\\laravel\\framework\\src\\Illuminate\\View\\ViewServiceProvider.php(97): Illuminate\\View\\Compilers\\Compiler->__construct(Object(Illuminate\\Filesystem\\Filesystem), NULL, '', true, 'php')
#1 C:\\Users\\laity\\Desktop\\innosoft\\backend\\vendor\\laravel\\framework\\src\\Illuminate\\Container\\Container.php(908): Illuminate\\View\\ViewServiceProvider->Illuminate\\View\\{closure}(Object(Illuminate\\Foundation\\Application), Array)
#2 C:\\Users\\laity\\Desktop\\innosoft\\backend\\vendor\\laravel\\framework\\src\\Illuminate\\Container\\Container.php(795): Illuminate\\Container\\Container->build(Object(Closure))
#3 C:\\Users\\laity\\Desktop\\innosoft\\backend\\vendor\\laravel\\framework\\src\\Illuminate\\Foundation\\Application.php(986): Illuminate\\Container\\Container->resolve('blade.compiler', Array, true)
#4 C:\\Users\\laity\\Desktop\\innosoft\\backend\\vendor\\laravel\\framework\\src\\Illuminate\\Container\\Container.php(731): Illuminate\\Foundation\\Application->resolve('blade.compiler', Array)
#5 C:\\Users\\laity\\Desktop\\innosoft\\backend\\vendor\\laravel\\framework\\src\\Illuminate\\Foundation\\Application.php(971): Illuminate\\Container\\Container->make('blade.compiler', Array)
#6 C:\\Users\\laity\\Desktop\\innosoft\\backend\\vendor\\laravel\\framework\\src\\Illuminate\\Foundation\\helpers.php(120): Illuminate\\Foundation\\Application->make('blade.compiler', Array)
#7 Command line code(1): app('Illuminate\\\\View...')
#8 {main}
  thrown at C:\\Users\\laity\\Desktop\\innosoft\\backend\\vendor\\laravel\\framework\\src\\Illuminate\\View\\Compilers\\Compiler.php:67)
[stacktrace]
#0 {main}
"} 
[2025-11-27 22:54:48] production.ERROR: Method Illuminate\Foundation\Console\ClosureCommand::hourly does not exist. {"exception":"[object] (BadMethodCallException(code: 0): Method Illuminate\\Foundation\\Console\\ClosureCommand::hourly does not exist. at C:\\Users\\laity\\Desktop\\innosoft\\backend\\vendor\\laravel\\framework\\src\\Illuminate\\Macroable\\Traits\\Macroable.php:112)
[stacktrace]
#0 C:\\Users\\laity\\Desktop\\innosoft\\backend\\routes\\console.php(8): Illuminate\\Console\\Command->__call('hourly', Array)
#1 C:\\Users\\laity\\Desktop\\innosoft\\backend\\app\\Console\\Kernel.php(25): require('C:\\\\Users\\\\laity\\\\...')
#2 C:\\Users\\laity\\Desktop\\innosoft\\backend\\vendor\\laravel\\framework\\src\\Illuminate\\Foundation\\Console\\Kernel.php(453): App\\Console\\Kernel->commands()
#3 C:\\Users\\laity\\Desktop\\innosoft\\backend\\vendor\\laravel\\framework\\src\\Illuminate\\Foundation\\Console\\Kernel.php(199): Illuminate\\Foundation\\Console\\Kernel->bootstrap()
#4 Command line code(1): Illuminate\\Foundation\\Console\\Kernel->handle(Object(Symfony\\Component\\Console\\Input\\ArgvInput), Object(Symfony\\Component\\Console\\Output\\ConsoleOutput))
#5 {main}
"} 
[2025-11-27 22:54:48] production.ERROR: Method Illuminate\Foundation\Console\ClosureCommand::hourly does not exist. {"exception":"[object] (BadMethodCallException(code: 0): Method Illuminate\\Foundation\\Console\\ClosureCommand::hourly does not exist. at C:\\Users\\laity\\Desktop\\innosoft\\backend\\vendor\\laravel\\framework\\src\\Illuminate\\Macroable\\Traits\\Macroable.php:112)
[stacktrace]
#0 C:\\Users\\laity\\Desktop\\innosoft\\backend\\routes\\console.php(8): Illuminate\\Console\\Command->__call('hourly', Array)
#1 C:\\Users\\laity\\Desktop\\innosoft\\backend\\app\\Console\\Kernel.php(25): require('C:\\\\Users\\\\laity\\\\...')
#2 C:\\Users\\laity\\Desktop\\innosoft\\backend\\vendor\\laravel\\framework\\src\\Illuminate\\Foundation\\Console\\Kernel.php(453): App\\Console\\Kernel->commands()
#3 C:\\Users\\laity\\Desktop\\innosoft\\backend\\vendor\\laravel\\framework\\src\\Illuminate\\Foundation\\Console\\Kernel.php(199): Illuminate\\Foundation\\Console\\Kernel->bootstrap()
#4 Command line code(1): Illuminate\\Foundation\\Console\\Kernel->handle(Object(Symfony\\Component\\Console\\Input\\ArgvInput), Object(Symfony\\Component\\Console\\Output\\ConsoleOutput))
#5 {main}
"} 
[2025-11-27 22:54:48] production.ERROR: Method Illuminate\Foundation\Console\ClosureCommand::hourly does not exist. {"exception":"[object] (BadMethodCallException(code: 0): Method Illuminate\\Foundation\\Console\\ClosureCommand::hourly does not exist. at C:\\Users\\laity\\Desktop\\innosoft\\backend\\vendor\\laravel\\framework\\src\\Illuminate\\Macroable\\Traits\\Macroable.php:112)
[stacktrace]
#0 C:\\Users\\laity\\Desktop\\innosoft\\backend\\routes\\console.php(8): Illuminate\\Console\\Command->__call('hourly', Array)
#1 C:\\Users\\laity\\Desktop\\innosoft\\backend\\app\\Console\\Kernel.php(25): require('C:\\\\Users\\\\laity\\\\...')
#2 C:\\Users\\laity\\Desktop\\innosoft\\backend\\vendor\\laravel\\framework\\src\\Illuminate\\Foundation\\Console\\Kernel.php(453): App\\Console\\Kernel->commands()
#3 C:\\Users\\laity\\Desktop\\innosoft\\backend\\vendor\\laravel\\framework\\src\\Illuminate\\Foundation\\Console\\Kernel.php(199): Illuminate\\Foundation\\Console\\Kernel->bootstrap()
#4 Command line code(1): Illuminate\\Foundation\\Console\\Kernel->handle(Object(Symfony\\Component\\Console\\Input\\ArgvInput), Object(Symfony\\Component\\Console\\Output\\ConsoleOutput))
#5 {main}
"} 
[2025-11-27 22:54:48] production.ERROR: Method Illuminate\Foundation\Console\ClosureCommand::hourly does not exist. {"exception":"[object] (BadMethodCallException(code: 0): Method Illuminate\\Foundation\\Console\\ClosureCommand::hourly does not exist. at C:\\Users\\laity\\Desktop\\innosoft\\backend\\vendor\\laravel\\framework\\src\\Illuminate\\Macroable\\Traits\\Macroable.php:112)
[stacktrace]
#0 C:\\Users\\laity\\Desktop\\innosoft\\backend\\routes\\console.php(8): Illuminate\\Console\\Command->__call('hourly', Array)
#1 C:\\Users\\laity\\Desktop\\innosoft\\backend\\app\\Console\\Kernel.php(25): require('C:\\\\Users\\\\laity\\\\...')
#2 C:\\Users\\laity\\Desktop\\innosoft\\backend\\vendor\\laravel\\framework\\src\\Illuminate\\Foundation\\Console\\Kernel.php(453): App\\Console\\Kernel->commands()
#3 C:\\Users\\laity\\Desktop\\innosoft\\backend\\vendor\\laravel\\framework\\src\\Illuminate\\Foundation\\Console\\Kernel.php(199): Illuminate\\Foundation\\Console\\Kernel->bootstrap()
#4 Command line code(1): Illuminate\\Foundation\\Console\\Kernel->handle(Object(Symfony\\Component\\Console\\Input\\ArgvInput), Object(Symfony\\Component\\Console\\Output\\ConsoleOutput))
#5 {main}
"} 
[2025-11-27 22:54:48] production.ERROR: Uncaught TypeError: Illuminate\View\FileViewFinder::__construct(): Argument #2 ($paths) must be of type array, null given, called in C:\Users\laity\Desktop\innosoft\backend\vendor\laravel\framework\src\Illuminate\View\ViewServiceProvider.php on line 85 and defined in C:\Users\laity\Desktop\innosoft\backend\vendor\laravel\framework\src\Illuminate\View\FileViewFinder.php:53
Stack trace:
#0 C:\Users\laity\Desktop\innosoft\backend\vendor\laravel\framework\src\Illuminate\View\ViewServiceProvider.php(85): Illuminate\View\FileViewFinder->__construct(Object(Illuminate\Filesystem\Filesystem), NULL)
#1 C:\Users\laity\Desktop\innosoft\backend\vendor\laravel\framework\src\Illuminate\Container\Container.php(908): Illuminate\View\ViewServiceProvider->Illuminate\View\{closure}(Object(Illuminate\Foundation\Application), Array)
#2 C:\Users\laity\Desktop\innosoft\backend\vendor\laravel\framework\src\Illuminate\Container\Container.php(795): Illuminate\Container\Container->build(Object(Closure))
#3 C:\Users\laity\Desktop\innosoft\backend\vendor\laravel\framework\src\Illuminate\Foundation\Application.php(986): Illuminate\Container\Container->resolve('view.finder', Array, true)
#4 C:\Users\laity\Desktop\innosoft\backend\vendor\laravel\framework\src\Illuminate\Container\Container.php(731): Illuminate\Foundation\Application->resolve('view.finder', Array)
#5 C:\Users\laity\Desktop\innosoft\backend\vendor\laravel\framework\src\Illuminate\Foundation\Application.php(971): Illuminate\Container\Container->make('view.finder', Array)
#6 C:\Users\laity\Desktop\innosoft\backend\vendor\laravel\framework\src\Illuminate\Container\Container.php(1454): Illuminate\Foundation\Application->make('view.finder')
#7 C:\Users\laity\Desktop\innosoft\backend\vendor\laravel\framework\src\Illuminate\View\ViewServiceProvider.php(45): Illuminate\Container\Container->offsetGet('view.finder')
#8 C:\Users\laity\Desktop\innosoft\backend\vendor\laravel\framework\src\Illuminate\Container\Container.php(908): Illuminate\View\ViewServiceProvider->Illuminate\View\{closure}(Object(Illuminate\Foundation\Application), Array)
#9 C:\Users\laity\Desktop\innosoft\backend\vendor\laravel\framework\src\Illuminate\Container\Container.php(795): Illuminate\Container\Container->build(Object(Closure))
#10 C:\Users\laity\Desktop\innosoft\backend\vendor\laravel\framework\src\Illuminate\Foundation\Application.php(986): Illuminate\Container\Container->resolve('view', Array, true)
#11 C:\Users\laity\Desktop\innosoft\backend\vendor\laravel\framework\src\Illuminate\Container\Container.php(731): Illuminate\Foundation\Application->resolve('view', Array)
#12 C:\Users\laity\Desktop\innosoft\backend\vendor\laravel\framework\src\Illuminate\Foundation\Application.php(971): Illuminate\Container\Container->make('view', Array)
#13 C:\Users\laity\Desktop\innosoft\backend\vendor\laravel\framework\src\Illuminate\Foundation\helpers.php(120): Illuminate\Foundation\Application->make('view', Array)
#14 Command line code(1): app('view')
#15 {main}
  thrown {"exception":"[object] (Symfony\\Component\\ErrorHandler\\Error\\FatalError(code: 0): Uncaught TypeError: Illuminate\\View\\FileViewFinder::__construct(): Argument #2 ($paths) must be of type array, null given, called in C:\\Users\\laity\\Desktop\\innosoft\\backend\\vendor\\laravel\\framework\\src\\Illuminate\\View\\ViewServiceProvider.php on line 85 and defined in C:\\Users\\laity\\Desktop\\innosoft\\backend\\vendor\\laravel\\framework\\src\\Illuminate\\View\\FileViewFinder.php:53
Stack trace:
#0 C:\\Users\\laity\\Desktop\\innosoft\\backend\\vendor\\laravel\\framework\\src\\Illuminate\\View\\ViewServiceProvider.php(85): Illuminate\\View\\FileViewFinder->__construct(Object(Illuminate\\Filesystem\\Filesystem), NULL)
#1 C:\\Users\\laity\\Desktop\\innosoft\\backend\\vendor\\laravel\\framework\\src\\Illuminate\\Container\\Container.php(908): Illuminate\\View\\ViewServiceProvider->Illuminate\\View\\{closure}(Object(Illuminate\\Foundation\\Application), Array)
#2 C:\\Users\\laity\\Desktop\\innosoft\\backend\\vendor\\laravel\\framework\\src\\Illuminate\\Container\\Container.php(795): Illuminate\\Container\\Container->build(Object(Closure))
#3 C:\\Users\\laity\\Desktop\\innosoft\\backend\\vendor\\laravel\\framework\\src\\Illuminate\\Foundation\\Application.php(986): Illuminate\\Container\\Container->resolve('view.finder', Array, true)
#4 C:\\Users\\laity\\Desktop\\innosoft\\backend\\vendor\\laravel\\framework\\src\\Illuminate\\Container\\Container.php(731): Illuminate\\Foundation\\Application->resolve('view.finder', Array)
#5 C:\\Users\\laity\\Desktop\\innosoft\\backend\\vendor\\laravel\\framework\\src\\Illuminate\\Foundation\\Application.php(971): Illuminate\\Container\\Container->make('view.finder', Array)
#6 C:\\Users\\laity\\Desktop\\innosoft\\backend\\vendor\\laravel\\framework\\src\\Illuminate\\Container\\Container.php(1454): Illuminate\\Foundation\\Application->make('view.finder')
#7 C:\\Users\\laity\\Desktop\\innosoft\\backend\\vendor\\laravel\\framework\\src\\Illuminate\\View\\ViewServiceProvider.php(45): Illuminate\\Container\\Container->offsetGet('view.finder')
#8 C:\\Users\\laity\\Desktop\\innosoft\\backend\\vendor\\laravel\\framework\\src\\Illuminate\\Container\\Container.php(908): Illuminate\\View\\ViewServiceProvider->Illuminate\\View\\{closure}(Object(Illuminate\\Foundation\\Application), Array)
#9 C:\\Users\\laity\\Desktop\\innosoft\\backend\\vendor\\laravel\\framework\\src\\Illuminate\\Container\\Container.php(795): Illuminate\\Container\\Container->build(Object(Closure))
#10 C:\\Users\\laity\\Desktop\\innosoft\\backend\\vendor\\laravel\\framework\\src\\Illuminate\\Foundation\\Application.php(986): Illuminate\\Container\\Container->resolve('view', Array, true)
#11 C:\\Users\\laity\\Desktop\\innosoft\\backend\\vendor\\laravel\\framework\\src\\Illuminate\\Container\\Container.php(731): Illuminate\\Foundation\\Application->resolve('view', Array)
#12 C:\\Users\\laity\\Desktop\\innosoft\\backend\\vendor\\laravel\\framework\\src\\Illuminate\\Foundation\\Application.php(971): Illuminate\\Container\\Container->make('view', Array)
#13 C:\\Users\\laity\\Desktop\\innosoft\\backend\\vendor\\laravel\\framework\\src\\Illuminate\\Foundation\\helpers.php(120): Illuminate\\Foundation\\Application->make('view', Array)
#14 Command line code(1): app('view')
#15 {main}
  thrown at C:\\Users\\laity\\Desktop\\innosoft\\backend\\vendor\\laravel\\framework\\src\\Illuminate\\View\\FileViewFinder.php:53)
[stacktrace]
#0 {main}
"} 
[2025-11-27 22:54:48] production.ERROR: Uncaught TypeError: Illuminate\View\FileViewFinder::__construct(): Argument #2 ($paths) must be of type array, null given, called in C:\Users\laity\Desktop\innosoft\backend\vendor\laravel\framework\src\Illuminate\View\ViewServiceProvider.php on line 85 and defined in C:\Users\laity\Desktop\innosoft\backend\vendor\laravel\framework\src\Illuminate\View\FileViewFinder.php:53
Stack trace:
#0 C:\Users\laity\Desktop\innosoft\backend\vendor\laravel\framework\src\Illuminate\View\ViewServiceProvider.php(85): Illuminate\View\FileViewFinder->__construct(Object(Illuminate\Filesystem\Filesystem), NULL)
#1 C:\Users\laity\Desktop\innosoft\backend\vendor\laravel\framework\src\Illuminate\Container\Container.php(908): Illuminate\View\ViewServiceProvider->Illuminate\View\{closure}(Object(Illuminate\Foundation\Application), Array)
#2 C:\Users\laity\Desktop\innosoft\backend\vendor\laravel\framework\src\Illuminate\Container\Container.php(795): Illuminate\Container\Container->build(Object(Closure))
#3 C:\Users\laity\Desktop\innosoft\backend\vendor\laravel\framework\src\Illuminate\Foundation\Application.php(986): Illuminate\Container\Container->resolve('view.finder', Array, true)
#4 C:\Users\laity\Desktop\innosoft\backend\vendor\laravel\framework\src\Illuminate\Container\Container.php(731): Illuminate\Foundation\Application->resolve('view.finder', Array)
#5 C:\Users\laity\Desktop\innosoft\backend\vendor\laravel\framework\src\Illuminate\Foundation\Application.php(971): Illuminate\Container\Container->make('view.finder', Array)
#6 C:\Users\laity\Desktop\innosoft\backend\vendor\laravel\framework\src\Illuminate\Container\Container.php(1454): Illuminate\Foundation\Application->make('view.finder')
#7 C:\Users\laity\Desktop\innosoft\backend\vendor\laravel\framework\src\Illuminate\View\ViewServiceProvider.php(45): Illuminate\Container\Container->offsetGet('view.finder')
#8 C:\Users\laity\Desktop\innosoft\backend\vendor\laravel\framework\src\Illuminate\Container\Container.php(908): Illuminate\View\ViewServiceProvider->Illuminate\View\{closure}(Object(Illuminate\Foundation\Application), Array)
#9 C:\Users\laity\Desktop\innosoft\backend\vendor\laravel\framework\src\Illuminate\Container\Container.php(795): Illuminate\Container\Container->build(Object(Closure))
#10 C:\Users\laity\Desktop\innosoft\backend\vendor\laravel\framework\src\Illuminate\Foundation\Application.php(986): Illuminate\Container\Container->resolve('view', Array, true)
#11 C:\Users\laity\Desktop\innosoft\backend\vendor\laravel\framework\src\Illuminate\Container\Container.php(731): Illuminate\Foundation\Application->resolve('view', Array)
#12 C:\Users\laity\Desktop\innosoft\backend\vendor\laravel\framework\src\Illuminate\Foundation\Application.php(971): Illuminate\Container\Container->make('view', Array)
#13 C:\Users\laity\Desktop\innosoft\backend\vendor\laravel\framework\src\Illuminate\Foundation\helpers.php(120): Illuminate\Foundation\Application->make('view', Array)
#14 Command line code(1): app('view')
#15 {main}
  thrown {"exception":"[object] (Symfony\\Component\\ErrorHandler\\Error\\FatalError(code: 0): Uncaught TypeError: Illuminate\\View\\FileViewFinder::__construct(): Argument #2 ($paths) must be of type array, null given, called in C:\\Users\\laity\\Desktop\\innosoft\\backend\\vendor\\laravel\\framework\\src\\Illuminate\\View\\ViewServiceProvider.php on line 85 and defined in C:\\Users\\laity\\Desktop\\innosoft\\backend\\vendor\\laravel\\framework\\src\\Illuminate\\View\\FileViewFinder.php:53
Stack trace:
#0 C:\\Users\\laity\\Desktop\\innosoft\\backend\\vendor\\laravel\\framework\\src\\Illuminate\\View\\ViewServiceProvider.php(85): Illuminate\\View\\FileViewFinder->__construct(Object(Illuminate\\Filesystem\\Filesystem), NULL)
#1 C:\\Users\\laity\\Desktop\\innosoft\\backend\\vendor\\laravel\\framework\\src\\Illuminate\\Container\\Container.php(908): Illuminate\\View\\ViewServiceProvider->Illuminate\\View\\{closure}(Object(Illuminate\\Foundation\\Application), Array)
#2 C:\\Users\\laity\\Desktop\\innosoft\\backend\\vendor\\laravel\\framework\\src\\Illuminate\\Container\\Container.php(795): Illuminate\\Container\\Container->build(Object(Closure))
#3 C:\\Users\\laity\\Desktop\\innosoft\\backend\\vendor\\laravel\\framework\\src\\Illuminate\\Foundation\\Application.php(986): Illuminate\\Container\\Container->resolve('view.finder', Array, true)
#4 C:\\Users\\laity\\Desktop\\innosoft\\backend\\vendor\\laravel\\framework\\src\\Illuminate\\Container\\Container.php(731): Illuminate\\Foundation\\Application->resolve('view.finder', Array)
#5 C:\\Users\\laity\\Desktop\\innosoft\\backend\\vendor\\laravel\\framework\\src\\Illuminate\\Foundation\\Application.php(971): Illuminate\\Container\\Container->make('view.finder', Array)
#6 C:\\Users\\laity\\Desktop\\innosoft\\backend\\vendor\\laravel\\framework\\src\\Illuminate\\Container\\Container.php(1454): Illuminate\\Foundation\\Application->make('view.finder')
#7 C:\\Users\\laity\\Desktop\\innosoft\\backend\\vendor\\laravel\\framework\\src\\Illuminate\\View\\ViewServiceProvider.php(45): Illuminate\\Container\\Container->offsetGet('view.finder')
#8 C:\\Users\\laity\\Desktop\\innosoft\\backend\\vendor\\laravel\\framework\\src\\Illuminate\\Container\\Container.php(908): Illuminate\\View\\ViewServiceProvider->Illuminate\\View\\{closure}(Object(Illuminate\\Foundation\\Application), Array)
#9 C:\\Users\\laity\\Desktop\\innosoft\\backend\\vendor\\laravel\\framework\\src\\Illuminate\\Container\\Container.php(795): Illuminate\\Container\\Container->build(Object(Closure))
#10 C:\\Users\\laity\\Desktop\\innosoft\\backend\\vendor\\laravel\\framework\\src\\Illuminate\\Foundation\\Application.php(986): Illuminate\\Container\\Container->resolve('view', Array, true)
#11 C:\\Users\\laity\\Desktop\\innosoft\\backend\\vendor\\laravel\\framework\\src\\Illuminate\\Container\\Container.php(731): Illuminate\\Foundation\\Application->resolve('view', Array)
#12 C:\\Users\\laity\\Desktop\\innosoft\\backend\\vendor\\laravel\\framework\\src\\Illuminate\\Foundation\\Application.php(971): Illuminate\\Container\\Container->make('view', Array)
#13 C:\\Users\\laity\\Desktop\\innosoft\\backend\\vendor\\laravel\\framework\\src\\Illuminate\\Foundation\\helpers.php(120): Illuminate\\Foundation\\Application->make('view', Array)
#14 Command line code(1): app('view')
#15 {main}
  thrown at C:\\Users\\laity\\Desktop\\innosoft\\backend\\vendor\\laravel\\framework\\src\\Illuminate\\View\\FileViewFinder.php:53)
[stacktrace]
#0 {main}
"} 
[2025-11-27 22:54:48] production.ERROR: Method Illuminate\Foundation\Console\ClosureCommand::hourly does not exist. {"exception":"[object] (BadMethodCallException(code: 0): Method Illuminate\\Foundation\\Console\\ClosureCommand::hourly does not exist. at C:\\Users\\laity\\Desktop\\innosoft\\backend\\vendor\\laravel\\framework\\src\\Illuminate\\Macroable\\Traits\\Macroable.php:112)
[stacktrace]
#0 C:\\Users\\laity\\Desktop\\innosoft\\backend\\routes\\console.php(8): Illuminate\\Console\\Command->__call('hourly', Array)
#1 C:\\Users\\laity\\Desktop\\innosoft\\backend\\app\\Console\\Kernel.php(25): require('C:\\\\Users\\\\laity\\\\...')
#2 C:\\Users\\laity\\Desktop\\innosoft\\backend\\vendor\\laravel\\framework\\src\\Illuminate\\Foundation\\Console\\Kernel.php(453): App\\Console\\Kernel->commands()
#3 C:\\Users\\laity\\Desktop\\innosoft\\backend\\vendor\\laravel\\framework\\src\\Illuminate\\Foundation\\Console\\Kernel.php(199): Illuminate\\Foundation\\Console\\Kernel->bootstrap()
#4 Command line code(1): Illuminate\\Foundation\\Console\\Kernel->handle(Object(Symfony\\Component\\Console\\Input\\ArgvInput), Object(Symfony\\Component\\Console\\Output\\ConsoleOutput))
#5 {main}
"} 
[2025-11-27 22:54:48] production.ERROR: Method Illuminate\Foundation\Console\ClosureCommand::hourly does not exist. {"exception":"[object] (BadMethodCallException(code: 0): Method Illuminate\\Foundation\\Console\\ClosureCommand::hourly does not exist. at C:\\Users\\laity\\Desktop\\innosoft\\backend\\vendor\\laravel\\framework\\src\\Illuminate\\Macroable\\Traits\\Macroable.php:112)
[stacktrace]
#0 C:\\Users\\laity\\Desktop\\innosoft\\backend\\routes\\console.php(8): Illuminate\\Console\\Command->__call('hourly', Array)
#1 C:\\Users\\laity\\Desktop\\innosoft\\backend\\app\\Console\\Kernel.php(25): require('C:\\\\Users\\\\laity\\\\...')
#2 C:\\Users\\laity\\Desktop\\innosoft\\backend\\vendor\\laravel\\framework\\src\\Illuminate\\Foundation\\Console\\Kernel.php(453): App\\Console\\Kernel->commands()
#3 C:\\Users\\laity\\Desktop\\innosoft\\backend\\vendor\\laravel\\framework\\src\\Illuminate\\Foundation\\Console\\Kernel.php(199): Illuminate\\Foundation\\Console\\Kernel->bootstrap()
#4 Command line code(1): Illuminate\\Foundation\\Console\\Kernel->handle(Object(Symfony\\Component\\Console\\Input\\ArgvInput), Object(Symfony\\Component\\Console\\Output\\ConsoleOutput))
#5 {main}
"} 
[2025-11-27 22:54:48] production.ERROR: Uncaught TypeError: Illuminate\View\FileViewFinder::__construct(): Argument #2 ($paths) must be of type array, null given, called in C:\Users\laity\Desktop\innosoft\backend\vendor\laravel\framework\src\Illuminate\View\ViewServiceProvider.php on line 85 and defined in C:\Users\laity\Desktop\innosoft\backend\vendor\laravel\framework\src\Illuminate\View\FileViewFinder.php:53
Stack trace:
#0 C:\Users\laity\Desktop\innosoft\backend\vendor\laravel\framework\src\Illuminate\View\ViewServiceProvider.php(85): Illuminate\View\FileViewFinder->__construct(Object(Illuminate\Filesystem\Filesystem), NULL)
#1 C:\Users\laity\Desktop\innosoft\backend\vendor\laravel\framework\src\Illuminate\Container\Container.php(908): Illuminate\View\ViewServiceProvider->Illuminate\View\{closure}(Object(Illuminate\Foundation\Application), Array)
#2 C:\Users\laity\Desktop\innosoft\backend\vendor\laravel\framework\src\Illuminate\Container\Container.php(795): Illuminate\Container\Container->build(Object(Closure))
#3 C:\Users\laity\Desktop\innosoft\backend\vendor\laravel\framework\src\Illuminate\Foundation\Application.php(986): Illuminate\Container\Container->resolve('view.finder', Array, true)
#4 C:\Users\laity\Desktop\innosoft\backend\vendor\laravel\framework\src\Illuminate\Container\Container.php(731): Illuminate\Foundation\Application->resolve('view.finder', Array)
#5 C:\Users\laity\Desktop\innosoft\backend\vendor\laravel\framework\src\Illuminate\Foundation\Application.php(971): Illuminate\Container\Container->make('view.finder', Array)
#6 C:\Users\laity\Desktop\innosoft\backend\vendor\laravel\framework\src\Illuminate\Container\Container.php(1454): Illuminate\Foundation\Application->make('view.finder')
#7 C:\Users\laity\Desktop\innosoft\backend\vendor\laravel\framework\src\Illuminate\View\ViewServiceProvider.php(45): Illuminate\Container\Container->offsetGet('view.finder')
#8 C:\Users\laity\Desktop\innosoft\backend\vendor\laravel\framework\src\Illuminate\Container\Container.php(908): Illuminate\View\ViewServiceProvider->Illuminate\View\{closure}(Object(Illuminate\Foundation\Application), Array)
#9 C:\Users\laity\Desktop\innosoft\backend\vendor\laravel\framework\src\Illuminate\Container\Container.php(795): Illuminate\Container\Container->build(Object(Closure))
#10 C:\Users\laity\Desktop\innosoft\backend\vendor\laravel\framework\src\Illuminate\Foundation\Application.php(986): Illuminate\Container\Container->resolve('view', Array, true)
#11 C:\Users\laity\Desktop\innosoft\backend\vendor\laravel\framework\src\Illuminate\Container\Container.php(731): Illuminate\Foundation\Application->resolve('view', Array)
#12 C:\Users\laity\Desktop\innosoft\backend\vendor\laravel\framework\src\Illuminate\Foundation\Application.php(971): Illuminate\Container\Container->make('view', Array)
#13 C:\Users\laity\Desktop\innosoft\backend\vendor\laravel\framework\src\Illuminate\Foundation\helpers.php(120): Illuminate\Foundation\Application->make('view', Array)
#14 Command line code(1): app('view')
#15 {main}
  thrown {"exception":"[object] (Symfony\\Component\\ErrorHandler\\Error\\FatalError(code: 0): Uncaught TypeError: Illuminate\\View\\FileViewFinder::__construct(): Argument #2 ($paths) must be of type array, null given, called in C:\\Users\\laity\\Desktop\\innosoft\\backend\\vendor\\laravel\\framework\\src\\Illuminate\\View\\ViewServiceProvider.php on line 85 and defined in C:\\Users\\laity\\Desktop\\innosoft\\backend\\vendor\\laravel\\framework\\src\\Illuminate\\View\\FileViewFinder.php:53
Stack trace:
#0 C:\\Users\\laity\\Desktop\\innosoft\\backend\\vendor\\laravel\\framework\\src\\Illuminate\\View\\ViewServiceProvider.php(85): Illuminate\\View\\FileViewFinder->__construct(Object(Illuminate\\Filesystem\\Filesystem), NULL)
#1 C:\\Users\\laity\\Desktop\\innosoft\\backend\\vendor\\laravel\\framework\\src\\Illuminate\\Container\\Container.php(908): Illuminate\\View\\ViewServiceProvider->Illuminate\\View\\{closure}(Object(Illuminate\\Foundation\\Application), Array)
#2 C:\\Users\\laity\\Desktop\\innosoft\\backend\\vendor\\laravel\\framework\\src\\Illuminate\\Container\\Container.php(795): Illuminate\\Container\\Container->build(Object(Closure))
#3 C:\\Users\\laity\\Desktop\\innosoft\\backend\\vendor\\laravel\\framework\\src\\Illuminate\\Foundation\\Application.php(986): Illuminate\\Container\\Container->resolve('view.finder', Array, true)
#4 C:\\Users\\laity\\Desktop\\innosoft\\backend\\vendor\\laravel\\framework\\src\\Illuminate\\Container\\Container.php(731): Illuminate\\Foundation\\Application->resolve('view.finder', Array)
#5 C:\\Users\\laity\\Desktop\\innosoft\\backend\\vendor\\laravel\\framework\\src\\Illuminate\\Foundation\\Application.php(971): Illuminate\\Container\\Container->make('view.finder', Array)
#6 C:\\Users\\laity\\Desktop\\innosoft\\backend\\vendor\\laravel\\framework\\src\\Illuminate\\Container\\Container.php(1454): Illuminate\\Foundation\\Application->make('view.finder')
#7 C:\\Users\\laity\\Desktop\\innosoft\\backend\\vendor\\laravel\\framework\\src\\Illuminate\\View\\ViewServiceProvider.php(45): Illuminate\\Container\\Container->offsetGet('view.finder')
#8 C:\\Users\\laity\\Desktop\\innosoft\\backend\\vendor\\laravel\\framework\\src\\Illuminate\\Container\\Container.php(908): Illuminate\\View\\ViewServiceProvider->Illuminate\\View\\{closure}(Object(Illuminate\\Foundation\\Application), Array)
#9 C:\\Users\\laity\\Desktop\\innosoft\\backend\\vendor\\laravel\\framework\\src\\Illuminate\\Container\\Container.php(795): Illuminate\\Container\\Container->build(Object(Closure))
#10 C:\\Users\\laity\\Desktop\\innosoft\\backend\\vendor\\laravel\\framework\\src\\Illuminate\\Foundation\\Application.php(986): Illuminate\\Container\\Container->resolve('view', Array, true)
#11 C:\\Users\\laity\\Desktop\\innosoft\\backend\\vendor\\laravel\\framework\\src\\Illuminate\\Container\\Container.php(731): Illuminate\\Foundation\\Application->resolve('view', Array)
#12 C:\\Users\\laity\\Desktop\\innosoft\\backend\\vendor\\laravel\\framework\\src\\Illuminate\\Foundation\\Application.php(971): Illuminate\\Container\\Container->make('view', Array)
#13 C:\\Users\\laity\\Desktop\\innosoft\\backend\\vendor\\laravel\\framework\\src\\Illuminate\\Foundation\\helpers.php(120): Illuminate\\Foundation\\Application->make('view', Array)
#14 Command line code(1): app('view')
#15 {main}
  thrown at C:\\Users\\laity\\Desktop\\innosoft\\backend\\vendor\\laravel\\framework\\src\\Illuminate\\View\\FileViewFinder.php:53)
[stacktrace]
#0 {main}
"} 
[2025-11-27 22:54:48] production.ERROR: Method Illuminate\Foundation\Console\ClosureCommand::hourly does not exist. {"exception":"[object] (BadMethodCallException(code: 0): Method Illuminate\\Foundation\\Console\\ClosureCommand::hourly does not exist. at C:\\Users\\laity\\Desktop\\innosoft\\backend\\vendor\\laravel\\framework\\src\\Illuminate\\Macroable\\Traits\\Macroable.php:112)
[stacktrace]
#0 C:\\Users\\laity\\Desktop\\innosoft\\backend\\routes\\console.php(8): Illuminate\\Console\\Command->__call('hourly', Array)
#1 C:\\Users\\laity\\Desktop\\innosoft\\backend\\app\\Console\\Kernel.php(25): require('C:\\\\Users\\\\laity\\\\...')
#2 C:\\Users\\laity\\Desktop\\innosoft\\backend\\vendor\\laravel\\framework\\src\\Illuminate\\Foundation\\Console\\Kernel.php(453): App\\Console\\Kernel->commands()
#3 C:\\Users\\laity\\Desktop\\innosoft\\backend\\vendor\\laravel\\framework\\src\\Illuminate\\Foundation\\Console\\Kernel.php(199): Illuminate\\Foundation\\Console\\Kernel->bootstrap()
#4 Command line code(1): Illuminate\\Foundation\\Console\\Kernel->handle(Object(Symfony\\Component\\Console\\Input\\ArgvInput), Object(Symfony\\Component\\Console\\Output\\ConsoleOutput))
#5 {main}
"} 
[2025-11-27 22:54:49] production.ERROR: Method Illuminate\Foundation\Console\ClosureCommand::hourly does not exist. {"exception":"[object] (BadMethodCallException(code: 0): Method Illuminate\\Foundation\\Console\\ClosureCommand::hourly does not exist. at C:\\Users\\laity\\Desktop\\innosoft\\backend\\vendor\\laravel\\framework\\src\\Illuminate\\Macroable\\Traits\\Macroable.php:112)
[stacktrace]
#0 C:\\Users\\laity\\Desktop\\innosoft\\backend\\routes\\console.php(8): Illuminate\\Console\\Command->__call('hourly', Array)
#1 C:\\Users\\laity\\Desktop\\innosoft\\backend\\app\\Console\\Kernel.php(25): require('C:\\\\Users\\\\laity\\\\...')
#2 C:\\Users\\laity\\Desktop\\innosoft\\backend\\vendor\\laravel\\framework\\src\\Illuminate\\Foundation\\Console\\Kernel.php(453): App\\Console\\Kernel->commands()
#3 C:\\Users\\laity\\Desktop\\innosoft\\backend\\vendor\\laravel\\framework\\src\\Illuminate\\Foundation\\Console\\Kernel.php(199): Illuminate\\Foundation\\Console\\Kernel->bootstrap()
#4 Command line code(1): Illuminate\\Foundation\\Console\\Kernel->handle(Object(Symfony\\Component\\Console\\Input\\ArgvInput), Object(Symfony\\Component\\Console\\Output\\ConsoleOutput))
#5 {main}
"} 
[2025-11-27 22:54:51] production.ERROR: Method Illuminate\Foundation\Console\ClosureCommand::hourly does not exist. {"exception":"[object] (BadMethodCallException(code: 0): Method Illuminate\\Foundation\\Console\\ClosureCommand::hourly does not exist. at C:\\Users\\laity\\Desktop\\innosoft\\backend\\vendor\\laravel\\framework\\src\\Illuminate\\Macroable\\Traits\\Macroable.php:112)
[stacktrace]
#0 C:\\Users\\laity\\Desktop\\innosoft\\backend\\routes\\console.php(8): Illuminate\\Console\\Command->__call('hourly', Array)
#1 C:\\Users\\laity\\Desktop\\innosoft\\backend\\app\\Console\\Kernel.php(25): require('C:\\\\Users\\\\laity\\\\...')
#2 C:\\Users\\laity\\Desktop\\innosoft\\backend\\vendor\\laravel\\framework\\src\\Illuminate\\Foundation\\Console\\Kernel.php(453): App\\Console\\Kernel->commands()
#3 C:\\Users\\laity\\Desktop\\innosoft\\backend\\vendor\\laravel\\framework\\src\\Illuminate\\Foundation\\Console\\Kernel.php(199): Illuminate\\Foundation\\Console\\Kernel->bootstrap()
#4 Command line code(1): Illuminate\\Foundation\\Console\\Kernel->handle(Object(Symfony\\Component\\Console\\Input\\ArgvInput), Object(Symfony\\Component\\Console\\Output\\ConsoleOutput))
#5 {main}
"} 
[2025-11-27 22:54:51] production.ERROR: Uncaught TypeError: Illuminate\View\FileViewFinder::__construct(): Argument #2 ($paths) must be of type array, null given, called in C:\Users\laity\Desktop\innosoft\backend\vendor\laravel\framework\src\Illuminate\View\ViewServiceProvider.php on line 85 and defined in C:\Users\laity\Desktop\innosoft\backend\vendor\laravel\framework\src\Illuminate\View\FileViewFinder.php:53
Stack trace:
#0 C:\Users\laity\Desktop\innosoft\backend\vendor\laravel\framework\src\Illuminate\View\ViewServiceProvider.php(85): Illuminate\View\FileViewFinder->__construct(Object(Illuminate\Filesystem\Filesystem), NULL)
#1 C:\Users\laity\Desktop\innosoft\backend\vendor\laravel\framework\src\Illuminate\Container\Container.php(908): Illuminate\View\ViewServiceProvider->Illuminate\View\{closure}(Object(Illuminate\Foundation\Application), Array)
#2 C:\Users\laity\Desktop\innosoft\backend\vendor\laravel\framework\src\Illuminate\Container\Container.php(795): Illuminate\Container\Container->build(Object(Closure))
#3 C:\Users\laity\Desktop\innosoft\backend\vendor\laravel\framework\src\Illuminate\Foundation\Application.php(986): Illuminate\Container\Container->resolve('view.finder', Array, true)
#4 C:\Users\laity\Desktop\innosoft\backend\vendor\laravel\framework\src\Illuminate\Container\Container.php(731): Illuminate\Foundation\Application->resolve('view.finder', Array)
#5 C:\Users\laity\Desktop\innosoft\backend\vendor\laravel\framework\src\Illuminate\Foundation\Application.php(971): Illuminate\Container\Container->make('view.finder', Array)
#6 C:\Users\laity\Desktop\innosoft\backend\vendor\laravel\framework\src\Illuminate\Container\Container.php(1454): Illuminate\Foundation\Application->make('view.finder')
#7 C:\Users\laity\Desktop\innosoft\backend\vendor\laravel\framework\src\Illuminate\View\ViewServiceProvider.php(45): Illuminate\Container\Container->offsetGet('view.finder')
#8 C:\Users\laity\Desktop\innosoft\backend\vendor\laravel\framework\src\Illuminate\Container\Container.php(908): Illuminate\View\ViewServiceProvider->Illuminate\View\{closure}(Object(Illuminate\Foundation\Application), Array)
#9 C:\Users\laity\Desktop\innosoft\backend\vendor\laravel\framework\src\Illuminate\Container\Container.php(795): Illuminate\Container\Container->build(Object(Closure))
#10 C:\Users\laity\Desktop\innosoft\backend\vendor\laravel\framework\src\Illuminate\Foundation\Application.php(986): Illuminate\Container\Container->resolve('view', Array, true)
#11 C:\Users\laity\Desktop\innosoft\backend\vendor\laravel\framework\src\Illuminate\Container\Container.php(731): Illuminate\Foundation\Application->resolve('view', Array)
#12 C:\Users\laity\Desktop\innosoft\backend\vendor\laravel\framework\src\Illuminate\Foundation\Application.php(971): Illuminate\Container\Container->make('view', Array)
#13 C:\Users\laity\Desktop\innosoft\backend\vendor\laravel\framework\src\Illuminate\Foundation\helpers.php(120): Illuminate\Foundation\Application->make('view', Array)
#14 Command line code(1): app('view')
#15 {main}
  thrown {"exception":"[object] (Symfony\\Component\\ErrorHandler\\Error\\FatalError(code: 0): Uncaught TypeError: Illuminate\\View\\FileViewFinder::__construct(): Argument #2 ($paths) must be of type array, null given, called in C:\\Users\\laity\\Desktop\\innosoft\\backend\\vendor\\laravel\\framework\\src\\Illuminate\\View\\ViewServiceProvider.php on line 85 and defined in C:\\Users\\laity\\Desktop\\innosoft\\backend\\vendor\\laravel\\framework\\src\\Illuminate\\View\\FileViewFinder.php:53
Stack trace:
#0 C:\\Users\\laity\\Desktop\\innosoft\\backend\\vendor\\laravel\\framework\\src\\Illuminate\\View\\ViewServiceProvider.php(85): Illuminate\\View\\FileViewFinder->__construct(Object(Illuminate\\Filesystem\\Filesystem), NULL)
#1 C:\\Users\\laity\\Desktop\\innosoft\\backend\\vendor\\laravel\\framework\\src\\Illuminate\\Container\\Container.php(908): Illuminate\\View\\ViewServiceProvider->Illuminate\\View\\{closure}(Object(Illuminate\\Foundation\\Application), Array)
#2 C:\\Users\\laity\\Desktop\\innosoft\\backend\\vendor\\laravel\\framework\\src\\Illuminate\\Container\\Container.php(795): Illuminate\\Container\\Container->build(Object(Closure))
#3 C:\\Users\\laity\\Desktop\\innosoft\\backend\\vendor\\laravel\\framework\\src\\Illuminate\\Foundation\\Application.php(986): Illuminate\\Container\\Container->resolve('view.finder', Array, true)
#4 C:\\Users\\laity\\Desktop\\innosoft\\backend\\vendor\\laravel\\framework\\src\\Illuminate\\Container\\Container.php(731): Illuminate\\Foundation\\Application->resolve('view.finder', Array)
#5 C:\\Users\\laity\\Desktop\\innosoft\\backend\\vendor\\laravel\\framework\\src\\Illuminate\\Foundation\\Application.php(971): Illuminate\\Container\\Container->make('view.finder', Array)
#6 C:\\Users\\laity\\Desktop\\innosoft\\backend\\vendor\\laravel\\framework\\src\\Illuminate\\Container\\Container.php(1454): Illuminate\\Foundation\\Application->make('view.finder')
#7 C:\\Users\\laity\\Desktop\\innosoft\\backend\\vendor\\laravel\\framework\\src\\Illuminate\\View\\ViewServiceProvider.php(45): Illuminate\\Container\\Container->offsetGet('view.finder')
#8 C:\\Users\\laity\\Desktop\\innosoft\\backend\\vendor\\laravel\\framework\\src\\Illuminate\\Container\\Container.php(908): Illuminate\\View\\ViewServiceProvider->Illuminate\\View\\{closure}(Object(Illuminate\\Foundation\\Application), Array)
#9 C:\\Users\\laity\\Desktop\\innosoft\\backend\\vendor\\laravel\\framework\\src\\Illuminate\\Container\\Container.php(795): Illuminate\\Container\\Container->build(Object(Closure))
#10 C:\\Users\\laity\\Desktop\\innosoft\\backend\\vendor\\laravel\\framework\\src\\Illuminate\\Foundation\\Application.php(986): Illuminate\\Container\\Container->resolve('view', Array, true)
#11 C:\\Users\\laity\\Desktop\\innosoft\\backend\\vendor\\laravel\\framework\\src\\Illuminate\\Container\\Container.php(731): Illuminate\\Foundation\\Application->resolve('view', Array)
#12 C:\\Users\\laity\\Desktop\\innosoft\\backend\\vendor\\laravel\\framework\\src\\Illuminate\\Foundation\\Application.php(971): Illuminate\\Container\\Container->make('view', Array)
#13 C:\\Users\\laity\\Desktop\\innosoft\\backend\\vendor\\laravel\\framework\\src\\Illuminate\\Foundation\\helpers.php(120): Illuminate\\Foundation\\Application->make('view', Array)
#14 Command line code(1): app('view')
#15 {main}
  thrown at C:\\Users\\laity\\Desktop\\innosoft\\backend\\vendor\\laravel\\framework\\src\\Illuminate\\View\\FileViewFinder.php:53)
[stacktrace]
#0 {main}
"} 
[2025-11-27 22:55:55] local.ERROR: Method Illuminate\Foundation\Console\ClosureCommand::hourly does not exist. {"exception":"[object] (BadMethodCallException(code: 0): Method Illuminate\\Foundation\\Console\\ClosureCommand::hourly does not exist. at C:\\Users\\laity\\Desktop\\innosoft\\backend\\vendor\\laravel\\framework\\src\\Illuminate\\Macroable\\Traits\\Macroable.php:112)
[stacktrace]
#0 C:\\Users\\laity\\Desktop\\innosoft\\backend\\routes\\console.php(8): Illuminate\\Console\\Command->__call('hourly', Array)
#1 C:\\Users\\laity\\Desktop\\innosoft\\backend\\app\\Console\\Kernel.php(25): require('C:\\\\Users\\\\laity\\\\...')
#2 C:\\Users\\laity\\Desktop\\innosoft\\backend\\vendor\\laravel\\framework\\src\\Illuminate\\Foundation\\Console\\Kernel.php(453): App\\Console\\Kernel->commands()
#3 C:\\Users\\laity\\Desktop\\innosoft\\backend\\vendor\\laravel\\framework\\src\\Illuminate\\Foundation\\Console\\Kernel.php(199): Illuminate\\Foundation\\Console\\Kernel->bootstrap()
#4 C:\\Users\\laity\\Desktop\\innosoft\\backend\\artisan(35): Illuminate\\Foundation\\Console\\Kernel->handle(Object(Symfony\\Component\\Console\\Input\\ArgvInput), Object(Symfony\\Component\\Console\\Output\\ConsoleOutput))
#5 {main}
"} 
[2025-11-27 22:56:00] local.ERROR: Method Illuminate\Foundation\Console\ClosureCommand::hourly does not exist. {"exception":"[object] (BadMethodCallException(code: 0): Method Illuminate\\Foundation\\Console\\ClosureCommand::hourly does not exist. at C:\\Users\\laity\\Desktop\\innosoft\\backend\\vendor\\laravel\\framework\\src\\Illuminate\\Macroable\\Traits\\Macroable.php:112)
[stacktrace]
#0 C:\\Users\\laity\\Desktop\\innosoft\\backend\\routes\\console.php(8): Illuminate\\Console\\Command->__call('hourly', Array)
#1 C:\\Users\\laity\\Desktop\\innosoft\\backend\\app\\Console\\Kernel.php(25): require('C:\\\\Users\\\\laity\\\\...')
#2 C:\\Users\\laity\\Desktop\\innosoft\\backend\\vendor\\laravel\\framework\\src\\Illuminate\\Foundation\\Console\\Kernel.php(453): App\\Console\\Kernel->commands()
#3 C:\\Users\\laity\\Desktop\\innosoft\\backend\\vendor\\laravel\\framework\\src\\Illuminate\\Foundation\\Console\\Kernel.php(199): Illuminate\\Foundation\\Console\\Kernel->bootstrap()
#4 Command line code(1): Illuminate\\Foundation\\Console\\Kernel->handle(Object(Symfony\\Component\\Console\\Input\\ArgvInput), Object(Symfony\\Component\\Console\\Output\\ConsoleOutput))
#5 {main}
"} 
[2025-11-27 22:56:00] local.ERROR: Uncaught TypeError: Illuminate\View\FileViewFinder::__construct(): Argument #2 ($paths) must be of type array, null given, called in C:\Users\laity\Desktop\innosoft\backend\vendor\laravel\framework\src\Illuminate\View\ViewServiceProvider.php on line 85 and defined in C:\Users\laity\Desktop\innosoft\backend\vendor\laravel\framework\src\Illuminate\View\FileViewFinder.php:53
Stack trace:
#0 C:\Users\laity\Desktop\innosoft\backend\vendor\laravel\framework\src\Illuminate\View\ViewServiceProvider.php(85): Illuminate\View\FileViewFinder->__construct(Object(Illuminate\Filesystem\Filesystem), NULL)
#1 C:\Users\laity\Desktop\innosoft\backend\vendor\laravel\framework\src\Illuminate\Container\Container.php(908): Illuminate\View\ViewServiceProvider->Illuminate\View\{closure}(Object(Illuminate\Foundation\Application), Array)
#2 C:\Users\laity\Desktop\innosoft\backend\vendor\laravel\framework\src\Illuminate\Container\Container.php(795): Illuminate\Container\Container->build(Object(Closure))
#3 C:\Users\laity\Desktop\innosoft\backend\vendor\laravel\framework\src\Illuminate\Foundation\Application.php(986): Illuminate\Container\Container->resolve('view.finder', Array, true)
#4 C:\Users\laity\Desktop\innosoft\backend\vendor\laravel\framework\src\Illuminate\Container\Container.php(731): Illuminate\Foundation\Application->resolve('view.finder', Array)
#5 C:\Users\laity\Desktop\innosoft\backend\vendor\laravel\framework\src\Illuminate\Foundation\Application.php(971): Illuminate\Container\Container->make('view.finder', Array)
#6 C:\Users\laity\Desktop\innosoft\backend\vendor\laravel\framework\src\Illuminate\Container\Container.php(1454): Illuminate\Foundation\Application->make('view.finder')
#7 C:\Users\laity\Desktop\innosoft\backend\vendor\laravel\framework\src\Illuminate\View\ViewServiceProvider.php(45): Illuminate\Container\Container->offsetGet('view.finder')
#8 C:\Users\laity\Desktop\innosoft\backend\vendor\laravel\framework\src\Illuminate\Container\Container.php(908): Illuminate\View\ViewServiceProvider->Illuminate\View\{closure}(Object(Illuminate\Foundation\Application), Array)
#9 C:\Users\laity\Desktop\innosoft\backend\vendor\laravel\framework\src\Illuminate\Container\Container.php(795): Illuminate\Container\Container->build(Object(Closure))
#10 C:\Users\laity\Desktop\innosoft\backend\vendor\laravel\framework\src\Illuminate\Foundation\Application.php(986): Illuminate\Container\Container->resolve('view', Array, true)
#11 C:\Users\laity\Desktop\innosoft\backend\vendor\laravel\framework\src\Illuminate\Container\Container.php(731): Illuminate\Foundation\Application->resolve('view', Array)
#12 C:\Users\laity\Desktop\innosoft\backend\vendor\laravel\framework\src\Illuminate\Foundation\Application.php(971): Illuminate\Container\Container->make('view', Array)
#13 C:\Users\laity\Desktop\innosoft\backend\vendor\laravel\framework\src\Illuminate\Foundation\helpers.php(120): Illuminate\Foundation\Application->make('view', Array)
#14 Command line code(1): app('view')
#15 {main}
  thrown {"exception":"[object] (Symfony\\Component\\ErrorHandler\\Error\\FatalError(code: 0): Uncaught TypeError: Illuminate\\View\\FileViewFinder::__construct(): Argument #2 ($paths) must be of type array, null given, called in C:\\Users\\laity\\Desktop\\innosoft\\backend\\vendor\\laravel\\framework\\src\\Illuminate\\View\\ViewServiceProvider.php on line 85 and defined in C:\\Users\\laity\\Desktop\\innosoft\\backend\\vendor\\laravel\\framework\\src\\Illuminate\\View\\FileViewFinder.php:53
Stack trace:
#0 C:\\Users\\laity\\Desktop\\innosoft\\backend\\vendor\\laravel\\framework\\src\\Illuminate\\View\\ViewServiceProvider.php(85): Illuminate\\View\\FileViewFinder->__construct(Object(Illuminate\\Filesystem\\Filesystem), NULL)
#1 C:\\Users\\laity\\Desktop\\innosoft\\backend\\vendor\\laravel\\framework\\src\\Illuminate\\Container\\Container.php(908): Illuminate\\View\\ViewServiceProvider->Illuminate\\View\\{closure}(Object(Illuminate\\Foundation\\Application), Array)
#2 C:\\Users\\laity\\Desktop\\innosoft\\backend\\vendor\\laravel\\framework\\src\\Illuminate\\Container\\Container.php(795): Illuminate\\Container\\Container->build(Object(Closure))
#3 C:\\Users\\laity\\Desktop\\innosoft\\backend\\vendor\\laravel\\framework\\src\\Illuminate\\Foundation\\Application.php(986): Illuminate\\Container\\Container->resolve('view.finder', Array, true)
#4 C:\\Users\\laity\\Desktop\\innosoft\\backend\\vendor\\laravel\\framework\\src\\Illuminate\\Container\\Container.php(731): Illuminate\\Foundation\\Application->resolve('view.finder', Array)
#5 C:\\Users\\laity\\Desktop\\innosoft\\backend\\vendor\\laravel\\framework\\src\\Illuminate\\Foundation\\Application.php(971): Illuminate\\Container\\Container->make('view.finder', Array)
#6 C:\\Users\\laity\\Desktop\\innosoft\\backend\\vendor\\laravel\\framework\\src\\Illuminate\\Container\\Container.php(1454): Illuminate\\Foundation\\Application->make('view.finder')
#7 C:\\Users\\laity\\Desktop\\innosoft\\backend\\vendor\\laravel\\framework\\src\\Illuminate\\View\\ViewServiceProvider.php(45): Illuminate\\Container\\Container->offsetGet('view.finder')
#8 C:\\Users\\laity\\Desktop\\innosoft\\backend\\vendor\\laravel\\framework\\src\\Illuminate\\Container\\Container.php(908): Illuminate\\View\\ViewServiceProvider->Illuminate\\View\\{closure}(Object(Illuminate\\Foundation\\Application), Array)
#9 C:\\Users\\laity\\Desktop\\innosoft\\backend\\vendor\\laravel\\framework\\src\\Illuminate\\Container\\Container.php(795): Illuminate\\Container\\Container->build(Object(Closure))
#10 C:\\Users\\laity\\Desktop\\innosoft\\backend\\vendor\\laravel\\framework\\src\\Illuminate\\Foundation\\Application.php(986): Illuminate\\Container\\Container->resolve('view', Array, true)
#11 C:\\Users\\laity\\Desktop\\innosoft\\backend\\vendor\\laravel\\framework\\src\\Illuminate\\Container\\Container.php(731): Illuminate\\Foundation\\Application->resolve('view', Array)
#12 C:\\Users\\laity\\Desktop\\innosoft\\backend\\vendor\\laravel\\framework\\src\\Illuminate\\Foundation\\Application.php(971): Illuminate\\Container\\Container->make('view', Array)
#13 C:\\Users\\laity\\Desktop\\innosoft\\backend\\vendor\\laravel\\framework\\src\\Illuminate\\Foundation\\helpers.php(120): Illuminate\\Foundation\\Application->make('view', Array)
#14 Command line code(1): app('view')
#15 {main}
  thrown at C:\\Users\\laity\\Desktop\\innosoft\\backend\\vendor\\laravel\\framework\\src\\Illuminate\\View\\FileViewFinder.php:53)
[stacktrace]
#0 {main}
"} 
[2025-11-27 22:59:20] local.ERROR: Method Illuminate\Foundation\Console\ClosureCommand::hourly does not exist. {"exception":"[object] (BadMethodCallException(code: 0): Method Illuminate\\Foundation\\Console\\ClosureCommand::hourly does not exist. at C:\\Users\\laity\\Desktop\\innosoft\\backend\\vendor\\laravel\\framework\\src\\Illuminate\\Macroable\\Traits\\Macroable.php:112)
[stacktrace]
#0 C:\\Users\\laity\\Desktop\\innosoft\\backend\\routes\\console.php(8): Illuminate\\Console\\Command->__call('hourly', Array)
#1 C:\\Users\\laity\\Desktop\\innosoft\\backend\\app\\Console\\Kernel.php(25): require('C:\\\\Users\\\\laity\\\\...')
#2 C:\\Users\\laity\\Desktop\\innosoft\\backend\\vendor\\laravel\\framework\\src\\Illuminate\\Foundation\\Console\\Kernel.php(453): App\\Console\\Kernel->commands()
#3 C:\\Users\\laity\\Desktop\\innosoft\\backend\\vendor\\laravel\\framework\\src\\Illuminate\\Foundation\\Console\\Kernel.php(199): Illuminate\\Foundation\\Console\\Kernel->bootstrap()
#4 Command line code(1): Illuminate\\Foundation\\Console\\Kernel->handle(Object(Symfony\\Component\\Console\\Input\\ArgvInput), Object(Symfony\\Component\\Console\\Output\\ConsoleOutput))
#5 {main}
"} 
[2025-11-27 22:59:20] local.ERROR: Method Illuminate\Foundation\Console\ClosureCommand::hourly does not exist. {"exception":"[object] (BadMethodCallException(code: 0): Method Illuminate\\Foundation\\Console\\ClosureCommand::hourly does not exist. at C:\\Users\\laity\\Desktop\\innosoft\\backend\\vendor\\laravel\\framework\\src\\Illuminate\\Macroable\\Traits\\Macroable.php:112)
[stacktrace]
#0 C:\\Users\\laity\\Desktop\\innosoft\\backend\\routes\\console.php(8): Illuminate\\Console\\Command->__call('hourly', Array)
#1 C:\\Users\\laity\\Desktop\\innosoft\\backend\\app\\Console\\Kernel.php(25): require('C:\\\\Users\\\\laity\\\\...')
#2 C:\\Users\\laity\\Desktop\\innosoft\\backend\\vendor\\laravel\\framework\\src\\Illuminate\\Foundation\\Console\\Kernel.php(453): App\\Console\\Kernel->commands()
#3 C:\\Users\\laity\\Desktop\\innosoft\\backend\\vendor\\laravel\\framework\\src\\Illuminate\\Foundation\\Console\\Kernel.php(199): Illuminate\\Foundation\\Console\\Kernel->bootstrap()
#4 Command line code(1): Illuminate\\Foundation\\Console\\Kernel->handle(Object(Symfony\\Component\\Console\\Input\\ArgvInput), Object(Symfony\\Component\\Console\\Output\\ConsoleOutput))
#5 {main}
"} 
[2025-11-27 22:59:20] local.ERROR: Method Illuminate\Foundation\Console\ClosureCommand::hourly does not exist. {"exception":"[object] (BadMethodCallException(code: 0): Method Illuminate\\Foundation\\Console\\ClosureCommand::hourly does not exist. at C:\\Users\\laity\\Desktop\\innosoft\\backend\\vendor\\laravel\\framework\\src\\Illuminate\\Macroable\\Traits\\Macroable.php:112)
[stacktrace]
#0 C:\\Users\\laity\\Desktop\\innosoft\\backend\\routes\\console.php(8): Illuminate\\Console\\Command->__call('hourly', Array)
#1 C:\\Users\\laity\\Desktop\\innosoft\\backend\\app\\Console\\Kernel.php(25): require('C:\\\\Users\\\\laity\\\\...')
#2 C:\\Users\\laity\\Desktop\\innosoft\\backend\\vendor\\laravel\\framework\\src\\Illuminate\\Foundation\\Console\\Kernel.php(453): App\\Console\\Kernel->commands()
#3 C:\\Users\\laity\\Desktop\\innosoft\\backend\\vendor\\laravel\\framework\\src\\Illuminate\\Foundation\\Console\\Kernel.php(199): Illuminate\\Foundation\\Console\\Kernel->bootstrap()
#4 Command line code(1): Illuminate\\Foundation\\Console\\Kernel->handle(Object(Symfony\\Component\\Console\\Input\\ArgvInput), Object(Symfony\\Component\\Console\\Output\\ConsoleOutput))
#5 {main}
"} 
[2025-11-27 22:59:20] local.ERROR: Method Illuminate\Foundation\Console\ClosureCommand::hourly does not exist. {"exception":"[object] (BadMethodCallException(code: 0): Method Illuminate\\Foundation\\Console\\ClosureCommand::hourly does not exist. at C:\\Users\\laity\\Desktop\\innosoft\\backend\\vendor\\laravel\\framework\\src\\Illuminate\\Macroable\\Traits\\Macroable.php:112)
[stacktrace]
#0 C:\\Users\\laity\\Desktop\\innosoft\\backend\\routes\\console.php(8): Illuminate\\Console\\Command->__call('hourly', Array)
#1 C:\\Users\\laity\\Desktop\\innosoft\\backend\\app\\Console\\Kernel.php(25): require('C:\\\\Users\\\\laity\\\\...')
#2 C:\\Users\\laity\\Desktop\\innosoft\\backend\\vendor\\laravel\\framework\\src\\Illuminate\\Foundation\\Console\\Kernel.php(453): App\\Console\\Kernel->commands()
#3 C:\\Users\\laity\\Desktop\\innosoft\\backend\\vendor\\laravel\\framework\\src\\Illuminate\\Foundation\\Console\\Kernel.php(199): Illuminate\\Foundation\\Console\\Kernel->bootstrap()
#4 Command line code(1): Illuminate\\Foundation\\Console\\Kernel->handle(Object(Symfony\\Component\\Console\\Input\\ArgvInput), Object(Symfony\\Component\\Console\\Output\\ConsoleOutput))
#5 {main}
"} 
[2025-11-27 22:59:20] local.ERROR: Method Illuminate\Foundation\Console\ClosureCommand::hourly does not exist. {"exception":"[object] (BadMethodCallException(code: 0): Method Illuminate\\Foundation\\Console\\ClosureCommand::hourly does not exist. at C:\\Users\\laity\\Desktop\\innosoft\\backend\\vendor\\laravel\\framework\\src\\Illuminate\\Macroable\\Traits\\Macroable.php:112)
[stacktrace]
#0 C:\\Users\\laity\\Desktop\\innosoft\\backend\\routes\\console.php(8): Illuminate\\Console\\Command->__call('hourly', Array)
#1 C:\\Users\\laity\\Desktop\\innosoft\\backend\\app\\Console\\Kernel.php(25): require('C:\\\\Users\\\\laity\\\\...')
#2 C:\\Users\\laity\\Desktop\\innosoft\\backend\\vendor\\laravel\\framework\\src\\Illuminate\\Foundation\\Console\\Kernel.php(453): App\\Console\\Kernel->commands()
#3 C:\\Users\\laity\\Desktop\\innosoft\\backend\\vendor\\laravel\\framework\\src\\Illuminate\\Foundation\\Console\\Kernel.php(199): Illuminate\\Foundation\\Console\\Kernel->bootstrap()
#4 Command line code(1): Illuminate\\Foundation\\Console\\Kernel->handle(Object(Symfony\\Component\\Console\\Input\\ArgvInput), Object(Symfony\\Component\\Console\\Output\\ConsoleOutput))
#5 {main}
"} 
[2025-11-27 22:59:20] local.ERROR: Method Illuminate\Foundation\Console\ClosureCommand::hourly does not exist. {"exception":"[object] (BadMethodCallException(code: 0): Method Illuminate\\Foundation\\Console\\ClosureCommand::hourly does not exist. at C:\\Users\\laity\\Desktop\\innosoft\\backend\\vendor\\laravel\\framework\\src\\Illuminate\\Macroable\\Traits\\Macroable.php:112)
[stacktrace]
#0 C:\\Users\\laity\\Desktop\\innosoft\\backend\\routes\\console.php(8): Illuminate\\Console\\Command->__call('hourly', Array)
#1 C:\\Users\\laity\\Desktop\\innosoft\\backend\\app\\Console\\Kernel.php(25): require('C:\\\\Users\\\\laity\\\\...')
#2 C:\\Users\\laity\\Desktop\\innosoft\\backend\\vendor\\laravel\\framework\\src\\Illuminate\\Foundation\\Console\\Kernel.php(453): App\\Console\\Kernel->commands()
#3 C:\\Users\\laity\\Desktop\\innosoft\\backend\\vendor\\laravel\\framework\\src\\Illuminate\\Foundation\\Console\\Kernel.php(199): Illuminate\\Foundation\\Console\\Kernel->bootstrap()
#4 Command line code(1): Illuminate\\Foundation\\Console\\Kernel->handle(Object(Symfony\\Component\\Console\\Input\\ArgvInput), Object(Symfony\\Component\\Console\\Output\\ConsoleOutput))
#5 {main}
"} 
[2025-11-27 22:59:20] local.ERROR: Method Illuminate\Foundation\Console\ClosureCommand::hourly does not exist. {"exception":"[object] (BadMethodCallException(code: 0): Method Illuminate\\Foundation\\Console\\ClosureCommand::hourly does not exist. at C:\\Users\\laity\\Desktop\\innosoft\\backend\\vendor\\laravel\\framework\\src\\Illuminate\\Macroable\\Traits\\Macroable.php:112)
[stacktrace]
#0 C:\\Users\\laity\\Desktop\\innosoft\\backend\\routes\\console.php(8): Illuminate\\Console\\Command->__call('hourly', Array)
#1 C:\\Users\\laity\\Desktop\\innosoft\\backend\\app\\Console\\Kernel.php(25): require('C:\\\\Users\\\\laity\\\\...')
#2 C:\\Users\\laity\\Desktop\\innosoft\\backend\\vendor\\laravel\\framework\\src\\Illuminate\\Foundation\\Console\\Kernel.php(453): App\\Console\\Kernel->commands()
#3 C:\\Users\\laity\\Desktop\\innosoft\\backend\\vendor\\laravel\\framework\\src\\Illuminate\\Foundation\\Console\\Kernel.php(199): Illuminate\\Foundation\\Console\\Kernel->bootstrap()
#4 Command line code(1): Illuminate\\Foundation\\Console\\Kernel->handle(Object(Symfony\\Component\\Console\\Input\\ArgvInput), Object(Symfony\\Component\\Console\\Output\\ConsoleOutput))
#5 {main}
"} 
[2025-11-27 22:59:21] local.ERROR: Method Illuminate\Foundation\Console\ClosureCommand::hourly does not exist. {"exception":"[object] (BadMethodCallException(code: 0): Method Illuminate\\Foundation\\Console\\ClosureCommand::hourly does not exist. at C:\\Users\\laity\\Desktop\\innosoft\\backend\\vendor\\laravel\\framework\\src\\Illuminate\\Macroable\\Traits\\Macroable.php:112)
[stacktrace]
#0 C:\\Users\\laity\\Desktop\\innosoft\\backend\\routes\\console.php(8): Illuminate\\Console\\Command->__call('hourly', Array)
#1 C:\\Users\\laity\\Desktop\\innosoft\\backend\\app\\Console\\Kernel.php(25): require('C:\\\\Users\\\\laity\\\\...')
#2 C:\\Users\\laity\\Desktop\\innosoft\\backend\\vendor\\laravel\\framework\\src\\Illuminate\\Foundation\\Console\\Kernel.php(453): App\\Console\\Kernel->commands()
#3 C:\\Users\\laity\\Desktop\\innosoft\\backend\\vendor\\laravel\\framework\\src\\Illuminate\\Foundation\\Console\\Kernel.php(199): Illuminate\\Foundation\\Console\\Kernel->bootstrap()
#4 Command line code(1): Illuminate\\Foundation\\Console\\Kernel->handle(Object(Symfony\\Component\\Console\\Input\\ArgvInput), Object(Symfony\\Component\\Console\\Output\\ConsoleOutput))
#5 {main}
"} 
[2025-11-27 22:59:21] local.ERROR: Method Illuminate\Foundation\Console\ClosureCommand::hourly does not exist. {"exception":"[object] (BadMethodCallException(code: 0): Method Illuminate\\Foundation\\Console\\ClosureCommand::hourly does not exist. at C:\\Users\\laity\\Desktop\\innosoft\\backend\\vendor\\laravel\\framework\\src\\Illuminate\\Macroable\\Traits\\Macroable.php:112)
[stacktrace]
#0 C:\\Users\\laity\\Desktop\\innosoft\\backend\\routes\\console.php(8): Illuminate\\Console\\Command->__call('hourly', Array)
#1 C:\\Users\\laity\\Desktop\\innosoft\\backend\\app\\Console\\Kernel.php(25): require('C:\\\\Users\\\\laity\\\\...')
#2 C:\\Users\\laity\\Desktop\\innosoft\\backend\\vendor\\laravel\\framework\\src\\Illuminate\\Foundation\\Console\\Kernel.php(453): App\\Console\\Kernel->commands()
#3 C:\\Users\\laity\\Desktop\\innosoft\\backend\\vendor\\laravel\\framework\\src\\Illuminate\\Foundation\\Console\\Kernel.php(199): Illuminate\\Foundation\\Console\\Kernel->bootstrap()
#4 Command line code(1): Illuminate\\Foundation\\Console\\Kernel->handle(Object(Symfony\\Component\\Console\\Input\\ArgvInput), Object(Symfony\\Component\\Console\\Output\\ConsoleOutput))
#5 {main}
"} 
[2025-11-27 23:00:19] local.ERROR: Method Illuminate\Foundation\Console\ClosureCommand::hourly does not exist. {"exception":"[object] (BadMethodCallException(code: 0): Method Illuminate\\Foundation\\Console\\ClosureCommand::hourly does not exist. at C:\\Users\\laity\\Desktop\\innosoft\\backend\\vendor\\laravel\\framework\\src\\Illuminate\\Macroable\\Traits\\Macroable.php:112)
[stacktrace]
#0 C:\\Users\\laity\\Desktop\\innosoft\\backend\\routes\\console.php(8): Illuminate\\Console\\Command->__call('hourly', Array)
#1 C:\\Users\\laity\\Desktop\\innosoft\\backend\\app\\Console\\Kernel.php(25): require('C:\\\\Users\\\\laity\\\\...')
#2 C:\\Users\\laity\\Desktop\\innosoft\\backend\\vendor\\laravel\\framework\\src\\Illuminate\\Foundation\\Console\\Kernel.php(453): App\\Console\\Kernel->commands()
#3 C:\\Users\\laity\\Desktop\\innosoft\\backend\\vendor\\laravel\\framework\\src\\Illuminate\\Foundation\\Console\\Kernel.php(199): Illuminate\\Foundation\\Console\\Kernel->bootstrap()
#4 Command line code(1): Illuminate\\Foundation\\Console\\Kernel->handle(Object(Symfony\\Component\\Console\\Input\\ArgvInput), Object(Symfony\\Component\\Console\\Output\\ConsoleOutput))
#5 {main}
"} 
[2025-11-27 23:00:19] local.ERROR: Method Illuminate\Foundation\Console\ClosureCommand::hourly does not exist. {"exception":"[object] (BadMethodCallException(code: 0): Method Illuminate\\Foundation\\Console\\ClosureCommand::hourly does not exist. at C:\\Users\\laity\\Desktop\\innosoft\\backend\\vendor\\laravel\\framework\\src\\Illuminate\\Macroable\\Traits\\Macroable.php:112)
[stacktrace]
#0 C:\\Users\\laity\\Desktop\\innosoft\\backend\\routes\\console.php(8): Illuminate\\Console\\Command->__call('hourly', Array)
#1 C:\\Users\\laity\\Desktop\\innosoft\\backend\\app\\Console\\Kernel.php(25): require('C:\\\\Users\\\\laity\\\\...')
#2 C:\\Users\\laity\\Desktop\\innosoft\\backend\\vendor\\laravel\\framework\\src\\Illuminate\\Foundation\\Console\\Kernel.php(453): App\\Console\\Kernel->commands()
#3 C:\\Users\\laity\\Desktop\\innosoft\\backend\\vendor\\laravel\\framework\\src\\Illuminate\\Foundation\\Console\\Kernel.php(199): Illuminate\\Foundation\\Console\\Kernel->bootstrap()
#4 Command line code(1): Illuminate\\Foundation\\Console\\Kernel->handle(Object(Symfony\\Component\\Console\\Input\\ArgvInput), Object(Symfony\\Component\\Console\\Output\\ConsoleOutput))
#5 {main}
"} 
[2025-11-27 23:04:44] local.ERROR: Uncaught InvalidArgumentException: Please provide a valid cache path. in C:\Users\laity\Desktop\innosoft\backend\vendor\laravel\framework\src\Illuminate\View\Compilers\Compiler.php:67
Stack trace:
#0 C:\Users\laity\Desktop\innosoft\backend\vendor\laravel\framework\src\Illuminate\View\ViewServiceProvider.php(97): Illuminate\View\Compilers\Compiler->__construct(Object(Illuminate\Filesystem\Filesystem), NULL, '', true, 'php')
#1 C:\Users\laity\Desktop\innosoft\backend\vendor\laravel\framework\src\Illuminate\Container\Container.php(908): Illuminate\View\ViewServiceProvider->Illuminate\View\{closure}(Object(Illuminate\Foundation\Application), Array)
#2 C:\Users\laity\Desktop\innosoft\backend\vendor\laravel\framework\src\Illuminate\Container\Container.php(795): Illuminate\Container\Container->build(Object(Closure))
#3 C:\Users\laity\Desktop\innosoft\backend\vendor\laravel\framework\src\Illuminate\Foundation\Application.php(986): Illuminate\Container\Container->resolve('blade.compiler', Array, true)
#4 C:\Users\laity\Desktop\innosoft\backend\vendor\laravel\framework\src\Illuminate\Container\Container.php(731): Illuminate\Foundation\Application->resolve('blade.compiler', Array)
#5 C:\Users\laity\Desktop\innosoft\backend\vendor\laravel\framework\src\Illuminate\Foundation\Application.php(971): Illuminate\Container\Container->make('blade.compiler', Array)
#6 C:\Users\laity\Desktop\innosoft\backend\vendor\laravel\framework\src\Illuminate\Foundation\helpers.php(120): Illuminate\Foundation\Application->make('blade.compiler', Array)
#7 Command line code(1): app('Illuminate\\View...')
#8 {main}
  thrown {"exception":"[object] (Symfony\\Component\\ErrorHandler\\Error\\FatalError(code: 0): Uncaught InvalidArgumentException: Please provide a valid cache path. in C:\\Users\\laity\\Desktop\\innosoft\\backend\\vendor\\laravel\\framework\\src\\Illuminate\\View\\Compilers\\Compiler.php:67
Stack trace:
#0 C:\\Users\\laity\\Desktop\\innosoft\\backend\\vendor\\laravel\\framework\\src\\Illuminate\\View\\ViewServiceProvider.php(97): Illuminate\\View\\Compilers\\Compiler->__construct(Object(Illuminate\\Filesystem\\Filesystem), NULL, '', true, 'php')
#1 C:\\Users\\laity\\Desktop\\innosoft\\backend\\vendor\\laravel\\framework\\src\\Illuminate\\Container\\Container.php(908): Illuminate\\View\\ViewServiceProvider->Illuminate\\View\\{closure}(Object(Illuminate\\Foundation\\Application), Array)
#2 C:\\Users\\laity\\Desktop\\innosoft\\backend\\vendor\\laravel\\framework\\src\\Illuminate\\Container\\Container.php(795): Illuminate\\Container\\Container->build(Object(Closure))
#3 C:\\Users\\laity\\Desktop\\innosoft\\backend\\vendor\\laravel\\framework\\src\\Illuminate\\Foundation\\Application.php(986): Illuminate\\Container\\Container->resolve('blade.compiler', Array, true)
#4 C:\\Users\\laity\\Desktop\\innosoft\\backend\\vendor\\laravel\\framework\\src\\Illuminate\\Container\\Container.php(731): Illuminate\\Foundation\\Application->resolve('blade.compiler', Array)
#5 C:\\Users\\laity\\Desktop\\innosoft\\backend\\vendor\\laravel\\framework\\src\\Illuminate\\Foundation\\Application.php(971): Illuminate\\Container\\Container->make('blade.compiler', Array)
#6 C:\\Users\\laity\\Desktop\\innosoft\\backend\\vendor\\laravel\\framework\\src\\Illuminate\\Foundation\\helpers.php(120): Illuminate\\Foundation\\Application->make('blade.compiler', Array)
#7 Command line code(1): app('Illuminate\\\\View...')
#8 {main}
  thrown at C:\\Users\\laity\\Desktop\\innosoft\\backend\\vendor\\laravel\\framework\\src\\Illuminate\\View\\Compilers\\Compiler.php:67)
[stacktrace]
#0 {main}
"} 
[2025-11-27 23:09:19] local.ERROR: Uncaught InvalidArgumentException: Please provide a valid cache path. in C:\Users\laity\Desktop\innosoft\backend\vendor\laravel\framework\src\Illuminate\View\Compilers\Compiler.php:67
Stack trace:
#0 C:\Users\laity\Desktop\innosoft\backend\vendor\laravel\framework\src\Illuminate\View\ViewServiceProvider.php(97): Illuminate\View\Compilers\Compiler->__construct(Object(Illuminate\Filesystem\Filesystem), NULL, '', true, 'php')
#1 C:\Users\laity\Desktop\innosoft\backend\vendor\laravel\framework\src\Illuminate\Container\Container.php(908): Illuminate\View\ViewServiceProvider->Illuminate\View\{closure}(Object(Illuminate\Foundation\Application), Array)
#2 C:\Users\laity\Desktop\innosoft\backend\vendor\laravel\framework\src\Illuminate\Container\Container.php(795): Illuminate\Container\Container->build(Object(Closure))
#3 C:\Users\laity\Desktop\innosoft\backend\vendor\laravel\framework\src\Illuminate\Foundation\Application.php(986): Illuminate\Container\Container->resolve('blade.compiler', Array, true)
#4 C:\Users\laity\Desktop\innosoft\backend\vendor\laravel\framework\src\Illuminate\Container\Container.php(731): Illuminate\Foundation\Application->resolve('blade.compiler', Array)
#5 C:\Users\laity\Desktop\innosoft\backend\vendor\laravel\framework\src\Illuminate\Foundation\Application.php(971): Illuminate\Container\Container->make('blade.compiler', Array)
#6 C:\Users\laity\Desktop\innosoft\backend\vendor\laravel\framework\src\Illuminate\Foundation\helpers.php(120): Illuminate\Foundation\Application->make('blade.compiler', Array)
#7 Command line code(1): app('Illuminate\\View...')
#8 {main}
  thrown {"exception":"[object] (Symfony\\Component\\ErrorHandler\\Error\\FatalError(code: 0): Uncaught InvalidArgumentException: Please provide a valid cache path. in C:\\Users\\laity\\Desktop\\innosoft\\backend\\vendor\\laravel\\framework\\src\\Illuminate\\View\\Compilers\\Compiler.php:67
Stack trace:
#0 C:\\Users\\laity\\Desktop\\innosoft\\backend\\vendor\\laravel\\framework\\src\\Illuminate\\View\\ViewServiceProvider.php(97): Illuminate\\View\\Compilers\\Compiler->__construct(Object(Illuminate\\Filesystem\\Filesystem), NULL, '', true, 'php')
#1 C:\\Users\\laity\\Desktop\\innosoft\\backend\\vendor\\laravel\\framework\\src\\Illuminate\\Container\\Container.php(908): Illuminate\\View\\ViewServiceProvider->Illuminate\\View\\{closure}(Object(Illuminate\\Foundation\\Application), Array)
#2 C:\\Users\\laity\\Desktop\\innosoft\\backend\\vendor\\laravel\\framework\\src\\Illuminate\\Container\\Container.php(795): Illuminate\\Container\\Container->build(Object(Closure))
#3 C:\\Users\\laity\\Desktop\\innosoft\\backend\\vendor\\laravel\\framework\\src\\Illuminate\\Foundation\\Application.php(986): Illuminate\\Container\\Container->resolve('blade.compiler', Array, true)
#4 C:\\Users\\laity\\Desktop\\innosoft\\backend\\vendor\\laravel\\framework\\src\\Illuminate\\Container\\Container.php(731): Illuminate\\Foundation\\Application->resolve('blade.compiler', Array)
#5 C:\\Users\\laity\\Desktop\\innosoft\\backend\\vendor\\laravel\\framework\\src\\Illuminate\\Foundation\\Application.php(971): Illuminate\\Container\\Container->make('blade.compiler', Array)
#6 C:\\Users\\laity\\Desktop\\innosoft\\backend\\vendor\\laravel\\framework\\src\\Illuminate\\Foundation\\helpers.php(120): Illuminate\\Foundation\\Application->make('blade.compiler', Array)
#7 Command line code(1): app('Illuminate\\\\View...')
#8 {main}
  thrown at C:\\Users\\laity\\Desktop\\innosoft\\backend\\vendor\\laravel\\framework\\src\\Illuminate\\View\\Compilers\\Compiler.php:67)
[stacktrace]
#0 {main}
"} 
[2025-11-27 23:14:44] local.ERROR: Uncaught InvalidArgumentException: Please provide a valid cache path. in C:\Users\laity\Desktop\innosoft\backend\vendor\laravel\framework\src\Illuminate\View\Compilers\Compiler.php:67
Stack trace:
#0 C:\Users\laity\Desktop\innosoft\backend\vendor\laravel\framework\src\Illuminate\View\ViewServiceProvider.php(97): Illuminate\View\Compilers\Compiler->__construct(Object(Illuminate\Filesystem\Filesystem), NULL, '', true, 'php')
#1 C:\Users\laity\Desktop\innosoft\backend\vendor\laravel\framework\src\Illuminate\Container\Container.php(908): Illuminate\View\ViewServiceProvider->Illuminate\View\{closure}(Object(Illuminate\Foundation\Application), Array)
#2 C:\Users\laity\Desktop\innosoft\backend\vendor\laravel\framework\src\Illuminate\Container\Container.php(795): Illuminate\Container\Container->build(Object(Closure))
#3 C:\Users\laity\Desktop\innosoft\backend\vendor\laravel\framework\src\Illuminate\Foundation\Application.php(986): Illuminate\Container\Container->resolve('blade.compiler', Array, true)
#4 C:\Users\laity\Desktop\innosoft\backend\vendor\laravel\framework\src\Illuminate\Container\Container.php(731): Illuminate\Foundation\Application->resolve('blade.compiler', Array)
#5 C:\Users\laity\Desktop\innosoft\backend\vendor\laravel\framework\src\Illuminate\Foundation\Application.php(971): Illuminate\Container\Container->make('blade.compiler', Array)
#6 C:\Users\laity\Desktop\innosoft\backend\vendor\laravel\framework\src\Illuminate\Foundation\helpers.php(120): Illuminate\Foundation\Application->make('blade.compiler', Array)
#7 Command line code(1): app('Illuminate\\View...')
#8 {main}
  thrown {"exception":"[object] (Symfony\\Component\\ErrorHandler\\Error\\FatalError(code: 0): Uncaught InvalidArgumentException: Please provide a valid cache path. in C:\\Users\\laity\\Desktop\\innosoft\\backend\\vendor\\laravel\\framework\\src\\Illuminate\\View\\Compilers\\Compiler.php:67
Stack trace:
#0 C:\\Users\\laity\\Desktop\\innosoft\\backend\\vendor\\laravel\\framework\\src\\Illuminate\\View\\ViewServiceProvider.php(97): Illuminate\\View\\Compilers\\Compiler->__construct(Object(Illuminate\\Filesystem\\Filesystem), NULL, '', true, 'php')
#1 C:\\Users\\laity\\Desktop\\innosoft\\backend\\vendor\\laravel\\framework\\src\\Illuminate\\Container\\Container.php(908): Illuminate\\View\\ViewServiceProvider->Illuminate\\View\\{closure}(Object(Illuminate\\Foundation\\Application), Array)
#2 C:\\Users\\laity\\Desktop\\innosoft\\backend\\vendor\\laravel\\framework\\src\\Illuminate\\Container\\Container.php(795): Illuminate\\Container\\Container->build(Object(Closure))
#3 C:\\Users\\laity\\Desktop\\innosoft\\backend\\vendor\\laravel\\framework\\src\\Illuminate\\Foundation\\Application.php(986): Illuminate\\Container\\Container->resolve('blade.compiler', Array, true)
#4 C:\\Users\\laity\\Desktop\\innosoft\\backend\\vendor\\laravel\\framework\\src\\Illuminate\\Container\\Container.php(731): Illuminate\\Foundation\\Application->resolve('blade.compiler', Array)
#5 C:\\Users\\laity\\Desktop\\innosoft\\backend\\vendor\\laravel\\framework\\src\\Illuminate\\Foundation\\Application.php(971): Illuminate\\Container\\Container->make('blade.compiler', Array)
#6 C:\\Users\\laity\\Desktop\\innosoft\\backend\\vendor\\laravel\\framework\\src\\Illuminate\\Foundation\\helpers.php(120): Illuminate\\Foundation\\Application->make('blade.compiler', Array)
#7 Command line code(1): app('Illuminate\\\\View...')
#8 {main}
  thrown at C:\\Users\\laity\\Desktop\\innosoft\\backend\\vendor\\laravel\\framework\\src\\Illuminate\\View\\Compilers\\Compiler.php:67)
[stacktrace]
#0 {main}
"} 
[2025-11-27 23:18:10] local.ERROR: Uncaught TypeError: Illuminate\View\FileViewFinder::__construct(): Argument #2 ($paths) must be of type array, null given, called in C:\Users\laity\Desktop\innosoft\backend\vendor\laravel\framework\src\Illuminate\View\ViewServiceProvider.php on line 85 and defined in C:\Users\laity\Desktop\innosoft\backend\vendor\laravel\framework\src\Illuminate\View\FileViewFinder.php:53
Stack trace:
#0 C:\Users\laity\Desktop\innosoft\backend\vendor\laravel\framework\src\Illuminate\View\ViewServiceProvider.php(85): Illuminate\View\FileViewFinder->__construct(Object(Illuminate\Filesystem\Filesystem), NULL)
#1 C:\Users\laity\Desktop\innosoft\backend\vendor\laravel\framework\src\Illuminate\Container\Container.php(908): Illuminate\View\ViewServiceProvider->Illuminate\View\{closure}(Object(Illuminate\Foundation\Application), Array)
#2 C:\Users\laity\Desktop\innosoft\backend\vendor\laravel\framework\src\Illuminate\Container\Container.php(795): Illuminate\Container\Container->build(Object(Closure))
#3 C:\Users\laity\Desktop\innosoft\backend\vendor\laravel\framework\src\Illuminate\Foundation\Application.php(986): Illuminate\Container\Container->resolve('view.finder', Array, true)
#4 C:\Users\laity\Desktop\innosoft\backend\vendor\laravel\framework\src\Illuminate\Container\Container.php(731): Illuminate\Foundation\Application->resolve('view.finder', Array)
#5 C:\Users\laity\Desktop\innosoft\backend\vendor\laravel\framework\src\Illuminate\Foundation\Application.php(971): Illuminate\Container\Container->make('view.finder', Array)
#6 C:\Users\laity\Desktop\innosoft\backend\vendor\laravel\framework\src\Illuminate\Container\Container.php(1454): Illuminate\Foundation\Application->make('view.finder')
#7 C:\Users\laity\Desktop\innosoft\backend\vendor\laravel\framework\src\Illuminate\View\ViewServiceProvider.php(45): Illuminate\Container\Container->offsetGet('view.finder')
#8 C:\Users\laity\Desktop\innosoft\backend\vendor\laravel\framework\src\Illuminate\Container\Container.php(908): Illuminate\View\ViewServiceProvider->Illuminate\View\{closure}(Object(Illuminate\Foundation\Application), Array)
#9 C:\Users\laity\Desktop\innosoft\backend\vendor\laravel\framework\src\Illuminate\Container\Container.php(795): Illuminate\Container\Container->build(Object(Closure))
#10 C:\Users\laity\Desktop\innosoft\backend\vendor\laravel\framework\src\Illuminate\Foundation\Application.php(986): Illuminate\Container\Container->resolve('view', Array, true)
#11 C:\Users\laity\Desktop\innosoft\backend\vendor\laravel\framework\src\Illuminate\Container\Container.php(731): Illuminate\Foundation\Application->resolve('view', Array)
#12 C:\Users\laity\Desktop\innosoft\backend\vendor\laravel\framework\src\Illuminate\Foundation\Application.php(971): Illuminate\Container\Container->make('view', Array)
#13 C:\Users\laity\Desktop\innosoft\backend\vendor\laravel\framework\src\Illuminate\Foundation\helpers.php(120): Illuminate\Foundation\Application->make('view', Array)
#14 Command line code(1): app('view')
#15 {main}
  thrown {"exception":"[object] (Symfony\\Component\\ErrorHandler\\Error\\FatalError(code: 0): Uncaught TypeError: Illuminate\\View\\FileViewFinder::__construct(): Argument #2 ($paths) must be of type array, null given, called in C:\\Users\\laity\\Desktop\\innosoft\\backend\\vendor\\laravel\\framework\\src\\Illuminate\\View\\ViewServiceProvider.php on line 85 and defined in C:\\Users\\laity\\Desktop\\innosoft\\backend\\vendor\\laravel\\framework\\src\\Illuminate\\View\\FileViewFinder.php:53
Stack trace:
#0 C:\\Users\\laity\\Desktop\\innosoft\\backend\\vendor\\laravel\\framework\\src\\Illuminate\\View\\ViewServiceProvider.php(85): Illuminate\\View\\FileViewFinder->__construct(Object(Illuminate\\Filesystem\\Filesystem), NULL)
#1 C:\\Users\\laity\\Desktop\\innosoft\\backend\\vendor\\laravel\\framework\\src\\Illuminate\\Container\\Container.php(908): Illuminate\\View\\ViewServiceProvider->Illuminate\\View\\{closure}(Object(Illuminate\\Foundation\\Application), Array)
#2 C:\\Users\\laity\\Desktop\\innosoft\\backend\\vendor\\laravel\\framework\\src\\Illuminate\\Container\\Container.php(795): Illuminate\\Container\\Container->build(Object(Closure))
#3 C:\\Users\\laity\\Desktop\\innosoft\\backend\\vendor\\laravel\\framework\\src\\Illuminate\\Foundation\\Application.php(986): Illuminate\\Container\\Container->resolve('view.finder', Array, true)
#4 C:\\Users\\laity\\Desktop\\innosoft\\backend\\vendor\\laravel\\framework\\src\\Illuminate\\Container\\Container.php(731): Illuminate\\Foundation\\Application->resolve('view.finder', Array)
#5 C:\\Users\\laity\\Desktop\\innosoft\\backend\\vendor\\laravel\\framework\\src\\Illuminate\\Foundation\\Application.php(971): Illuminate\\Container\\Container->make('view.finder', Array)
#6 C:\\Users\\laity\\Desktop\\innosoft\\backend\\vendor\\laravel\\framework\\src\\Illuminate\\Container\\Container.php(1454): Illuminate\\Foundation\\Application->make('view.finder')
#7 C:\\Users\\laity\\Desktop\\innosoft\\backend\\vendor\\laravel\\framework\\src\\Illuminate\\View\\ViewServiceProvider.php(45): Illuminate\\Container\\Container->offsetGet('view.finder')
#8 C:\\Users\\laity\\Desktop\\innosoft\\backend\\vendor\\laravel\\framework\\src\\Illuminate\\Container\\Container.php(908): Illuminate\\View\\ViewServiceProvider->Illuminate\\View\\{closure}(Object(Illuminate\\Foundation\\Application), Array)
#9 C:\\Users\\laity\\Desktop\\innosoft\\backend\\vendor\\laravel\\framework\\src\\Illuminate\\Container\\Container.php(795): Illuminate\\Container\\Container->build(Object(Closure))
#10 C:\\Users\\laity\\Desktop\\innosoft\\backend\\vendor\\laravel\\framework\\src\\Illuminate\\Foundation\\Application.php(986): Illuminate\\Container\\Container->resolve('view', Array, true)
#11 C:\\Users\\laity\\Desktop\\innosoft\\backend\\vendor\\laravel\\framework\\src\\Illuminate\\Container\\Container.php(731): Illuminate\\Foundation\\Application->resolve('view', Array)
#12 C:\\Users\\laity\\Desktop\\innosoft\\backend\\vendor\\laravel\\framework\\src\\Illuminate\\Foundation\\Application.php(971): Illuminate\\Container\\Container->make('view', Array)
#13 C:\\Users\\laity\\Desktop\\innosoft\\backend\\vendor\\laravel\\framework\\src\\Illuminate\\Foundation\\helpers.php(120): Illuminate\\Foundation\\Application->make('view', Array)
#14 Command line code(1): app('view')
#15 {main}
  thrown at C:\\Users\\laity\\Desktop\\innosoft\\backend\\vendor\\laravel\\framework\\src\\Illuminate\\View\\FileViewFinder.php:53)
[stacktrace]
#0 {main}
"} 
[2025-11-27 23:19:20] local.ERROR: Uncaught InvalidArgumentException: Please provide a valid cache path. in C:\Users\laity\Desktop\innosoft\backend\vendor\laravel\framework\src\Illuminate\View\Compilers\Compiler.php:67
Stack trace:
#0 C:\Users\laity\Desktop\innosoft\backend\vendor\laravel\framework\src\Illuminate\View\ViewServiceProvider.php(97): Illuminate\View\Compilers\Compiler->__construct(Object(Illuminate\Filesystem\Filesystem), NULL, '', true, 'php')
#1 C:\Users\laity\Desktop\innosoft\backend\vendor\laravel\framework\src\Illuminate\Container\Container.php(908): Illuminate\View\ViewServiceProvider->Illuminate\View\{closure}(Object(Illuminate\Foundation\Application), Array)
#2 C:\Users\laity\Desktop\innosoft\backend\vendor\laravel\framework\src\Illuminate\Container\Container.php(795): Illuminate\Container\Container->build(Object(Closure))
#3 C:\Users\laity\Desktop\innosoft\backend\vendor\laravel\framework\src\Illuminate\Foundation\Application.php(986): Illuminate\Container\Container->resolve('blade.compiler', Array, true)
#4 C:\Users\laity\Desktop\innosoft\backend\vendor\laravel\framework\src\Illuminate\Container\Container.php(731): Illuminate\Foundation\Application->resolve('blade.compiler', Array)
#5 C:\Users\laity\Desktop\innosoft\backend\vendor\laravel\framework\src\Illuminate\Foundation\Application.php(971): Illuminate\Container\Container->make('blade.compiler', Array)
#6 C:\Users\laity\Desktop\innosoft\backend\vendor\laravel\framework\src\Illuminate\Foundation\helpers.php(120): Illuminate\Foundation\Application->make('blade.compiler', Array)
#7 Command line code(1): app('Illuminate\\View...')
#8 {main}
  thrown {"exception":"[object] (Symfony\\Component\\ErrorHandler\\Error\\FatalError(code: 0): Uncaught InvalidArgumentException: Please provide a valid cache path. in C:\\Users\\laity\\Desktop\\innosoft\\backend\\vendor\\laravel\\framework\\src\\Illuminate\\View\\Compilers\\Compiler.php:67
Stack trace:
#0 C:\\Users\\laity\\Desktop\\innosoft\\backend\\vendor\\laravel\\framework\\src\\Illuminate\\View\\ViewServiceProvider.php(97): Illuminate\\View\\Compilers\\Compiler->__construct(Object(Illuminate\\Filesystem\\Filesystem), NULL, '', true, 'php')
#1 C:\\Users\\laity\\Desktop\\innosoft\\backend\\vendor\\laravel\\framework\\src\\Illuminate\\Container\\Container.php(908): Illuminate\\View\\ViewServiceProvider->Illuminate\\View\\{closure}(Object(Illuminate\\Foundation\\Application), Array)
#2 C:\\Users\\laity\\Desktop\\innosoft\\backend\\vendor\\laravel\\framework\\src\\Illuminate\\Container\\Container.php(795): Illuminate\\Container\\Container->build(Object(Closure))
#3 C:\\Users\\laity\\Desktop\\innosoft\\backend\\vendor\\laravel\\framework\\src\\Illuminate\\Foundation\\Application.php(986): Illuminate\\Container\\Container->resolve('blade.compiler', Array, true)
#4 C:\\Users\\laity\\Desktop\\innosoft\\backend\\vendor\\laravel\\framework\\src\\Illuminate\\Container\\Container.php(731): Illuminate\\Foundation\\Application->resolve('blade.compiler', Array)
#5 C:\\Users\\laity\\Desktop\\innosoft\\backend\\vendor\\laravel\\framework\\src\\Illuminate\\Foundation\\Application.php(971): Illuminate\\Container\\Container->make('blade.compiler', Array)
#6 C:\\Users\\laity\\Desktop\\innosoft\\backend\\vendor\\laravel\\framework\\src\\Illuminate\\Foundation\\helpers.php(120): Illuminate\\Foundation\\Application->make('blade.compiler', Array)
#7 Command line code(1): app('Illuminate\\\\View...')
#8 {main}
  thrown at C:\\Users\\laity\\Desktop\\innosoft\\backend\\vendor\\laravel\\framework\\src\\Illuminate\\View\\Compilers\\Compiler.php:67)
[stacktrace]
#0 {main}
"} 
[2025-11-27 23:24:44] local.ERROR: Uncaught InvalidArgumentException: Please provide a valid cache path. in C:\Users\laity\Desktop\innosoft\backend\vendor\laravel\framework\src\Illuminate\View\Compilers\Compiler.php:67
Stack trace:
#0 C:\Users\laity\Desktop\innosoft\backend\vendor\laravel\framework\src\Illuminate\View\ViewServiceProvider.php(97): Illuminate\View\Compilers\Compiler->__construct(Object(Illuminate\Filesystem\Filesystem), NULL, '', true, 'php')
#1 C:\Users\laity\Desktop\innosoft\backend\vendor\laravel\framework\src\Illuminate\Container\Container.php(908): Illuminate\View\ViewServiceProvider->Illuminate\View\{closure}(Object(Illuminate\Foundation\Application), Array)
#2 C:\Users\laity\Desktop\innosoft\backend\vendor\laravel\framework\src\Illuminate\Container\Container.php(795): Illuminate\Container\Container->build(Object(Closure))
#3 C:\Users\laity\Desktop\innosoft\backend\vendor\laravel\framework\src\Illuminate\Foundation\Application.php(986): Illuminate\Container\Container->resolve('blade.compiler', Array, true)
#4 C:\Users\laity\Desktop\innosoft\backend\vendor\laravel\framework\src\Illuminate\Container\Container.php(731): Illuminate\Foundation\Application->resolve('blade.compiler', Array)
#5 C:\Users\laity\Desktop\innosoft\backend\vendor\laravel\framework\src\Illuminate\Foundation\Application.php(971): Illuminate\Container\Container->make('blade.compiler', Array)
#6 C:\Users\laity\Desktop\innosoft\backend\vendor\laravel\framework\src\Illuminate\Foundation\helpers.php(120): Illuminate\Foundation\Application->make('blade.compiler', Array)
#7 Command line code(1): app('Illuminate\\View...')
#8 {main}
  thrown {"exception":"[object] (Symfony\\Component\\ErrorHandler\\Error\\FatalError(code: 0): Uncaught InvalidArgumentException: Please provide a valid cache path. in C:\\Users\\laity\\Desktop\\innosoft\\backend\\vendor\\laravel\\framework\\src\\Illuminate\\View\\Compilers\\Compiler.php:67
Stack trace:
#0 C:\\Users\\laity\\Desktop\\innosoft\\backend\\vendor\\laravel\\framework\\src\\Illuminate\\View\\ViewServiceProvider.php(97): Illuminate\\View\\Compilers\\Compiler->__construct(Object(Illuminate\\Filesystem\\Filesystem), NULL, '', true, 'php')
#1 C:\\Users\\laity\\Desktop\\innosoft\\backend\\vendor\\laravel\\framework\\src\\Illuminate\\Container\\Container.php(908): Illuminate\\View\\ViewServiceProvider->Illuminate\\View\\{closure}(Object(Illuminate\\Foundation\\Application), Array)
#2 C:\\Users\\laity\\Desktop\\innosoft\\backend\\vendor\\laravel\\framework\\src\\Illuminate\\Container\\Container.php(795): Illuminate\\Container\\Container->build(Object(Closure))
#3 C:\\Users\\laity\\Desktop\\innosoft\\backend\\vendor\\laravel\\framework\\src\\Illuminate\\Foundation\\Application.php(986): Illuminate\\Container\\Container->resolve('blade.compiler', Array, true)
#4 C:\\Users\\laity\\Desktop\\innosoft\\backend\\vendor\\laravel\\framework\\src\\Illuminate\\Container\\Container.php(731): Illuminate\\Foundation\\Application->resolve('blade.compiler', Array)
#5 C:\\Users\\laity\\Desktop\\innosoft\\backend\\vendor\\laravel\\framework\\src\\Illuminate\\Foundation\\Application.php(971): Illuminate\\Container\\Container->make('blade.compiler', Array)
#6 C:\\Users\\laity\\Desktop\\innosoft\\backend\\vendor\\laravel\\framework\\src\\Illuminate\\Foundation\\helpers.php(120): Illuminate\\Foundation\\Application->make('blade.compiler', Array)
#7 Command line code(1): app('Illuminate\\\\View...')
#8 {main}
  thrown at C:\\Users\\laity\\Desktop\\innosoft\\backend\\vendor\\laravel\\framework\\src\\Illuminate\\View\\Compilers\\Compiler.php:67)
[stacktrace]
#0 {main}
"} 
[2025-11-27 23:29:20] local.ERROR: Uncaught InvalidArgumentException: Please provide a valid cache path. in C:\Users\laity\Desktop\innosoft\backend\vendor\laravel\framework\src\Illuminate\View\Compilers\Compiler.php:67
Stack trace:
#0 C:\Users\laity\Desktop\innosoft\backend\vendor\laravel\framework\src\Illuminate\View\ViewServiceProvider.php(97): Illuminate\View\Compilers\Compiler->__construct(Object(Illuminate\Filesystem\Filesystem), NULL, '', true, 'php')
#1 C:\Users\laity\Desktop\innosoft\backend\vendor\laravel\framework\src\Illuminate\Container\Container.php(908): Illuminate\View\ViewServiceProvider->Illuminate\View\{closure}(Object(Illuminate\Foundation\Application), Array)
#2 C:\Users\laity\Desktop\innosoft\backend\vendor\laravel\framework\src\Illuminate\Container\Container.php(795): Illuminate\Container\Container->build(Object(Closure))
#3 C:\Users\laity\Desktop\innosoft\backend\vendor\laravel\framework\src\Illuminate\Foundation\Application.php(986): Illuminate\Container\Container->resolve('blade.compiler', Array, true)
#4 C:\Users\laity\Desktop\innosoft\backend\vendor\laravel\framework\src\Illuminate\Container\Container.php(731): Illuminate\Foundation\Application->resolve('blade.compiler', Array)
#5 C:\Users\laity\Desktop\innosoft\backend\vendor\laravel\framework\src\Illuminate\Foundation\Application.php(971): Illuminate\Container\Container->make('blade.compiler', Array)
#6 C:\Users\laity\Desktop\innosoft\backend\vendor\laravel\framework\src\Illuminate\Foundation\helpers.php(120): Illuminate\Foundation\Application->make('blade.compiler', Array)
#7 Command line code(1): app('Illuminate\\View...')
#8 {main}
  thrown {"exception":"[object] (Symfony\\Component\\ErrorHandler\\Error\\FatalError(code: 0): Uncaught InvalidArgumentException: Please provide a valid cache path. in C:\\Users\\laity\\Desktop\\innosoft\\backend\\vendor\\laravel\\framework\\src\\Illuminate\\View\\Compilers\\Compiler.php:67
Stack trace:
#0 C:\\Users\\laity\\Desktop\\innosoft\\backend\\vendor\\laravel\\framework\\src\\Illuminate\\View\\ViewServiceProvider.php(97): Illuminate\\View\\Compilers\\Compiler->__construct(Object(Illuminate\\Filesystem\\Filesystem), NULL, '', true, 'php')
#1 C:\\Users\\laity\\Desktop\\innosoft\\backend\\vendor\\laravel\\framework\\src\\Illuminate\\Container\\Container.php(908): Illuminate\\View\\ViewServiceProvider->Illuminate\\View\\{closure}(Object(Illuminate\\Foundation\\Application), Array)
#2 C:\\Users\\laity\\Desktop\\innosoft\\backend\\vendor\\laravel\\framework\\src\\Illuminate\\Container\\Container.php(795): Illuminate\\Container\\Container->build(Object(Closure))
#3 C:\\Users\\laity\\Desktop\\innosoft\\backend\\vendor\\laravel\\framework\\src\\Illuminate\\Foundation\\Application.php(986): Illuminate\\Container\\Container->resolve('blade.compiler', Array, true)
#4 C:\\Users\\laity\\Desktop\\innosoft\\backend\\vendor\\laravel\\framework\\src\\Illuminate\\Container\\Container.php(731): Illuminate\\Foundation\\Application->resolve('blade.compiler', Array)
#5 C:\\Users\\laity\\Desktop\\innosoft\\backend\\vendor\\laravel\\framework\\src\\Illuminate\\Foundation\\Application.php(971): Illuminate\\Container\\Container->make('blade.compiler', Array)
#6 C:\\Users\\laity\\Desktop\\innosoft\\backend\\vendor\\laravel\\framework\\src\\Illuminate\\Foundation\\helpers.php(120): Illuminate\\Foundation\\Application->make('blade.compiler', Array)
#7 Command line code(1): app('Illuminate\\\\View...')
#8 {main}
  thrown at C:\\Users\\laity\\Desktop\\innosoft\\backend\\vendor\\laravel\\framework\\src\\Illuminate\\View\\Compilers\\Compiler.php:67)
[stacktrace]
#0 {main}
"} 
[2025-11-27 23:34:44] local.ERROR: Uncaught InvalidArgumentException: Please provide a valid cache path. in C:\Users\laity\Desktop\innosoft\backend\vendor\laravel\framework\src\Illuminate\View\Compilers\Compiler.php:67
Stack trace:
#0 C:\Users\laity\Desktop\innosoft\backend\vendor\laravel\framework\src\Illuminate\View\ViewServiceProvider.php(97): Illuminate\View\Compilers\Compiler->__construct(Object(Illuminate\Filesystem\Filesystem), NULL, '', true, 'php')
#1 C:\Users\laity\Desktop\innosoft\backend\vendor\laravel\framework\src\Illuminate\Container\Container.php(908): Illuminate\View\ViewServiceProvider->Illuminate\View\{closure}(Object(Illuminate\Foundation\Application), Array)
#2 C:\Users\laity\Desktop\innosoft\backend\vendor\laravel\framework\src\Illuminate\Container\Container.php(795): Illuminate\Container\Container->build(Object(Closure))
#3 C:\Users\laity\Desktop\innosoft\backend\vendor\laravel\framework\src\Illuminate\Foundation\Application.php(986): Illuminate\Container\Container->resolve('blade.compiler', Array, true)
#4 C:\Users\laity\Desktop\innosoft\backend\vendor\laravel\framework\src\Illuminate\Container\Container.php(731): Illuminate\Foundation\Application->resolve('blade.compiler', Array)
#5 C:\Users\laity\Desktop\innosoft\backend\vendor\laravel\framework\src\Illuminate\Foundation\Application.php(971): Illuminate\Container\Container->make('blade.compiler', Array)
#6 C:\Users\laity\Desktop\innosoft\backend\vendor\laravel\framework\src\Illuminate\Foundation\helpers.php(120): Illuminate\Foundation\Application->make('blade.compiler', Array)
#7 Command line code(1): app('Illuminate\\View...')
#8 {main}
  thrown {"exception":"[object] (Symfony\\Component\\ErrorHandler\\Error\\FatalError(code: 0): Uncaught InvalidArgumentException: Please provide a valid cache path. in C:\\Users\\laity\\Desktop\\innosoft\\backend\\vendor\\laravel\\framework\\src\\Illuminate\\View\\Compilers\\Compiler.php:67
Stack trace:
#0 C:\\Users\\laity\\Desktop\\innosoft\\backend\\vendor\\laravel\\framework\\src\\Illuminate\\View\\ViewServiceProvider.php(97): Illuminate\\View\\Compilers\\Compiler->__construct(Object(Illuminate\\Filesystem\\Filesystem), NULL, '', true, 'php')
#1 C:\\Users\\laity\\Desktop\\innosoft\\backend\\vendor\\laravel\\framework\\src\\Illuminate\\Container\\Container.php(908): Illuminate\\View\\ViewServiceProvider->Illuminate\\View\\{closure}(Object(Illuminate\\Foundation\\Application), Array)
#2 C:\\Users\\laity\\Desktop\\innosoft\\backend\\vendor\\laravel\\framework\\src\\Illuminate\\Container\\Container.php(795): Illuminate\\Container\\Container->build(Object(Closure))
#3 C:\\Users\\laity\\Desktop\\innosoft\\backend\\vendor\\laravel\\framework\\src\\Illuminate\\Foundation\\Application.php(986): Illuminate\\Container\\Container->resolve('blade.compiler', Array, true)
#4 C:\\Users\\laity\\Desktop\\innosoft\\backend\\vendor\\laravel\\framework\\src\\Illuminate\\Container\\Container.php(731): Illuminate\\Foundation\\Application->resolve('blade.compiler', Array)
#5 C:\\Users\\laity\\Desktop\\innosoft\\backend\\vendor\\laravel\\framework\\src\\Illuminate\\Foundation\\Application.php(971): Illuminate\\Container\\Container->make('blade.compiler', Array)
#6 C:\\Users\\laity\\Desktop\\innosoft\\backend\\vendor\\laravel\\framework\\src\\Illuminate\\Foundation\\helpers.php(120): Illuminate\\Foundation\\Application->make('blade.compiler', Array)
#7 Command line code(1): app('Illuminate\\\\View...')
#8 {main}
  thrown at C:\\Users\\laity\\Desktop\\innosoft\\backend\\vendor\\laravel\\framework\\src\\Illuminate\\View\\Compilers\\Compiler.php:67)
[stacktrace]
#0 {main}
"} 
[2025-11-27 23:39:21] local.ERROR: Uncaught InvalidArgumentException: Please provide a valid cache path. in C:\Users\laity\Desktop\innosoft\backend\vendor\laravel\framework\src\Illuminate\View\Compilers\Compiler.php:67
Stack trace:
#0 C:\Users\laity\Desktop\innosoft\backend\vendor\laravel\framework\src\Illuminate\View\ViewServiceProvider.php(97): Illuminate\View\Compilers\Compiler->__construct(Object(Illuminate\Filesystem\Filesystem), NULL, '', true, 'php')
#1 C:\Users\laity\Desktop\innosoft\backend\vendor\laravel\framework\src\Illuminate\Container\Container.php(908): Illuminate\View\ViewServiceProvider->Illuminate\View\{closure}(Object(Illuminate\Foundation\Application), Array)
#2 C:\Users\laity\Desktop\innosoft\backend\vendor\laravel\framework\src\Illuminate\Container\Container.php(795): Illuminate\Container\Container->build(Object(Closure))
#3 C:\Users\laity\Desktop\innosoft\backend\vendor\laravel\framework\src\Illuminate\Foundation\Application.php(986): Illuminate\Container\Container->resolve('blade.compiler', Array, true)
#4 C:\Users\laity\Desktop\innosoft\backend\vendor\laravel\framework\src\Illuminate\Container\Container.php(731): Illuminate\Foundation\Application->resolve('blade.compiler', Array)
#5 C:\Users\laity\Desktop\innosoft\backend\vendor\laravel\framework\src\Illuminate\Foundation\Application.php(971): Illuminate\Container\Container->make('blade.compiler', Array)
#6 C:\Users\laity\Desktop\innosoft\backend\vendor\laravel\framework\src\Illuminate\Foundation\helpers.php(120): Illuminate\Foundation\Application->make('blade.compiler', Array)
#7 Command line code(1): app('Illuminate\\View...')
#8 {main}
  thrown {"exception":"[object] (Symfony\\Component\\ErrorHandler\\Error\\FatalError(code: 0): Uncaught InvalidArgumentException: Please provide a valid cache path. in C:\\Users\\laity\\Desktop\\innosoft\\backend\\vendor\\laravel\\framework\\src\\Illuminate\\View\\Compilers\\Compiler.php:67
Stack trace:
#0 C:\\Users\\laity\\Desktop\\innosoft\\backend\\vendor\\laravel\\framework\\src\\Illuminate\\View\\ViewServiceProvider.php(97): Illuminate\\View\\Compilers\\Compiler->__construct(Object(Illuminate\\Filesystem\\Filesystem), NULL, '', true, 'php')
#1 C:\\Users\\laity\\Desktop\\innosoft\\backend\\vendor\\laravel\\framework\\src\\Illuminate\\Container\\Container.php(908): Illuminate\\View\\ViewServiceProvider->Illuminate\\View\\{closure}(Object(Illuminate\\Foundation\\Application), Array)
#2 C:\\Users\\laity\\Desktop\\innosoft\\backend\\vendor\\laravel\\framework\\src\\Illuminate\\Container\\Container.php(795): Illuminate\\Container\\Container->build(Object(Closure))
#3 C:\\Users\\laity\\Desktop\\innosoft\\backend\\vendor\\laravel\\framework\\src\\Illuminate\\Foundation\\Application.php(986): Illuminate\\Container\\Container->resolve('blade.compiler', Array, true)
#4 C:\\Users\\laity\\Desktop\\innosoft\\backend\\vendor\\laravel\\framework\\src\\Illuminate\\Container\\Container.php(731): Illuminate\\Foundation\\Application->resolve('blade.compiler', Array)
#5 C:\\Users\\laity\\Desktop\\innosoft\\backend\\vendor\\laravel\\framework\\src\\Illuminate\\Foundation\\Application.php(971): Illuminate\\Container\\Container->make('blade.compiler', Array)
#6 C:\\Users\\laity\\Desktop\\innosoft\\backend\\vendor\\laravel\\framework\\src\\Illuminate\\Foundation\\helpers.php(120): Illuminate\\Foundation\\Application->make('blade.compiler', Array)
#7 Command line code(1): app('Illuminate\\\\View...')
#8 {main}
  thrown at C:\\Users\\laity\\Desktop\\innosoft\\backend\\vendor\\laravel\\framework\\src\\Illuminate\\View\\Compilers\\Compiler.php:67)
[stacktrace]
#0 {main}
"} 
[2025-11-27 23:44:45] local.ERROR: Uncaught InvalidArgumentException: Please provide a valid cache path. in C:\Users\laity\Desktop\innosoft\backend\vendor\laravel\framework\src\Illuminate\View\Compilers\Compiler.php:67
Stack trace:
#0 C:\Users\laity\Desktop\innosoft\backend\vendor\laravel\framework\src\Illuminate\View\ViewServiceProvider.php(97): Illuminate\View\Compilers\Compiler->__construct(Object(Illuminate\Filesystem\Filesystem), NULL, '', true, 'php')
#1 C:\Users\laity\Desktop\innosoft\backend\vendor\laravel\framework\src\Illuminate\Container\Container.php(908): Illuminate\View\ViewServiceProvider->Illuminate\View\{closure}(Object(Illuminate\Foundation\Application), Array)
#2 C:\Users\laity\Desktop\innosoft\backend\vendor\laravel\framework\src\Illuminate\Container\Container.php(795): Illuminate\Container\Container->build(Object(Closure))
#3 C:\Users\laity\Desktop\innosoft\backend\vendor\laravel\framework\src\Illuminate\Foundation\Application.php(986): Illuminate\Container\Container->resolve('blade.compiler', Array, true)
#4 C:\Users\laity\Desktop\innosoft\backend\vendor\laravel\framework\src\Illuminate\Container\Container.php(731): Illuminate\Foundation\Application->resolve('blade.compiler', Array)
#5 C:\Users\laity\Desktop\innosoft\backend\vendor\laravel\framework\src\Illuminate\Foundation\Application.php(971): Illuminate\Container\Container->make('blade.compiler', Array)
#6 C:\Users\laity\Desktop\innosoft\backend\vendor\laravel\framework\src\Illuminate\Foundation\helpers.php(120): Illuminate\Foundation\Application->make('blade.compiler', Array)
#7 Command line code(1): app('Illuminate\\View...')
#8 {main}
  thrown {"exception":"[object] (Symfony\\Component\\ErrorHandler\\Error\\FatalError(code: 0): Uncaught InvalidArgumentException: Please provide a valid cache path. in C:\\Users\\laity\\Desktop\\innosoft\\backend\\vendor\\laravel\\framework\\src\\Illuminate\\View\\Compilers\\Compiler.php:67
Stack trace:
#0 C:\\Users\\laity\\Desktop\\innosoft\\backend\\vendor\\laravel\\framework\\src\\Illuminate\\View\\ViewServiceProvider.php(97): Illuminate\\View\\Compilers\\Compiler->__construct(Object(Illuminate\\Filesystem\\Filesystem), NULL, '', true, 'php')
#1 C:\\Users\\laity\\Desktop\\innosoft\\backend\\vendor\\laravel\\framework\\src\\Illuminate\\Container\\Container.php(908): Illuminate\\View\\ViewServiceProvider->Illuminate\\View\\{closure}(Object(Illuminate\\Foundation\\Application), Array)
#2 C:\\Users\\laity\\Desktop\\innosoft\\backend\\vendor\\laravel\\framework\\src\\Illuminate\\Container\\Container.php(795): Illuminate\\Container\\Container->build(Object(Closure))
#3 C:\\Users\\laity\\Desktop\\innosoft\\backend\\vendor\\laravel\\framework\\src\\Illuminate\\Foundation\\Application.php(986): Illuminate\\Container\\Container->resolve('blade.compiler', Array, true)
#4 C:\\Users\\laity\\Desktop\\innosoft\\backend\\vendor\\laravel\\framework\\src\\Illuminate\\Container\\Container.php(731): Illuminate\\Foundation\\Application->resolve('blade.compiler', Array)
#5 C:\\Users\\laity\\Desktop\\innosoft\\backend\\vendor\\laravel\\framework\\src\\Illuminate\\Foundation\\Application.php(971): Illuminate\\Container\\Container->make('blade.compiler', Array)
#6 C:\\Users\\laity\\Desktop\\innosoft\\backend\\vendor\\laravel\\framework\\src\\Illuminate\\Foundation\\helpers.php(120): Illuminate\\Foundation\\Application->make('blade.compiler', Array)
#7 Command line code(1): app('Illuminate\\\\View...')
#8 {main}
  thrown at C:\\Users\\laity\\Desktop\\innosoft\\backend\\vendor\\laravel\\framework\\src\\Illuminate\\View\\Compilers\\Compiler.php:67)
[stacktrace]
#0 {main}
"} 
[2025-11-27 23:49:20] local.ERROR: Uncaught InvalidArgumentException: Please provide a valid cache path. in C:\Users\laity\Desktop\innosoft\backend\vendor\laravel\framework\src\Illuminate\View\Compilers\Compiler.php:67
Stack trace:
#0 C:\Users\laity\Desktop\innosoft\backend\vendor\laravel\framework\src\Illuminate\View\ViewServiceProvider.php(97): Illuminate\View\Compilers\Compiler->__construct(Object(Illuminate\Filesystem\Filesystem), NULL, '', true, 'php')
#1 C:\Users\laity\Desktop\innosoft\backend\vendor\laravel\framework\src\Illuminate\Container\Container.php(908): Illuminate\View\ViewServiceProvider->Illuminate\View\{closure}(Object(Illuminate\Foundation\Application), Array)
#2 C:\Users\laity\Desktop\innosoft\backend\vendor\laravel\framework\src\Illuminate\Container\Container.php(795): Illuminate\Container\Container->build(Object(Closure))
#3 C:\Users\laity\Desktop\innosoft\backend\vendor\laravel\framework\src\Illuminate\Foundation\Application.php(986): Illuminate\Container\Container->resolve('blade.compiler', Array, true)
#4 C:\Users\laity\Desktop\innosoft\backend\vendor\laravel\framework\src\Illuminate\Container\Container.php(731): Illuminate\Foundation\Application->resolve('blade.compiler', Array)
#5 C:\Users\laity\Desktop\innosoft\backend\vendor\laravel\framework\src\Illuminate\Foundation\Application.php(971): Illuminate\Container\Container->make('blade.compiler', Array)
#6 C:\Users\laity\Desktop\innosoft\backend\vendor\laravel\framework\src\Illuminate\Foundation\helpers.php(120): Illuminate\Foundation\Application->make('blade.compiler', Array)
#7 Command line code(1): app('Illuminate\\View...')
#8 {main}
  thrown {"exception":"[object] (Symfony\\Component\\ErrorHandler\\Error\\FatalError(code: 0): Uncaught InvalidArgumentException: Please provide a valid cache path. in C:\\Users\\laity\\Desktop\\innosoft\\backend\\vendor\\laravel\\framework\\src\\Illuminate\\View\\Compilers\\Compiler.php:67
Stack trace:
#0 C:\\Users\\laity\\Desktop\\innosoft\\backend\\vendor\\laravel\\framework\\src\\Illuminate\\View\\ViewServiceProvider.php(97): Illuminate\\View\\Compilers\\Compiler->__construct(Object(Illuminate\\Filesystem\\Filesystem), NULL, '', true, 'php')
#1 C:\\Users\\laity\\Desktop\\innosoft\\backend\\vendor\\laravel\\framework\\src\\Illuminate\\Container\\Container.php(908): Illuminate\\View\\ViewServiceProvider->Illuminate\\View\\{closure}(Object(Illuminate\\Foundation\\Application), Array)
#2 C:\\Users\\laity\\Desktop\\innosoft\\backend\\vendor\\laravel\\framework\\src\\Illuminate\\Container\\Container.php(795): Illuminate\\Container\\Container->build(Object(Closure))
#3 C:\\Users\\laity\\Desktop\\innosoft\\backend\\vendor\\laravel\\framework\\src\\Illuminate\\Foundation\\Application.php(986): Illuminate\\Container\\Container->resolve('blade.compiler', Array, true)
#4 C:\\Users\\laity\\Desktop\\innosoft\\backend\\vendor\\laravel\\framework\\src\\Illuminate\\Container\\Container.php(731): Illuminate\\Foundation\\Application->resolve('blade.compiler', Array)
#5 C:\\Users\\laity\\Desktop\\innosoft\\backend\\vendor\\laravel\\framework\\src\\Illuminate\\Foundation\\Application.php(971): Illuminate\\Container\\Container->make('blade.compiler', Array)
#6 C:\\Users\\laity\\Desktop\\innosoft\\backend\\vendor\\laravel\\framework\\src\\Illuminate\\Foundation\\helpers.php(120): Illuminate\\Foundation\\Application->make('blade.compiler', Array)
#7 Command line code(1): app('Illuminate\\\\View...')
#8 {main}
  thrown at C:\\Users\\laity\\Desktop\\innosoft\\backend\\vendor\\laravel\\framework\\src\\Illuminate\\View\\Compilers\\Compiler.php:67)
[stacktrace]
#0 {main}
"} 
[2025-11-27 23:54:47] local.ERROR: Uncaught InvalidArgumentException: Please provide a valid cache path. in C:\Users\laity\Desktop\innosoft\backend\vendor\laravel\framework\src\Illuminate\View\Compilers\Compiler.php:67
Stack trace:
#0 C:\Users\laity\Desktop\innosoft\backend\vendor\laravel\framework\src\Illuminate\View\ViewServiceProvider.php(97): Illuminate\View\Compilers\Compiler->__construct(Object(Illuminate\Filesystem\Filesystem), NULL, '', true, 'php')
#1 C:\Users\laity\Desktop\innosoft\backend\vendor\laravel\framework\src\Illuminate\Container\Container.php(908): Illuminate\View\ViewServiceProvider->Illuminate\View\{closure}(Object(Illuminate\Foundation\Application), Array)
#2 C:\Users\laity\Desktop\innosoft\backend\vendor\laravel\framework\src\Illuminate\Container\Container.php(795): Illuminate\Container\Container->build(Object(Closure))
#3 C:\Users\laity\Desktop\innosoft\backend\vendor\laravel\framework\src\Illuminate\Foundation\Application.php(986): Illuminate\Container\Container->resolve('blade.compiler', Array, true)
#4 C:\Users\laity\Desktop\innosoft\backend\vendor\laravel\framework\src\Illuminate\Container\Container.php(731): Illuminate\Foundation\Application->resolve('blade.compiler', Array)
#5 C:\Users\laity\Desktop\innosoft\backend\vendor\laravel\framework\src\Illuminate\Foundation\Application.php(971): Illuminate\Container\Container->make('blade.compiler', Array)
#6 C:\Users\laity\Desktop\innosoft\backend\vendor\laravel\framework\src\Illuminate\Foundation\helpers.php(120): Illuminate\Foundation\Application->make('blade.compiler', Array)
#7 Command line code(1): app('Illuminate\\View...')
#8 {main}
  thrown {"exception":"[object] (Symfony\\Component\\ErrorHandler\\Error\\FatalError(code: 0): Uncaught InvalidArgumentException: Please provide a valid cache path. in C:\\Users\\laity\\Desktop\\innosoft\\backend\\vendor\\laravel\\framework\\src\\Illuminate\\View\\Compilers\\Compiler.php:67
Stack trace:
#0 C:\\Users\\laity\\Desktop\\innosoft\\backend\\vendor\\laravel\\framework\\src\\Illuminate\\View\\ViewServiceProvider.php(97): Illuminate\\View\\Compilers\\Compiler->__construct(Object(Illuminate\\Filesystem\\Filesystem), NULL, '', true, 'php')
#1 C:\\Users\\laity\\Desktop\\innosoft\\backend\\vendor\\laravel\\framework\\src\\Illuminate\\Container\\Container.php(908): Illuminate\\View\\ViewServiceProvider->Illuminate\\View\\{closure}(Object(Illuminate\\Foundation\\Application), Array)
#2 C:\\Users\\laity\\Desktop\\innosoft\\backend\\vendor\\laravel\\framework\\src\\Illuminate\\Container\\Container.php(795): Illuminate\\Container\\Container->build(Object(Closure))
#3 C:\\Users\\laity\\Desktop\\innosoft\\backend\\vendor\\laravel\\framework\\src\\Illuminate\\Foundation\\Application.php(986): Illuminate\\Container\\Container->resolve('blade.compiler', Array, true)
#4 C:\\Users\\laity\\Desktop\\innosoft\\backend\\vendor\\laravel\\framework\\src\\Illuminate\\Container\\Container.php(731): Illuminate\\Foundation\\Application->resolve('blade.compiler', Array)
#5 C:\\Users\\laity\\Desktop\\innosoft\\backend\\vendor\\laravel\\framework\\src\\Illuminate\\Foundation\\Application.php(971): Illuminate\\Container\\Container->make('blade.compiler', Array)
#6 C:\\Users\\laity\\Desktop\\innosoft\\backend\\vendor\\laravel\\framework\\src\\Illuminate\\Foundation\\helpers.php(120): Illuminate\\Foundation\\Application->make('blade.compiler', Array)
#7 Command line code(1): app('Illuminate\\\\View...')
#8 {main}
  thrown at C:\\Users\\laity\\Desktop\\innosoft\\backend\\vendor\\laravel\\framework\\src\\Illuminate\\View\\Compilers\\Compiler.php:67)
[stacktrace]
#0 {main}
"} 
[2025-11-27 23:59:19] local.ERROR: Uncaught InvalidArgumentException: Please provide a valid cache path. in C:\Users\laity\Desktop\innosoft\backend\vendor\laravel\framework\src\Illuminate\View\Compilers\Compiler.php:67
Stack trace:
#0 C:\Users\laity\Desktop\innosoft\backend\vendor\laravel\framework\src\Illuminate\View\ViewServiceProvider.php(97): Illuminate\View\Compilers\Compiler->__construct(Object(Illuminate\Filesystem\Filesystem), NULL, '', true, 'php')
#1 C:\Users\laity\Desktop\innosoft\backend\vendor\laravel\framework\src\Illuminate\Container\Container.php(908): Illuminate\View\ViewServiceProvider->Illuminate\View\{closure}(Object(Illuminate\Foundation\Application), Array)
#2 C:\Users\laity\Desktop\innosoft\backend\vendor\laravel\framework\src\Illuminate\Container\Container.php(795): Illuminate\Container\Container->build(Object(Closure))
#3 C:\Users\laity\Desktop\innosoft\backend\vendor\laravel\framework\src\Illuminate\Foundation\Application.php(986): Illuminate\Container\Container->resolve('blade.compiler', Array, true)
#4 C:\Users\laity\Desktop\innosoft\backend\vendor\laravel\framework\src\Illuminate\Container\Container.php(731): Illuminate\Foundation\Application->resolve('blade.compiler', Array)
#5 C:\Users\laity\Desktop\innosoft\backend\vendor\laravel\framework\src\Illuminate\Foundation\Application.php(971): Illuminate\Container\Container->make('blade.compiler', Array)
#6 C:\Users\laity\Desktop\innosoft\backend\vendor\laravel\framework\src\Illuminate\Foundation\helpers.php(120): Illuminate\Foundation\Application->make('blade.compiler', Array)
#7 Command line code(1): app('Illuminate\\View...')
#8 {main}
  thrown {"exception":"[object] (Symfony\\Component\\ErrorHandler\\Error\\FatalError(code: 0): Uncaught InvalidArgumentException: Please provide a valid cache path. in C:\\Users\\laity\\Desktop\\innosoft\\backend\\vendor\\laravel\\framework\\src\\Illuminate\\View\\Compilers\\Compiler.php:67
Stack trace:
#0 C:\\Users\\laity\\Desktop\\innosoft\\backend\\vendor\\laravel\\framework\\src\\Illuminate\\View\\ViewServiceProvider.php(97): Illuminate\\View\\Compilers\\Compiler->__construct(Object(Illuminate\\Filesystem\\Filesystem), NULL, '', true, 'php')
#1 C:\\Users\\laity\\Desktop\\innosoft\\backend\\vendor\\laravel\\framework\\src\\Illuminate\\Container\\Container.php(908): Illuminate\\View\\ViewServiceProvider->Illuminate\\View\\{closure}(Object(Illuminate\\Foundation\\Application), Array)
#2 C:\\Users\\laity\\Desktop\\innosoft\\backend\\vendor\\laravel\\framework\\src\\Illuminate\\Container\\Container.php(795): Illuminate\\Container\\Container->build(Object(Closure))
#3 C:\\Users\\laity\\Desktop\\innosoft\\backend\\vendor\\laravel\\framework\\src\\Illuminate\\Foundation\\Application.php(986): Illuminate\\Container\\Container->resolve('blade.compiler', Array, true)
#4 C:\\Users\\laity\\Desktop\\innosoft\\backend\\vendor\\laravel\\framework\\src\\Illuminate\\Container\\Container.php(731): Illuminate\\Foundation\\Application->resolve('blade.compiler', Array)
#5 C:\\Users\\laity\\Desktop\\innosoft\\backend\\vendor\\laravel\\framework\\src\\Illuminate\\Foundation\\Application.php(971): Illuminate\\Container\\Container->make('blade.compiler', Array)
#6 C:\\Users\\laity\\Desktop\\innosoft\\backend\\vendor\\laravel\\framework\\src\\Illuminate\\Foundation\\helpers.php(120): Illuminate\\Foundation\\Application->make('blade.compiler', Array)
#7 Command line code(1): app('Illuminate\\\\View...')
#8 {main}
  thrown at C:\\Users\\laity\\Desktop\\innosoft\\backend\\vendor\\laravel\\framework\\src\\Illuminate\\View\\Compilers\\Compiler.php:67)
[stacktrace]
#0 {main}
"} 
[2025-11-28 00:04:52] local.ERROR: Uncaught InvalidArgumentException: Please provide a valid cache path. in C:\Users\laity\Desktop\innosoft\backend\vendor\laravel\framework\src\Illuminate\View\Compilers\Compiler.php:67
Stack trace:
#0 C:\Users\laity\Desktop\innosoft\backend\vendor\laravel\framework\src\Illuminate\View\ViewServiceProvider.php(97): Illuminate\View\Compilers\Compiler->__construct(Object(Illuminate\Filesystem\Filesystem), NULL, '', true, 'php')
#1 C:\Users\laity\Desktop\innosoft\backend\vendor\laravel\framework\src\Illuminate\Container\Container.php(908): Illuminate\View\ViewServiceProvider->Illuminate\View\{closure}(Object(Illuminate\Foundation\Application), Array)
#2 C:\Users\laity\Desktop\innosoft\backend\vendor\laravel\framework\src\Illuminate\Container\Container.php(795): Illuminate\Container\Container->build(Object(Closure))
#3 C:\Users\laity\Desktop\innosoft\backend\vendor\laravel\framework\src\Illuminate\Foundation\Application.php(986): Illuminate\Container\Container->resolve('blade.compiler', Array, true)
#4 C:\Users\laity\Desktop\innosoft\backend\vendor\laravel\framework\src\Illuminate\Container\Container.php(731): Illuminate\Foundation\Application->resolve('blade.compiler', Array)
#5 C:\Users\laity\Desktop\innosoft\backend\vendor\laravel\framework\src\Illuminate\Foundation\Application.php(971): Illuminate\Container\Container->make('blade.compiler', Array)
#6 C:\Users\laity\Desktop\innosoft\backend\vendor\laravel\framework\src\Illuminate\Foundation\helpers.php(120): Illuminate\Foundation\Application->make('blade.compiler', Array)
#7 Command line code(1): app('Illuminate\\View...')
#8 {main}
  thrown {"exception":"[object] (Symfony\\Component\\ErrorHandler\\Error\\FatalError(code: 0): Uncaught InvalidArgumentException: Please provide a valid cache path. in C:\\Users\\laity\\Desktop\\innosoft\\backend\\vendor\\laravel\\framework\\src\\Illuminate\\View\\Compilers\\Compiler.php:67
Stack trace:
#0 C:\\Users\\laity\\Desktop\\innosoft\\backend\\vendor\\laravel\\framework\\src\\Illuminate\\View\\ViewServiceProvider.php(97): Illuminate\\View\\Compilers\\Compiler->__construct(Object(Illuminate\\Filesystem\\Filesystem), NULL, '', true, 'php')
#1 C:\\Users\\laity\\Desktop\\innosoft\\backend\\vendor\\laravel\\framework\\src\\Illuminate\\Container\\Container.php(908): Illuminate\\View\\ViewServiceProvider->Illuminate\\View\\{closure}(Object(Illuminate\\Foundation\\Application), Array)
#2 C:\\Users\\laity\\Desktop\\innosoft\\backend\\vendor\\laravel\\framework\\src\\Illuminate\\Container\\Container.php(795): Illuminate\\Container\\Container->build(Object(Closure))
#3 C:\\Users\\laity\\Desktop\\innosoft\\backend\\vendor\\laravel\\framework\\src\\Illuminate\\Foundation\\Application.php(986): Illuminate\\Container\\Container->resolve('blade.compiler', Array, true)
#4 C:\\Users\\laity\\Desktop\\innosoft\\backend\\vendor\\laravel\\framework\\src\\Illuminate\\Container\\Container.php(731): Illuminate\\Foundation\\Application->resolve('blade.compiler', Array)
#5 C:\\Users\\laity\\Desktop\\innosoft\\backend\\vendor\\laravel\\framework\\src\\Illuminate\\Foundation\\Application.php(971): Illuminate\\Container\\Container->make('blade.compiler', Array)
#6 C:\\Users\\laity\\Desktop\\innosoft\\backend\\vendor\\laravel\\framework\\src\\Illuminate\\Foundation\\helpers.php(120): Illuminate\\Foundation\\Application->make('blade.compiler', Array)
#7 Command line code(1): app('Illuminate\\\\View...')
#8 {main}
  thrown at C:\\Users\\laity\\Desktop\\innosoft\\backend\\vendor\\laravel\\framework\\src\\Illuminate\\View\\Compilers\\Compiler.php:67)
[stacktrace]
#0 {main}
"} 
[2025-11-28 00:09:22] local.ERROR: Uncaught InvalidArgumentException: Please provide a valid cache path. in C:\Users\laity\Desktop\innosoft\backend\vendor\laravel\framework\src\Illuminate\View\Compilers\Compiler.php:67
Stack trace:
#0 C:\Users\laity\Desktop\innosoft\backend\vendor\laravel\framework\src\Illuminate\View\ViewServiceProvider.php(97): Illuminate\View\Compilers\Compiler->__construct(Object(Illuminate\Filesystem\Filesystem), NULL, '', true, 'php')
#1 C:\Users\laity\Desktop\innosoft\backend\vendor\laravel\framework\src\Illuminate\Container\Container.php(908): Illuminate\View\ViewServiceProvider->Illuminate\View\{closure}(Object(Illuminate\Foundation\Application), Array)
#2 C:\Users\laity\Desktop\innosoft\backend\vendor\laravel\framework\src\Illuminate\Container\Container.php(795): Illuminate\Container\Container->build(Object(Closure))
#3 C:\Users\laity\Desktop\innosoft\backend\vendor\laravel\framework\src\Illuminate\Foundation\Application.php(986): Illuminate\Container\Container->resolve('blade.compiler', Array, true)
#4 C:\Users\laity\Desktop\innosoft\backend\vendor\laravel\framework\src\Illuminate\Container\Container.php(731): Illuminate\Foundation\Application->resolve('blade.compiler', Array)
#5 C:\Users\laity\Desktop\innosoft\backend\vendor\laravel\framework\src\Illuminate\Foundation\Application.php(971): Illuminate\Container\Container->make('blade.compiler', Array)
#6 C:\Users\laity\Desktop\innosoft\backend\vendor\laravel\framework\src\Illuminate\Foundation\helpers.php(120): Illuminate\Foundation\Application->make('blade.compiler', Array)
#7 Command line code(1): app('Illuminate\\View...')
#8 {main}
  thrown {"exception":"[object] (Symfony\\Component\\ErrorHandler\\Error\\FatalError(code: 0): Uncaught InvalidArgumentException: Please provide a valid cache path. in C:\\Users\\laity\\Desktop\\innosoft\\backend\\vendor\\laravel\\framework\\src\\Illuminate\\View\\Compilers\\Compiler.php:67
Stack trace:
#0 C:\\Users\\laity\\Desktop\\innosoft\\backend\\vendor\\laravel\\framework\\src\\Illuminate\\View\\ViewServiceProvider.php(97): Illuminate\\View\\Compilers\\Compiler->__construct(Object(Illuminate\\Filesystem\\Filesystem), NULL, '', true, 'php')
#1 C:\\Users\\laity\\Desktop\\innosoft\\backend\\vendor\\laravel\\framework\\src\\Illuminate\\Container\\Container.php(908): Illuminate\\View\\ViewServiceProvider->Illuminate\\View\\{closure}(Object(Illuminate\\Foundation\\Application), Array)
#2 C:\\Users\\laity\\Desktop\\innosoft\\backend\\vendor\\laravel\\framework\\src\\Illuminate\\Container\\Container.php(795): Illuminate\\Container\\Container->build(Object(Closure))
#3 C:\\Users\\laity\\Desktop\\innosoft\\backend\\vendor\\laravel\\framework\\src\\Illuminate\\Foundation\\Application.php(986): Illuminate\\Container\\Container->resolve('blade.compiler', Array, true)
#4 C:\\Users\\laity\\Desktop\\innosoft\\backend\\vendor\\laravel\\framework\\src\\Illuminate\\Container\\Container.php(731): Illuminate\\Foundation\\Application->resolve('blade.compiler', Array)
#5 C:\\Users\\laity\\Desktop\\innosoft\\backend\\vendor\\laravel\\framework\\src\\Illuminate\\Foundation\\Application.php(971): Illuminate\\Container\\Container->make('blade.compiler', Array)
#6 C:\\Users\\laity\\Desktop\\innosoft\\backend\\vendor\\laravel\\framework\\src\\Illuminate\\Foundation\\helpers.php(120): Illuminate\\Foundation\\Application->make('blade.compiler', Array)
#7 Command line code(1): app('Illuminate\\\\View...')
#8 {main}
  thrown at C:\\Users\\laity\\Desktop\\innosoft\\backend\\vendor\\laravel\\framework\\src\\Illuminate\\View\\Compilers\\Compiler.php:67)
[stacktrace]
#0 {main}
"} 
[2025-11-28 00:15:00] local.ERROR: Uncaught InvalidArgumentException: Please provide a valid cache path. in C:\Users\laity\Desktop\innosoft\backend\vendor\laravel\framework\src\Illuminate\View\Compilers\Compiler.php:67
Stack trace:
#0 C:\Users\laity\Desktop\innosoft\backend\vendor\laravel\framework\src\Illuminate\View\ViewServiceProvider.php(97): Illuminate\View\Compilers\Compiler->__construct(Object(Illuminate\Filesystem\Filesystem), NULL, '', true, 'php')
#1 C:\Users\laity\Desktop\innosoft\backend\vendor\laravel\framework\src\Illuminate\Container\Container.php(908): Illuminate\View\ViewServiceProvider->Illuminate\View\{closure}(Object(Illuminate\Foundation\Application), Array)
#2 C:\Users\laity\Desktop\innosoft\backend\vendor\laravel\framework\src\Illuminate\Container\Container.php(795): Illuminate\Container\Container->build(Object(Closure))
#3 C:\Users\laity\Desktop\innosoft\backend\vendor\laravel\framework\src\Illuminate\Foundation\Application.php(986): Illuminate\Container\Container->resolve('blade.compiler', Array, true)
#4 C:\Users\laity\Desktop\innosoft\backend\vendor\laravel\framework\src\Illuminate\Container\Container.php(731): Illuminate\Foundation\Application->resolve('blade.compiler', Array)
#5 C:\Users\laity\Desktop\innosoft\backend\vendor\laravel\framework\src\Illuminate\Foundation\Application.php(971): Illuminate\Container\Container->make('blade.compiler', Array)
#6 C:\Users\laity\Desktop\innosoft\backend\vendor\laravel\framework\src\Illuminate\Foundation\helpers.php(120): Illuminate\Foundation\Application->make('blade.compiler', Array)
#7 Command line code(1): app('Illuminate\\View...')
#8 {main}
  thrown {"exception":"[object] (Symfony\\Component\\ErrorHandler\\Error\\FatalError(code: 0): Uncaught InvalidArgumentException: Please provide a valid cache path. in C:\\Users\\laity\\Desktop\\innosoft\\backend\\vendor\\laravel\\framework\\src\\Illuminate\\View\\Compilers\\Compiler.php:67
Stack trace:
#0 C:\\Users\\laity\\Desktop\\innosoft\\backend\\vendor\\laravel\\framework\\src\\Illuminate\\View\\ViewServiceProvider.php(97): Illuminate\\View\\Compilers\\Compiler->__construct(Object(Illuminate\\Filesystem\\Filesystem), NULL, '', true, 'php')
#1 C:\\Users\\laity\\Desktop\\innosoft\\backend\\vendor\\laravel\\framework\\src\\Illuminate\\Container\\Container.php(908): Illuminate\\View\\ViewServiceProvider->Illuminate\\View\\{closure}(Object(Illuminate\\Foundation\\Application), Array)
#2 C:\\Users\\laity\\Desktop\\innosoft\\backend\\vendor\\laravel\\framework\\src\\Illuminate\\Container\\Container.php(795): Illuminate\\Container\\Container->build(Object(Closure))
#3 C:\\Users\\laity\\Desktop\\innosoft\\backend\\vendor\\laravel\\framework\\src\\Illuminate\\Foundation\\Application.php(986): Illuminate\\Container\\Container->resolve('blade.compiler', Array, true)
#4 C:\\Users\\laity\\Desktop\\innosoft\\backend\\vendor\\laravel\\framework\\src\\Illuminate\\Container\\Container.php(731): Illuminate\\Foundation\\Application->resolve('blade.compiler', Array)
#5 C:\\Users\\laity\\Desktop\\innosoft\\backend\\vendor\\laravel\\framework\\src\\Illuminate\\Foundation\\Application.php(971): Illuminate\\Container\\Container->make('blade.compiler', Array)
#6 C:\\Users\\laity\\Desktop\\innosoft\\backend\\vendor\\laravel\\framework\\src\\Illuminate\\Foundation\\helpers.php(120): Illuminate\\Foundation\\Application->make('blade.compiler', Array)
#7 Command line code(1): app('Illuminate\\\\View...')
#8 {main}
  thrown at C:\\Users\\laity\\Desktop\\innosoft\\backend\\vendor\\laravel\\framework\\src\\Illuminate\\View\\Compilers\\Compiler.php:67)
[stacktrace]
#0 {main}
"} 
[2025-11-28 00:19:21] local.ERROR: Uncaught InvalidArgumentException: Please provide a valid cache path. in C:\Users\laity\Desktop\innosoft\backend\vendor\laravel\framework\src\Illuminate\View\Compilers\Compiler.php:67
Stack trace:
#0 C:\Users\laity\Desktop\innosoft\backend\vendor\laravel\framework\src\Illuminate\View\ViewServiceProvider.php(97): Illuminate\View\Compilers\Compiler->__construct(Object(Illuminate\Filesystem\Filesystem), NULL, '', true, 'php')
#1 C:\Users\laity\Desktop\innosoft\backend\vendor\laravel\framework\src\Illuminate\Container\Container.php(908): Illuminate\View\ViewServiceProvider->Illuminate\View\{closure}(Object(Illuminate\Foundation\Application), Array)
#2 C:\Users\laity\Desktop\innosoft\backend\vendor\laravel\framework\src\Illuminate\Container\Container.php(795): Illuminate\Container\Container->build(Object(Closure))
#3 C:\Users\laity\Desktop\innosoft\backend\vendor\laravel\framework\src\Illuminate\Foundation\Application.php(986): Illuminate\Container\Container->resolve('blade.compiler', Array, true)
#4 C:\Users\laity\Desktop\innosoft\backend\vendor\laravel\framework\src\Illuminate\Container\Container.php(731): Illuminate\Foundation\Application->resolve('blade.compiler', Array)
#5 C:\Users\laity\Desktop\innosoft\backend\vendor\laravel\framework\src\Illuminate\Foundation\Application.php(971): Illuminate\Container\Container->make('blade.compiler', Array)
#6 C:\Users\laity\Desktop\innosoft\backend\vendor\laravel\framework\src\Illuminate\Foundation\helpers.php(120): Illuminate\Foundation\Application->make('blade.compiler', Array)
#7 Command line code(1): app('Illuminate\\View...')
#8 {main}
  thrown {"exception":"[object] (Symfony\\Component\\ErrorHandler\\Error\\FatalError(code: 0): Uncaught InvalidArgumentException: Please provide a valid cache path. in C:\\Users\\laity\\Desktop\\innosoft\\backend\\vendor\\laravel\\framework\\src\\Illuminate\\View\\Compilers\\Compiler.php:67
Stack trace:
#0 C:\\Users\\laity\\Desktop\\innosoft\\backend\\vendor\\laravel\\framework\\src\\Illuminate\\View\\ViewServiceProvider.php(97): Illuminate\\View\\Compilers\\Compiler->__construct(Object(Illuminate\\Filesystem\\Filesystem), NULL, '', true, 'php')
#1 C:\\Users\\laity\\Desktop\\innosoft\\backend\\vendor\\laravel\\framework\\src\\Illuminate\\Container\\Container.php(908): Illuminate\\View\\ViewServiceProvider->Illuminate\\View\\{closure}(Object(Illuminate\\Foundation\\Application), Array)
#2 C:\\Users\\laity\\Desktop\\innosoft\\backend\\vendor\\laravel\\framework\\src\\Illuminate\\Container\\Container.php(795): Illuminate\\Container\\Container->build(Object(Closure))
#3 C:\\Users\\laity\\Desktop\\innosoft\\backend\\vendor\\laravel\\framework\\src\\Illuminate\\Foundation\\Application.php(986): Illuminate\\Container\\Container->resolve('blade.compiler', Array, true)
#4 C:\\Users\\laity\\Desktop\\innosoft\\backend\\vendor\\laravel\\framework\\src\\Illuminate\\Container\\Container.php(731): Illuminate\\Foundation\\Application->resolve('blade.compiler', Array)
#5 C:\\Users\\laity\\Desktop\\innosoft\\backend\\vendor\\laravel\\framework\\src\\Illuminate\\Foundation\\Application.php(971): Illuminate\\Container\\Container->make('blade.compiler', Array)
#6 C:\\Users\\laity\\Desktop\\innosoft\\backend\\vendor\\laravel\\framework\\src\\Illuminate\\Foundation\\helpers.php(120): Illuminate\\Foundation\\Application->make('blade.compiler', Array)
#7 Command line code(1): app('Illuminate\\\\View...')
#8 {main}
  thrown at C:\\Users\\laity\\Desktop\\innosoft\\backend\\vendor\\laravel\\framework\\src\\Illuminate\\View\\Compilers\\Compiler.php:67)
[stacktrace]
#0 {main}
"} 
[2025-11-28 00:24:47] local.ERROR: Uncaught InvalidArgumentException: Please provide a valid cache path. in C:\Users\laity\Desktop\innosoft\backend\vendor\laravel\framework\src\Illuminate\View\Compilers\Compiler.php:67
Stack trace:
#0 C:\Users\laity\Desktop\innosoft\backend\vendor\laravel\framework\src\Illuminate\View\ViewServiceProvider.php(97): Illuminate\View\Compilers\Compiler->__construct(Object(Illuminate\Filesystem\Filesystem), NULL, '', true, 'php')
#1 C:\Users\laity\Desktop\innosoft\backend\vendor\laravel\framework\src\Illuminate\Container\Container.php(908): Illuminate\View\ViewServiceProvider->Illuminate\View\{closure}(Object(Illuminate\Foundation\Application), Array)
#2 C:\Users\laity\Desktop\innosoft\backend\vendor\laravel\framework\src\Illuminate\Container\Container.php(795): Illuminate\Container\Container->build(Object(Closure))
#3 C:\Users\laity\Desktop\innosoft\backend\vendor\laravel\framework\src\Illuminate\Foundation\Application.php(986): Illuminate\Container\Container->resolve('blade.compiler', Array, true)
#4 C:\Users\laity\Desktop\innosoft\backend\vendor\laravel\framework\src\Illuminate\Container\Container.php(731): Illuminate\Foundation\Application->resolve('blade.compiler', Array)
#5 C:\Users\laity\Desktop\innosoft\backend\vendor\laravel\framework\src\Illuminate\Foundation\Application.php(971): Illuminate\Container\Container->make('blade.compiler', Array)
#6 C:\Users\laity\Desktop\innosoft\backend\vendor\laravel\framework\src\Illuminate\Foundation\helpers.php(120): Illuminate\Foundation\Application->make('blade.compiler', Array)
#7 Command line code(1): app('Illuminate\\View...')
#8 {main}
  thrown {"exception":"[object] (Symfony\\Component\\ErrorHandler\\Error\\FatalError(code: 0): Uncaught InvalidArgumentException: Please provide a valid cache path. in C:\\Users\\laity\\Desktop\\innosoft\\backend\\vendor\\laravel\\framework\\src\\Illuminate\\View\\Compilers\\Compiler.php:67
Stack trace:
#0 C:\\Users\\laity\\Desktop\\innosoft\\backend\\vendor\\laravel\\framework\\src\\Illuminate\\View\\ViewServiceProvider.php(97): Illuminate\\View\\Compilers\\Compiler->__construct(Object(Illuminate\\Filesystem\\Filesystem), NULL, '', true, 'php')
#1 C:\\Users\\laity\\Desktop\\innosoft\\backend\\vendor\\laravel\\framework\\src\\Illuminate\\Container\\Container.php(908): Illuminate\\View\\ViewServiceProvider->Illuminate\\View\\{closure}(Object(Illuminate\\Foundation\\Application), Array)
#2 C:\\Users\\laity\\Desktop\\innosoft\\backend\\vendor\\laravel\\framework\\src\\Illuminate\\Container\\Container.php(795): Illuminate\\Container\\Container->build(Object(Closure))
#3 C:\\Users\\laity\\Desktop\\innosoft\\backend\\vendor\\laravel\\framework\\src\\Illuminate\\Foundation\\Application.php(986): Illuminate\\Container\\Container->resolve('blade.compiler', Array, true)
#4 C:\\Users\\laity\\Desktop\\innosoft\\backend\\vendor\\laravel\\framework\\src\\Illuminate\\Container\\Container.php(731): Illuminate\\Foundation\\Application->resolve('blade.compiler', Array)
#5 C:\\Users\\laity\\Desktop\\innosoft\\backend\\vendor\\laravel\\framework\\src\\Illuminate\\Foundation\\Application.php(971): Illuminate\\Container\\Container->make('blade.compiler', Array)
#6 C:\\Users\\laity\\Desktop\\innosoft\\backend\\vendor\\laravel\\framework\\src\\Illuminate\\Foundation\\helpers.php(120): Illuminate\\Foundation\\Application->make('blade.compiler', Array)
#7 Command line code(1): app('Illuminate\\\\View...')
#8 {main}
  thrown at C:\\Users\\laity\\Desktop\\innosoft\\backend\\vendor\\laravel\\framework\\src\\Illuminate\\View\\Compilers\\Compiler.php:67)
[stacktrace]
#0 {main}
"} 
[2025-11-28 00:29:24] local.ERROR: Uncaught InvalidArgumentException: Please provide a valid cache path. in C:\Users\laity\Desktop\innosoft\backend\vendor\laravel\framework\src\Illuminate\View\Compilers\Compiler.php:67
Stack trace:
#0 C:\Users\laity\Desktop\innosoft\backend\vendor\laravel\framework\src\Illuminate\View\ViewServiceProvider.php(97): Illuminate\View\Compilers\Compiler->__construct(Object(Illuminate\Filesystem\Filesystem), NULL, '', true, 'php')
#1 C:\Users\laity\Desktop\innosoft\backend\vendor\laravel\framework\src\Illuminate\Container\Container.php(908): Illuminate\View\ViewServiceProvider->Illuminate\View\{closure}(Object(Illuminate\Foundation\Application), Array)
#2 C:\Users\laity\Desktop\innosoft\backend\vendor\laravel\framework\src\Illuminate\Container\Container.php(795): Illuminate\Container\Container->build(Object(Closure))
#3 C:\Users\laity\Desktop\innosoft\backend\vendor\laravel\framework\src\Illuminate\Foundation\Application.php(986): Illuminate\Container\Container->resolve('blade.compiler', Array, true)
#4 C:\Users\laity\Desktop\innosoft\backend\vendor\laravel\framework\src\Illuminate\Container\Container.php(731): Illuminate\Foundation\Application->resolve('blade.compiler', Array)
#5 C:\Users\laity\Desktop\innosoft\backend\vendor\laravel\framework\src\Illuminate\Foundation\Application.php(971): Illuminate\Container\Container->make('blade.compiler', Array)
#6 C:\Users\laity\Desktop\innosoft\backend\vendor\laravel\framework\src\Illuminate\Foundation\helpers.php(120): Illuminate\Foundation\Application->make('blade.compiler', Array)
#7 Command line code(1): app('Illuminate\\View...')
#8 {main}
  thrown {"exception":"[object] (Symfony\\Component\\ErrorHandler\\Error\\FatalError(code: 0): Uncaught InvalidArgumentException: Please provide a valid cache path. in C:\\Users\\laity\\Desktop\\innosoft\\backend\\vendor\\laravel\\framework\\src\\Illuminate\\View\\Compilers\\Compiler.php:67
Stack trace:
#0 C:\\Users\\laity\\Desktop\\innosoft\\backend\\vendor\\laravel\\framework\\src\\Illuminate\\View\\ViewServiceProvider.php(97): Illuminate\\View\\Compilers\\Compiler->__construct(Object(Illuminate\\Filesystem\\Filesystem), NULL, '', true, 'php')
#1 C:\\Users\\laity\\Desktop\\innosoft\\backend\\vendor\\laravel\\framework\\src\\Illuminate\\Container\\Container.php(908): Illuminate\\View\\ViewServiceProvider->Illuminate\\View\\{closure}(Object(Illuminate\\Foundation\\Application), Array)
#2 C:\\Users\\laity\\Desktop\\innosoft\\backend\\vendor\\laravel\\framework\\src\\Illuminate\\Container\\Container.php(795): Illuminate\\Container\\Container->build(Object(Closure))
#3 C:\\Users\\laity\\Desktop\\innosoft\\backend\\vendor\\laravel\\framework\\src\\Illuminate\\Foundation\\Application.php(986): Illuminate\\Container\\Container->resolve('blade.compiler', Array, true)
#4 C:\\Users\\laity\\Desktop\\innosoft\\backend\\vendor\\laravel\\framework\\src\\Illuminate\\Container\\Container.php(731): Illuminate\\Foundation\\Application->resolve('blade.compiler', Array)
#5 C:\\Users\\laity\\Desktop\\innosoft\\backend\\vendor\\laravel\\framework\\src\\Illuminate\\Foundation\\Application.php(971): Illuminate\\Container\\Container->make('blade.compiler', Array)
#6 C:\\Users\\laity\\Desktop\\innosoft\\backend\\vendor\\laravel\\framework\\src\\Illuminate\\Foundation\\helpers.php(120): Illuminate\\Foundation\\Application->make('blade.compiler', Array)
#7 Command line code(1): app('Illuminate\\\\View...')
#8 {main}
  thrown at C:\\Users\\laity\\Desktop\\innosoft\\backend\\vendor\\laravel\\framework\\src\\Illuminate\\View\\Compilers\\Compiler.php:67)
[stacktrace]
#0 {main}
"} 
[2025-11-28 00:34:49] local.ERROR: Uncaught InvalidArgumentException: Please provide a valid cache path. in C:\Users\laity\Desktop\innosoft\backend\vendor\laravel\framework\src\Illuminate\View\Compilers\Compiler.php:67
Stack trace:
#0 C:\Users\laity\Desktop\innosoft\backend\vendor\laravel\framework\src\Illuminate\View\ViewServiceProvider.php(97): Illuminate\View\Compilers\Compiler->__construct(Object(Illuminate\Filesystem\Filesystem), NULL, '', true, 'php')
#1 C:\Users\laity\Desktop\innosoft\backend\vendor\laravel\framework\src\Illuminate\Container\Container.php(908): Illuminate\View\ViewServiceProvider->Illuminate\View\{closure}(Object(Illuminate\Foundation\Application), Array)
#2 C:\Users\laity\Desktop\innosoft\backend\vendor\laravel\framework\src\Illuminate\Container\Container.php(795): Illuminate\Container\Container->build(Object(Closure))
#3 C:\Users\laity\Desktop\innosoft\backend\vendor\laravel\framework\src\Illuminate\Foundation\Application.php(986): Illuminate\Container\Container->resolve('blade.compiler', Array, true)
#4 C:\Users\laity\Desktop\innosoft\backend\vendor\laravel\framework\src\Illuminate\Container\Container.php(731): Illuminate\Foundation\Application->resolve('blade.compiler', Array)
#5 C:\Users\laity\Desktop\innosoft\backend\vendor\laravel\framework\src\Illuminate\Foundation\Application.php(971): Illuminate\Container\Container->make('blade.compiler', Array)
#6 C:\Users\laity\Desktop\innosoft\backend\vendor\laravel\framework\src\Illuminate\Foundation\helpers.php(120): Illuminate\Foundation\Application->make('blade.compiler', Array)
#7 Command line code(1): app('Illuminate\\View...')
#8 {main}
  thrown {"exception":"[object] (Symfony\\Component\\ErrorHandler\\Error\\FatalError(code: 0): Uncaught InvalidArgumentException: Please provide a valid cache path. in C:\\Users\\laity\\Desktop\\innosoft\\backend\\vendor\\laravel\\framework\\src\\Illuminate\\View\\Compilers\\Compiler.php:67
Stack trace:
#0 C:\\Users\\laity\\Desktop\\innosoft\\backend\\vendor\\laravel\\framework\\src\\Illuminate\\View\\ViewServiceProvider.php(97): Illuminate\\View\\Compilers\\Compiler->__construct(Object(Illuminate\\Filesystem\\Filesystem), NULL, '', true, 'php')
#1 C:\\Users\\laity\\Desktop\\innosoft\\backend\\vendor\\laravel\\framework\\src\\Illuminate\\Container\\Container.php(908): Illuminate\\View\\ViewServiceProvider->Illuminate\\View\\{closure}(Object(Illuminate\\Foundation\\Application), Array)
#2 C:\\Users\\laity\\Desktop\\innosoft\\backend\\vendor\\laravel\\framework\\src\\Illuminate\\Container\\Container.php(795): Illuminate\\Container\\Container->build(Object(Closure))
#3 C:\\Users\\laity\\Desktop\\innosoft\\backend\\vendor\\laravel\\framework\\src\\Illuminate\\Foundation\\Application.php(986): Illuminate\\Container\\Container->resolve('blade.compiler', Array, true)
#4 C:\\Users\\laity\\Desktop\\innosoft\\backend\\vendor\\laravel\\framework\\src\\Illuminate\\Container\\Container.php(731): Illuminate\\Foundation\\Application->resolve('blade.compiler', Array)
#5 C:\\Users\\laity\\Desktop\\innosoft\\backend\\vendor\\laravel\\framework\\src\\Illuminate\\Foundation\\Application.php(971): Illuminate\\Container\\Container->make('blade.compiler', Array)
#6 C:\\Users\\laity\\Desktop\\innosoft\\backend\\vendor\\laravel\\framework\\src\\Illuminate\\Foundation\\helpers.php(120): Illuminate\\Foundation\\Application->make('blade.compiler', Array)
#7 Command line code(1): app('Illuminate\\\\View...')
#8 {main}
  thrown at C:\\Users\\laity\\Desktop\\innosoft\\backend\\vendor\\laravel\\framework\\src\\Illuminate\\View\\Compilers\\Compiler.php:67)
[stacktrace]
#0 {main}
"} 
[2025-11-28 00:39:33] local.ERROR: Uncaught InvalidArgumentException: Please provide a valid cache path. in C:\Users\laity\Desktop\innosoft\backend\vendor\laravel\framework\src\Illuminate\View\Compilers\Compiler.php:67
Stack trace:
#0 C:\Users\laity\Desktop\innosoft\backend\vendor\laravel\framework\src\Illuminate\View\ViewServiceProvider.php(97): Illuminate\View\Compilers\Compiler->__construct(Object(Illuminate\Filesystem\Filesystem), NULL, '', true, 'php')
#1 C:\Users\laity\Desktop\innosoft\backend\vendor\laravel\framework\src\Illuminate\Container\Container.php(908): Illuminate\View\ViewServiceProvider->Illuminate\View\{closure}(Object(Illuminate\Foundation\Application), Array)
#2 C:\Users\laity\Desktop\innosoft\backend\vendor\laravel\framework\src\Illuminate\Container\Container.php(795): Illuminate\Container\Container->build(Object(Closure))
#3 C:\Users\laity\Desktop\innosoft\backend\vendor\laravel\framework\src\Illuminate\Foundation\Application.php(986): Illuminate\Container\Container->resolve('blade.compiler', Array, true)
#4 C:\Users\laity\Desktop\innosoft\backend\vendor\laravel\framework\src\Illuminate\Container\Container.php(731): Illuminate\Foundation\Application->resolve('blade.compiler', Array)
#5 C:\Users\laity\Desktop\innosoft\backend\vendor\laravel\framework\src\Illuminate\Foundation\Application.php(971): Illuminate\Container\Container->make('blade.compiler', Array)
#6 C:\Users\laity\Desktop\innosoft\backend\vendor\laravel\framework\src\Illuminate\Foundation\helpers.php(120): Illuminate\Foundation\Application->make('blade.compiler', Array)
#7 Command line code(1): app('Illuminate\\View...')
#8 {main}
  thrown {"exception":"[object] (Symfony\\Component\\ErrorHandler\\Error\\FatalError(code: 0): Uncaught InvalidArgumentException: Please provide a valid cache path. in C:\\Users\\laity\\Desktop\\innosoft\\backend\\vendor\\laravel\\framework\\src\\Illuminate\\View\\Compilers\\Compiler.php:67
Stack trace:
#0 C:\\Users\\laity\\Desktop\\innosoft\\backend\\vendor\\laravel\\framework\\src\\Illuminate\\View\\ViewServiceProvider.php(97): Illuminate\\View\\Compilers\\Compiler->__construct(Object(Illuminate\\Filesystem\\Filesystem), NULL, '', true, 'php')
#1 C:\\Users\\laity\\Desktop\\innosoft\\backend\\vendor\\laravel\\framework\\src\\Illuminate\\Container\\Container.php(908): Illuminate\\View\\ViewServiceProvider->Illuminate\\View\\{closure}(Object(Illuminate\\Foundation\\Application), Array)
#2 C:\\Users\\laity\\Desktop\\innosoft\\backend\\vendor\\laravel\\framework\\src\\Illuminate\\Container\\Container.php(795): Illuminate\\Container\\Container->build(Object(Closure))
#3 C:\\Users\\laity\\Desktop\\innosoft\\backend\\vendor\\laravel\\framework\\src\\Illuminate\\Foundation\\Application.php(986): Illuminate\\Container\\Container->resolve('blade.compiler', Array, true)
#4 C:\\Users\\laity\\Desktop\\innosoft\\backend\\vendor\\laravel\\framework\\src\\Illuminate\\Container\\Container.php(731): Illuminate\\Foundation\\Application->resolve('blade.compiler', Array)
#5 C:\\Users\\laity\\Desktop\\innosoft\\backend\\vendor\\laravel\\framework\\src\\Illuminate\\Foundation\\Application.php(971): Illuminate\\Container\\Container->make('blade.compiler', Array)
#6 C:\\Users\\laity\\Desktop\\innosoft\\backend\\vendor\\laravel\\framework\\src\\Illuminate\\Foundation\\helpers.php(120): Illuminate\\Foundation\\Application->make('blade.compiler', Array)
#7 Command line code(1): app('Illuminate\\\\View...')
#8 {main}
  thrown at C:\\Users\\laity\\Desktop\\innosoft\\backend\\vendor\\laravel\\framework\\src\\Illuminate\\View\\Compilers\\Compiler.php:67)
[stacktrace]
#0 {main}
"} 
[2025-11-28 00:45:03] local.ERROR: Uncaught InvalidArgumentException: Please provide a valid cache path. in C:\Users\laity\Desktop\innosoft\backend\vendor\laravel\framework\src\Illuminate\View\Compilers\Compiler.php:67
Stack trace:
#0 C:\Users\laity\Desktop\innosoft\backend\vendor\laravel\framework\src\Illuminate\View\ViewServiceProvider.php(97): Illuminate\View\Compilers\Compiler->__construct(Object(Illuminate\Filesystem\Filesystem), NULL, '', true, 'php')
#1 C:\Users\laity\Desktop\innosoft\backend\vendor\laravel\framework\src\Illuminate\Container\Container.php(908): Illuminate\View\ViewServiceProvider->Illuminate\View\{closure}(Object(Illuminate\Foundation\Application), Array)
#2 C:\Users\laity\Desktop\innosoft\backend\vendor\laravel\framework\src\Illuminate\Container\Container.php(795): Illuminate\Container\Container->build(Object(Closure))
#3 C:\Users\laity\Desktop\innosoft\backend\vendor\laravel\framework\src\Illuminate\Foundation\Application.php(986): Illuminate\Container\Container->resolve('blade.compiler', Array, true)
#4 C:\Users\laity\Desktop\innosoft\backend\vendor\laravel\framework\src\Illuminate\Container\Container.php(731): Illuminate\Foundation\Application->resolve('blade.compiler', Array)
#5 C:\Users\laity\Desktop\innosoft\backend\vendor\laravel\framework\src\Illuminate\Foundation\Application.php(971): Illuminate\Container\Container->make('blade.compiler', Array)
#6 C:\Users\laity\Desktop\innosoft\backend\vendor\laravel\framework\src\Illuminate\Foundation\helpers.php(120): Illuminate\Foundation\Application->make('blade.compiler', Array)
#7 Command line code(1): app('Illuminate\\View...')
#8 {main}
  thrown {"exception":"[object] (Symfony\\Component\\ErrorHandler\\Error\\FatalError(code: 0): Uncaught InvalidArgumentException: Please provide a valid cache path. in C:\\Users\\laity\\Desktop\\innosoft\\backend\\vendor\\laravel\\framework\\src\\Illuminate\\View\\Compilers\\Compiler.php:67
Stack trace:
#0 C:\\Users\\laity\\Desktop\\innosoft\\backend\\vendor\\laravel\\framework\\src\\Illuminate\\View\\ViewServiceProvider.php(97): Illuminate\\View\\Compilers\\Compiler->__construct(Object(Illuminate\\Filesystem\\Filesystem), NULL, '', true, 'php')
#1 C:\\Users\\laity\\Desktop\\innosoft\\backend\\vendor\\laravel\\framework\\src\\Illuminate\\Container\\Container.php(908): Illuminate\\View\\ViewServiceProvider->Illuminate\\View\\{closure}(Object(Illuminate\\Foundation\\Application), Array)
#2 C:\\Users\\laity\\Desktop\\innosoft\\backend\\vendor\\laravel\\framework\\src\\Illuminate\\Container\\Container.php(795): Illuminate\\Container\\Container->build(Object(Closure))
#3 C:\\Users\\laity\\Desktop\\innosoft\\backend\\vendor\\laravel\\framework\\src\\Illuminate\\Foundation\\Application.php(986): Illuminate\\Container\\Container->resolve('blade.compiler', Array, true)
#4 C:\\Users\\laity\\Desktop\\innosoft\\backend\\vendor\\laravel\\framework\\src\\Illuminate\\Container\\Container.php(731): Illuminate\\Foundation\\Application->resolve('blade.compiler', Array)
#5 C:\\Users\\laity\\Desktop\\innosoft\\backend\\vendor\\laravel\\framework\\src\\Illuminate\\Foundation\\Application.php(971): Illuminate\\Container\\Container->make('blade.compiler', Array)
#6 C:\\Users\\laity\\Desktop\\innosoft\\backend\\vendor\\laravel\\framework\\src\\Illuminate\\Foundation\\helpers.php(120): Illuminate\\Foundation\\Application->make('blade.compiler', Array)
#7 Command line code(1): app('Illuminate\\\\View...')
#8 {main}
  thrown at C:\\Users\\laity\\Desktop\\innosoft\\backend\\vendor\\laravel\\framework\\src\\Illuminate\\View\\Compilers\\Compiler.php:67)
[stacktrace]
#0 {main}
"} 
[2025-11-28 00:49:45] local.ERROR: Uncaught InvalidArgumentException: Please provide a valid cache path. in C:\Users\laity\Desktop\innosoft\backend\vendor\laravel\framework\src\Illuminate\View\Compilers\Compiler.php:67
Stack trace:
#0 C:\Users\laity\Desktop\innosoft\backend\vendor\laravel\framework\src\Illuminate\View\ViewServiceProvider.php(97): Illuminate\View\Compilers\Compiler->__construct(Object(Illuminate\Filesystem\Filesystem), NULL, '', true, 'php')
#1 C:\Users\laity\Desktop\innosoft\backend\vendor\laravel\framework\src\Illuminate\Container\Container.php(908): Illuminate\View\ViewServiceProvider->Illuminate\View\{closure}(Object(Illuminate\Foundation\Application), Array)
#2 C:\Users\laity\Desktop\innosoft\backend\vendor\laravel\framework\src\Illuminate\Container\Container.php(795): Illuminate\Container\Container->build(Object(Closure))
#3 C:\Users\laity\Desktop\innosoft\backend\vendor\laravel\framework\src\Illuminate\Foundation\Application.php(986): Illuminate\Container\Container->resolve('blade.compiler', Array, true)
#4 C:\Users\laity\Desktop\innosoft\backend\vendor\laravel\framework\src\Illuminate\Container\Container.php(731): Illuminate\Foundation\Application->resolve('blade.compiler', Array)
#5 C:\Users\laity\Desktop\innosoft\backend\vendor\laravel\framework\src\Illuminate\Foundation\Application.php(971): Illuminate\Container\Container->make('blade.compiler', Array)
#6 C:\Users\laity\Desktop\innosoft\backend\vendor\laravel\framework\src\Illuminate\Foundation\helpers.php(120): Illuminate\Foundation\Application->make('blade.compiler', Array)
#7 Command line code(1): app('Illuminate\\View...')
#8 {main}
  thrown {"exception":"[object] (Symfony\\Component\\ErrorHandler\\Error\\FatalError(code: 0): Uncaught InvalidArgumentException: Please provide a valid cache path. in C:\\Users\\laity\\Desktop\\innosoft\\backend\\vendor\\laravel\\framework\\src\\Illuminate\\View\\Compilers\\Compiler.php:67
Stack trace:
#0 C:\\Users\\laity\\Desktop\\innosoft\\backend\\vendor\\laravel\\framework\\src\\Illuminate\\View\\ViewServiceProvider.php(97): Illuminate\\View\\Compilers\\Compiler->__construct(Object(Illuminate\\Filesystem\\Filesystem), NULL, '', true, 'php')
#1 C:\\Users\\laity\\Desktop\\innosoft\\backend\\vendor\\laravel\\framework\\src\\Illuminate\\Container\\Container.php(908): Illuminate\\View\\ViewServiceProvider->Illuminate\\View\\{closure}(Object(Illuminate\\Foundation\\Application), Array)
#2 C:\\Users\\laity\\Desktop\\innosoft\\backend\\vendor\\laravel\\framework\\src\\Illuminate\\Container\\Container.php(795): Illuminate\\Container\\Container->build(Object(Closure))
#3 C:\\Users\\laity\\Desktop\\innosoft\\backend\\vendor\\laravel\\framework\\src\\Illuminate\\Foundation\\Application.php(986): Illuminate\\Container\\Container->resolve('blade.compiler', Array, true)
#4 C:\\Users\\laity\\Desktop\\innosoft\\backend\\vendor\\laravel\\framework\\src\\Illuminate\\Container\\Container.php(731): Illuminate\\Foundation\\Application->resolve('blade.compiler', Array)
#5 C:\\Users\\laity\\Desktop\\innosoft\\backend\\vendor\\laravel\\framework\\src\\Illuminate\\Foundation\\Application.php(971): Illuminate\\Container\\Container->make('blade.compiler', Array)
#6 C:\\Users\\laity\\Desktop\\innosoft\\backend\\vendor\\laravel\\framework\\src\\Illuminate\\Foundation\\helpers.php(120): Illuminate\\Foundation\\Application->make('blade.compiler', Array)
#7 Command line code(1): app('Illuminate\\\\View...')
#8 {main}
  thrown at C:\\Users\\laity\\Desktop\\innosoft\\backend\\vendor\\laravel\\framework\\src\\Illuminate\\View\\Compilers\\Compiler.php:67)
[stacktrace]
#0 {main}
"} 
[2025-11-28 00:54:54] local.ERROR: Uncaught InvalidArgumentException: Please provide a valid cache path. in C:\Users\laity\Desktop\innosoft\backend\vendor\laravel\framework\src\Illuminate\View\Compilers\Compiler.php:67
Stack trace:
#0 C:\Users\laity\Desktop\innosoft\backend\vendor\laravel\framework\src\Illuminate\View\ViewServiceProvider.php(97): Illuminate\View\Compilers\Compiler->__construct(Object(Illuminate\Filesystem\Filesystem), NULL, '', true, 'php')
#1 C:\Users\laity\Desktop\innosoft\backend\vendor\laravel\framework\src\Illuminate\Container\Container.php(908): Illuminate\View\ViewServiceProvider->Illuminate\View\{closure}(Object(Illuminate\Foundation\Application), Array)
#2 C:\Users\laity\Desktop\innosoft\backend\vendor\laravel\framework\src\Illuminate\Container\Container.php(795): Illuminate\Container\Container->build(Object(Closure))
#3 C:\Users\laity\Desktop\innosoft\backend\vendor\laravel\framework\src\Illuminate\Foundation\Application.php(986): Illuminate\Container\Container->resolve('blade.compiler', Array, true)
#4 C:\Users\laity\Desktop\innosoft\backend\vendor\laravel\framework\src\Illuminate\Container\Container.php(731): Illuminate\Foundation\Application->resolve('blade.compiler', Array)
#5 C:\Users\laity\Desktop\innosoft\backend\vendor\laravel\framework\src\Illuminate\Foundation\Application.php(971): Illuminate\Container\Container->make('blade.compiler', Array)
#6 C:\Users\laity\Desktop\innosoft\backend\vendor\laravel\framework\src\Illuminate\Foundation\helpers.php(120): Illuminate\Foundation\Application->make('blade.compiler', Array)
#7 Command line code(1): app('Illuminate\\View...')
#8 {main}
  thrown {"exception":"[object] (Symfony\\Component\\ErrorHandler\\Error\\FatalError(code: 0): Uncaught InvalidArgumentException: Please provide a valid cache path. in C:\\Users\\laity\\Desktop\\innosoft\\backend\\vendor\\laravel\\framework\\src\\Illuminate\\View\\Compilers\\Compiler.php:67
Stack trace:
#0 C:\\Users\\laity\\Desktop\\innosoft\\backend\\vendor\\laravel\\framework\\src\\Illuminate\\View\\ViewServiceProvider.php(97): Illuminate\\View\\Compilers\\Compiler->__construct(Object(Illuminate\\Filesystem\\Filesystem), NULL, '', true, 'php')
#1 C:\\Users\\laity\\Desktop\\innosoft\\backend\\vendor\\laravel\\framework\\src\\Illuminate\\Container\\Container.php(908): Illuminate\\View\\ViewServiceProvider->Illuminate\\View\\{closure}(Object(Illuminate\\Foundation\\Application), Array)
#2 C:\\Users\\laity\\Desktop\\innosoft\\backend\\vendor\\laravel\\framework\\src\\Illuminate\\Container\\Container.php(795): Illuminate\\Container\\Container->build(Object(Closure))
#3 C:\\Users\\laity\\Desktop\\innosoft\\backend\\vendor\\laravel\\framework\\src\\Illuminate\\Foundation\\Application.php(986): Illuminate\\Container\\Container->resolve('blade.compiler', Array, true)
#4 C:\\Users\\laity\\Desktop\\innosoft\\backend\\vendor\\laravel\\framework\\src\\Illuminate\\Container\\Container.php(731): Illuminate\\Foundation\\Application->resolve('blade.compiler', Array)
#5 C:\\Users\\laity\\Desktop\\innosoft\\backend\\vendor\\laravel\\framework\\src\\Illuminate\\Foundation\\Application.php(971): Illuminate\\Container\\Container->make('blade.compiler', Array)
#6 C:\\Users\\laity\\Desktop\\innosoft\\backend\\vendor\\laravel\\framework\\src\\Illuminate\\Foundation\\helpers.php(120): Illuminate\\Foundation\\Application->make('blade.compiler', Array)
#7 Command line code(1): app('Illuminate\\\\View...')
#8 {main}
  thrown at C:\\Users\\laity\\Desktop\\innosoft\\backend\\vendor\\laravel\\framework\\src\\Illuminate\\View\\Compilers\\Compiler.php:67)
[stacktrace]
#0 {main}
"} 
[2025-11-28 00:59:19] local.ERROR: Uncaught InvalidArgumentException: Please provide a valid cache path. in C:\Users\laity\Desktop\innosoft\backend\vendor\laravel\framework\src\Illuminate\View\Compilers\Compiler.php:67
Stack trace:
#0 C:\Users\laity\Desktop\innosoft\backend\vendor\laravel\framework\src\Illuminate\View\ViewServiceProvider.php(97): Illuminate\View\Compilers\Compiler->__construct(Object(Illuminate\Filesystem\Filesystem), NULL, '', true, 'php')
#1 C:\Users\laity\Desktop\innosoft\backend\vendor\laravel\framework\src\Illuminate\Container\Container.php(908): Illuminate\View\ViewServiceProvider->Illuminate\View\{closure}(Object(Illuminate\Foundation\Application), Array)
#2 C:\Users\laity\Desktop\innosoft\backend\vendor\laravel\framework\src\Illuminate\Container\Container.php(795): Illuminate\Container\Container->build(Object(Closure))
#3 C:\Users\laity\Desktop\innosoft\backend\vendor\laravel\framework\src\Illuminate\Foundation\Application.php(986): Illuminate\Container\Container->resolve('blade.compiler', Array, true)
#4 C:\Users\laity\Desktop\innosoft\backend\vendor\laravel\framework\src\Illuminate\Container\Container.php(731): Illuminate\Foundation\Application->resolve('blade.compiler', Array)
#5 C:\Users\laity\Desktop\innosoft\backend\vendor\laravel\framework\src\Illuminate\Foundation\Application.php(971): Illuminate\Container\Container->make('blade.compiler', Array)
#6 C:\Users\laity\Desktop\innosoft\backend\vendor\laravel\framework\src\Illuminate\Foundation\helpers.php(120): Illuminate\Foundation\Application->make('blade.compiler', Array)
#7 Command line code(1): app('Illuminate\\View...')
#8 {main}
  thrown {"exception":"[object] (Symfony\\Component\\ErrorHandler\\Error\\FatalError(code: 0): Uncaught InvalidArgumentException: Please provide a valid cache path. in C:\\Users\\laity\\Desktop\\innosoft\\backend\\vendor\\laravel\\framework\\src\\Illuminate\\View\\Compilers\\Compiler.php:67
Stack trace:
#0 C:\\Users\\laity\\Desktop\\innosoft\\backend\\vendor\\laravel\\framework\\src\\Illuminate\\View\\ViewServiceProvider.php(97): Illuminate\\View\\Compilers\\Compiler->__construct(Object(Illuminate\\Filesystem\\Filesystem), NULL, '', true, 'php')
#1 C:\\Users\\laity\\Desktop\\innosoft\\backend\\vendor\\laravel\\framework\\src\\Illuminate\\Container\\Container.php(908): Illuminate\\View\\ViewServiceProvider->Illuminate\\View\\{closure}(Object(Illuminate\\Foundation\\Application), Array)
#2 C:\\Users\\laity\\Desktop\\innosoft\\backend\\vendor\\laravel\\framework\\src\\Illuminate\\Container\\Container.php(795): Illuminate\\Container\\Container->build(Object(Closure))
#3 C:\\Users\\laity\\Desktop\\innosoft\\backend\\vendor\\laravel\\framework\\src\\Illuminate\\Foundation\\Application.php(986): Illuminate\\Container\\Container->resolve('blade.compiler', Array, true)
#4 C:\\Users\\laity\\Desktop\\innosoft\\backend\\vendor\\laravel\\framework\\src\\Illuminate\\Container\\Container.php(731): Illuminate\\Foundation\\Application->resolve('blade.compiler', Array)
#5 C:\\Users\\laity\\Desktop\\innosoft\\backend\\vendor\\laravel\\framework\\src\\Illuminate\\Foundation\\Application.php(971): Illuminate\\Container\\Container->make('blade.compiler', Array)
#6 C:\\Users\\laity\\Desktop\\innosoft\\backend\\vendor\\laravel\\framework\\src\\Illuminate\\Foundation\\helpers.php(120): Illuminate\\Foundation\\Application->make('blade.compiler', Array)
#7 Command line code(1): app('Illuminate\\\\View...')
#8 {main}
  thrown at C:\\Users\\laity\\Desktop\\innosoft\\backend\\vendor\\laravel\\framework\\src\\Illuminate\\View\\Compilers\\Compiler.php:67)
[stacktrace]
#0 {main}
"} 
[2025-11-28 01:04:44] local.ERROR: Uncaught InvalidArgumentException: Please provide a valid cache path. in C:\Users\laity\Desktop\innosoft\backend\vendor\laravel\framework\src\Illuminate\View\Compilers\Compiler.php:67
Stack trace:
#0 C:\Users\laity\Desktop\innosoft\backend\vendor\laravel\framework\src\Illuminate\View\ViewServiceProvider.php(97): Illuminate\View\Compilers\Compiler->__construct(Object(Illuminate\Filesystem\Filesystem), NULL, '', true, 'php')
#1 C:\Users\laity\Desktop\innosoft\backend\vendor\laravel\framework\src\Illuminate\Container\Container.php(908): Illuminate\View\ViewServiceProvider->Illuminate\View\{closure}(Object(Illuminate\Foundation\Application), Array)
#2 C:\Users\laity\Desktop\innosoft\backend\vendor\laravel\framework\src\Illuminate\Container\Container.php(795): Illuminate\Container\Container->build(Object(Closure))
#3 C:\Users\laity\Desktop\innosoft\backend\vendor\laravel\framework\src\Illuminate\Foundation\Application.php(986): Illuminate\Container\Container->resolve('blade.compiler', Array, true)
#4 C:\Users\laity\Desktop\innosoft\backend\vendor\laravel\framework\src\Illuminate\Container\Container.php(731): Illuminate\Foundation\Application->resolve('blade.compiler', Array)
#5 C:\Users\laity\Desktop\innosoft\backend\vendor\laravel\framework\src\Illuminate\Foundation\Application.php(971): Illuminate\Container\Container->make('blade.compiler', Array)
#6 C:\Users\laity\Desktop\innosoft\backend\vendor\laravel\framework\src\Illuminate\Foundation\helpers.php(120): Illuminate\Foundation\Application->make('blade.compiler', Array)
#7 Command line code(1): app('Illuminate\\View...')
#8 {main}
  thrown {"exception":"[object] (Symfony\\Component\\ErrorHandler\\Error\\FatalError(code: 0): Uncaught InvalidArgumentException: Please provide a valid cache path. in C:\\Users\\laity\\Desktop\\innosoft\\backend\\vendor\\laravel\\framework\\src\\Illuminate\\View\\Compilers\\Compiler.php:67
Stack trace:
#0 C:\\Users\\laity\\Desktop\\innosoft\\backend\\vendor\\laravel\\framework\\src\\Illuminate\\View\\ViewServiceProvider.php(97): Illuminate\\View\\Compilers\\Compiler->__construct(Object(Illuminate\\Filesystem\\Filesystem), NULL, '', true, 'php')
#1 C:\\Users\\laity\\Desktop\\innosoft\\backend\\vendor\\laravel\\framework\\src\\Illuminate\\Container\\Container.php(908): Illuminate\\View\\ViewServiceProvider->Illuminate\\View\\{closure}(Object(Illuminate\\Foundation\\Application), Array)
#2 C:\\Users\\laity\\Desktop\\innosoft\\backend\\vendor\\laravel\\framework\\src\\Illuminate\\Container\\Container.php(795): Illuminate\\Container\\Container->build(Object(Closure))
#3 C:\\Users\\laity\\Desktop\\innosoft\\backend\\vendor\\laravel\\framework\\src\\Illuminate\\Foundation\\Application.php(986): Illuminate\\Container\\Container->resolve('blade.compiler', Array, true)
#4 C:\\Users\\laity\\Desktop\\innosoft\\backend\\vendor\\laravel\\framework\\src\\Illuminate\\Container\\Container.php(731): Illuminate\\Foundation\\Application->resolve('blade.compiler', Array)
#5 C:\\Users\\laity\\Desktop\\innosoft\\backend\\vendor\\laravel\\framework\\src\\Illuminate\\Foundation\\Application.php(971): Illuminate\\Container\\Container->make('blade.compiler', Array)
#6 C:\\Users\\laity\\Desktop\\innosoft\\backend\\vendor\\laravel\\framework\\src\\Illuminate\\Foundation\\helpers.php(120): Illuminate\\Foundation\\Application->make('blade.compiler', Array)
#7 Command line code(1): app('Illuminate\\\\View...')
#8 {main}
  thrown at C:\\Users\\laity\\Desktop\\innosoft\\backend\\vendor\\laravel\\framework\\src\\Illuminate\\View\\Compilers\\Compiler.php:67)
[stacktrace]
#0 {main}
"} 
[2025-11-28 01:09:19] local.ERROR: Uncaught InvalidArgumentException: Please provide a valid cache path. in C:\Users\laity\Desktop\innosoft\backend\vendor\laravel\framework\src\Illuminate\View\Compilers\Compiler.php:67
Stack trace:
#0 C:\Users\laity\Desktop\innosoft\backend\vendor\laravel\framework\src\Illuminate\View\ViewServiceProvider.php(97): Illuminate\View\Compilers\Compiler->__construct(Object(Illuminate\Filesystem\Filesystem), NULL, '', true, 'php')
#1 C:\Users\laity\Desktop\innosoft\backend\vendor\laravel\framework\src\Illuminate\Container\Container.php(908): Illuminate\View\ViewServiceProvider->Illuminate\View\{closure}(Object(Illuminate\Foundation\Application), Array)
#2 C:\Users\laity\Desktop\innosoft\backend\vendor\laravel\framework\src\Illuminate\Container\Container.php(795): Illuminate\Container\Container->build(Object(Closure))
#3 C:\Users\laity\Desktop\innosoft\backend\vendor\laravel\framework\src\Illuminate\Foundation\Application.php(986): Illuminate\Container\Container->resolve('blade.compiler', Array, true)
#4 C:\Users\laity\Desktop\innosoft\backend\vendor\laravel\framework\src\Illuminate\Container\Container.php(731): Illuminate\Foundation\Application->resolve('blade.compiler', Array)
#5 C:\Users\laity\Desktop\innosoft\backend\vendor\laravel\framework\src\Illuminate\Foundation\Application.php(971): Illuminate\Container\Container->make('blade.compiler', Array)
#6 C:\Users\laity\Desktop\innosoft\backend\vendor\laravel\framework\src\Illuminate\Foundation\helpers.php(120): Illuminate\Foundation\Application->make('blade.compiler', Array)
#7 Command line code(1): app('Illuminate\\View...')
#8 {main}
  thrown {"exception":"[object] (Symfony\\Component\\ErrorHandler\\Error\\FatalError(code: 0): Uncaught InvalidArgumentException: Please provide a valid cache path. in C:\\Users\\laity\\Desktop\\innosoft\\backend\\vendor\\laravel\\framework\\src\\Illuminate\\View\\Compilers\\Compiler.php:67
Stack trace:
#0 C:\\Users\\laity\\Desktop\\innosoft\\backend\\vendor\\laravel\\framework\\src\\Illuminate\\View\\ViewServiceProvider.php(97): Illuminate\\View\\Compilers\\Compiler->__construct(Object(Illuminate\\Filesystem\\Filesystem), NULL, '', true, 'php')
#1 C:\\Users\\laity\\Desktop\\innosoft\\backend\\vendor\\laravel\\framework\\src\\Illuminate\\Container\\Container.php(908): Illuminate\\View\\ViewServiceProvider->Illuminate\\View\\{closure}(Object(Illuminate\\Foundation\\Application), Array)
#2 C:\\Users\\laity\\Desktop\\innosoft\\backend\\vendor\\laravel\\framework\\src\\Illuminate\\Container\\Container.php(795): Illuminate\\Container\\Container->build(Object(Closure))
#3 C:\\Users\\laity\\Desktop\\innosoft\\backend\\vendor\\laravel\\framework\\src\\Illuminate\\Foundation\\Application.php(986): Illuminate\\Container\\Container->resolve('blade.compiler', Array, true)
#4 C:\\Users\\laity\\Desktop\\innosoft\\backend\\vendor\\laravel\\framework\\src\\Illuminate\\Container\\Container.php(731): Illuminate\\Foundation\\Application->resolve('blade.compiler', Array)
#5 C:\\Users\\laity\\Desktop\\innosoft\\backend\\vendor\\laravel\\framework\\src\\Illuminate\\Foundation\\Application.php(971): Illuminate\\Container\\Container->make('blade.compiler', Array)
#6 C:\\Users\\laity\\Desktop\\innosoft\\backend\\vendor\\laravel\\framework\\src\\Illuminate\\Foundation\\helpers.php(120): Illuminate\\Foundation\\Application->make('blade.compiler', Array)
#7 Command line code(1): app('Illuminate\\\\View...')
#8 {main}
  thrown at C:\\Users\\laity\\Desktop\\innosoft\\backend\\vendor\\laravel\\framework\\src\\Illuminate\\View\\Compilers\\Compiler.php:67)
[stacktrace]
#0 {main}
"} 
[2025-11-28 01:14:44] local.ERROR: Uncaught InvalidArgumentException: Please provide a valid cache path. in C:\Users\laity\Desktop\innosoft\backend\vendor\laravel\framework\src\Illuminate\View\Compilers\Compiler.php:67
Stack trace:
#0 C:\Users\laity\Desktop\innosoft\backend\vendor\laravel\framework\src\Illuminate\View\ViewServiceProvider.php(97): Illuminate\View\Compilers\Compiler->__construct(Object(Illuminate\Filesystem\Filesystem), NULL, '', true, 'php')
#1 C:\Users\laity\Desktop\innosoft\backend\vendor\laravel\framework\src\Illuminate\Container\Container.php(908): Illuminate\View\ViewServiceProvider->Illuminate\View\{closure}(Object(Illuminate\Foundation\Application), Array)
#2 C:\Users\laity\Desktop\innosoft\backend\vendor\laravel\framework\src\Illuminate\Container\Container.php(795): Illuminate\Container\Container->build(Object(Closure))
#3 C:\Users\laity\Desktop\innosoft\backend\vendor\laravel\framework\src\Illuminate\Foundation\Application.php(986): Illuminate\Container\Container->resolve('blade.compiler', Array, true)
#4 C:\Users\laity\Desktop\innosoft\backend\vendor\laravel\framework\src\Illuminate\Container\Container.php(731): Illuminate\Foundation\Application->resolve('blade.compiler', Array)
#5 C:\Users\laity\Desktop\innosoft\backend\vendor\laravel\framework\src\Illuminate\Foundation\Application.php(971): Illuminate\Container\Container->make('blade.compiler', Array)
#6 C:\Users\laity\Desktop\innosoft\backend\vendor\laravel\framework\src\Illuminate\Foundation\helpers.php(120): Illuminate\Foundation\Application->make('blade.compiler', Array)
#7 Command line code(1): app('Illuminate\\View...')
#8 {main}
  thrown {"exception":"[object] (Symfony\\Component\\ErrorHandler\\Error\\FatalError(code: 0): Uncaught InvalidArgumentException: Please provide a valid cache path. in C:\\Users\\laity\\Desktop\\innosoft\\backend\\vendor\\laravel\\framework\\src\\Illuminate\\View\\Compilers\\Compiler.php:67
Stack trace:
#0 C:\\Users\\laity\\Desktop\\innosoft\\backend\\vendor\\laravel\\framework\\src\\Illuminate\\View\\ViewServiceProvider.php(97): Illuminate\\View\\Compilers\\Compiler->__construct(Object(Illuminate\\Filesystem\\Filesystem), NULL, '', true, 'php')
#1 C:\\Users\\laity\\Desktop\\innosoft\\backend\\vendor\\laravel\\framework\\src\\Illuminate\\Container\\Container.php(908): Illuminate\\View\\ViewServiceProvider->Illuminate\\View\\{closure}(Object(Illuminate\\Foundation\\Application), Array)
#2 C:\\Users\\laity\\Desktop\\innosoft\\backend\\vendor\\laravel\\framework\\src\\Illuminate\\Container\\Container.php(795): Illuminate\\Container\\Container->build(Object(Closure))
#3 C:\\Users\\laity\\Desktop\\innosoft\\backend\\vendor\\laravel\\framework\\src\\Illuminate\\Foundation\\Application.php(986): Illuminate\\Container\\Container->resolve('blade.compiler', Array, true)
#4 C:\\Users\\laity\\Desktop\\innosoft\\backend\\vendor\\laravel\\framework\\src\\Illuminate\\Container\\Container.php(731): Illuminate\\Foundation\\Application->resolve('blade.compiler', Array)
#5 C:\\Users\\laity\\Desktop\\innosoft\\backend\\vendor\\laravel\\framework\\src\\Illuminate\\Foundation\\Application.php(971): Illuminate\\Container\\Container->make('blade.compiler', Array)
#6 C:\\Users\\laity\\Desktop\\innosoft\\backend\\vendor\\laravel\\framework\\src\\Illuminate\\Foundation\\helpers.php(120): Illuminate\\Foundation\\Application->make('blade.compiler', Array)
#7 Command line code(1): app('Illuminate\\\\View...')
#8 {main}
  thrown at C:\\Users\\laity\\Desktop\\innosoft\\backend\\vendor\\laravel\\framework\\src\\Illuminate\\View\\Compilers\\Compiler.php:67)
[stacktrace]
#0 {main}
"} 
[2025-11-28 01:19:47] local.ERROR: Uncaught InvalidArgumentException: Please provide a valid cache path. in C:\Users\laity\Desktop\innosoft\backend\vendor\laravel\framework\src\Illuminate\View\Compilers\Compiler.php:67
Stack trace:
#0 C:\Users\laity\Desktop\innosoft\backend\vendor\laravel\framework\src\Illuminate\View\ViewServiceProvider.php(97): Illuminate\View\Compilers\Compiler->__construct(Object(Illuminate\Filesystem\Filesystem), NULL, '', true, 'php')
#1 C:\Users\laity\Desktop\innosoft\backend\vendor\laravel\framework\src\Illuminate\Container\Container.php(908): Illuminate\View\ViewServiceProvider->Illuminate\View\{closure}(Object(Illuminate\Foundation\Application), Array)
#2 C:\Users\laity\Desktop\innosoft\backend\vendor\laravel\framework\src\Illuminate\Container\Container.php(795): Illuminate\Container\Container->build(Object(Closure))
#3 C:\Users\laity\Desktop\innosoft\backend\vendor\laravel\framework\src\Illuminate\Foundation\Application.php(986): Illuminate\Container\Container->resolve('blade.compiler', Array, true)
#4 C:\Users\laity\Desktop\innosoft\backend\vendor\laravel\framework\src\Illuminate\Container\Container.php(731): Illuminate\Foundation\Application->resolve('blade.compiler', Array)
#5 C:\Users\laity\Desktop\innosoft\backend\vendor\laravel\framework\src\Illuminate\Foundation\Application.php(971): Illuminate\Container\Container->make('blade.compiler', Array)
#6 C:\Users\laity\Desktop\innosoft\backend\vendor\laravel\framework\src\Illuminate\Foundation\helpers.php(120): Illuminate\Foundation\Application->make('blade.compiler', Array)
#7 Command line code(1): app('Illuminate\\View...')
#8 {main}
  thrown {"exception":"[object] (Symfony\\Component\\ErrorHandler\\Error\\FatalError(code: 0): Uncaught InvalidArgumentException: Please provide a valid cache path. in C:\\Users\\laity\\Desktop\\innosoft\\backend\\vendor\\laravel\\framework\\src\\Illuminate\\View\\Compilers\\Compiler.php:67
Stack trace:
#0 C:\\Users\\laity\\Desktop\\innosoft\\backend\\vendor\\laravel\\framework\\src\\Illuminate\\View\\ViewServiceProvider.php(97): Illuminate\\View\\Compilers\\Compiler->__construct(Object(Illuminate\\Filesystem\\Filesystem), NULL, '', true, 'php')
#1 C:\\Users\\laity\\Desktop\\innosoft\\backend\\vendor\\laravel\\framework\\src\\Illuminate\\Container\\Container.php(908): Illuminate\\View\\ViewServiceProvider->Illuminate\\View\\{closure}(Object(Illuminate\\Foundation\\Application), Array)
#2 C:\\Users\\laity\\Desktop\\innosoft\\backend\\vendor\\laravel\\framework\\src\\Illuminate\\Container\\Container.php(795): Illuminate\\Container\\Container->build(Object(Closure))
#3 C:\\Users\\laity\\Desktop\\innosoft\\backend\\vendor\\laravel\\framework\\src\\Illuminate\\Foundation\\Application.php(986): Illuminate\\Container\\Container->resolve('blade.compiler', Array, true)
#4 C:\\Users\\laity\\Desktop\\innosoft\\backend\\vendor\\laravel\\framework\\src\\Illuminate\\Container\\Container.php(731): Illuminate\\Foundation\\Application->resolve('blade.compiler', Array)
#5 C:\\Users\\laity\\Desktop\\innosoft\\backend\\vendor\\laravel\\framework\\src\\Illuminate\\Foundation\\Application.php(971): Illuminate\\Container\\Container->make('blade.compiler', Array)
#6 C:\\Users\\laity\\Desktop\\innosoft\\backend\\vendor\\laravel\\framework\\src\\Illuminate\\Foundation\\helpers.php(120): Illuminate\\Foundation\\Application->make('blade.compiler', Array)
#7 Command line code(1): app('Illuminate\\\\View...')
#8 {main}
  thrown at C:\\Users\\laity\\Desktop\\innosoft\\backend\\vendor\\laravel\\framework\\src\\Illuminate\\View\\Compilers\\Compiler.php:67)
[stacktrace]
#0 {main}
"} 
[2025-11-28 01:24:47] local.ERROR: Uncaught InvalidArgumentException: Please provide a valid cache path. in C:\Users\laity\Desktop\innosoft\backend\vendor\laravel\framework\src\Illuminate\View\Compilers\Compiler.php:67
Stack trace:
#0 C:\Users\laity\Desktop\innosoft\backend\vendor\laravel\framework\src\Illuminate\View\ViewServiceProvider.php(97): Illuminate\View\Compilers\Compiler->__construct(Object(Illuminate\Filesystem\Filesystem), NULL, '', true, 'php')
#1 C:\Users\laity\Desktop\innosoft\backend\vendor\laravel\framework\src\Illuminate\Container\Container.php(908): Illuminate\View\ViewServiceProvider->Illuminate\View\{closure}(Object(Illuminate\Foundation\Application), Array)
#2 C:\Users\laity\Desktop\innosoft\backend\vendor\laravel\framework\src\Illuminate\Container\Container.php(795): Illuminate\Container\Container->build(Object(Closure))
#3 C:\Users\laity\Desktop\innosoft\backend\vendor\laravel\framework\src\Illuminate\Foundation\Application.php(986): Illuminate\Container\Container->resolve('blade.compiler', Array, true)
#4 C:\Users\laity\Desktop\innosoft\backend\vendor\laravel\framework\src\Illuminate\Container\Container.php(731): Illuminate\Foundation\Application->resolve('blade.compiler', Array)
#5 C:\Users\laity\Desktop\innosoft\backend\vendor\laravel\framework\src\Illuminate\Foundation\Application.php(971): Illuminate\Container\Container->make('blade.compiler', Array)
#6 C:\Users\laity\Desktop\innosoft\backend\vendor\laravel\framework\src\Illuminate\Foundation\helpers.php(120): Illuminate\Foundation\Application->make('blade.compiler', Array)
#7 Command line code(1): app('Illuminate\\View...')
#8 {main}
  thrown {"exception":"[object] (Symfony\\Component\\ErrorHandler\\Error\\FatalError(code: 0): Uncaught InvalidArgumentException: Please provide a valid cache path. in C:\\Users\\laity\\Desktop\\innosoft\\backend\\vendor\\laravel\\framework\\src\\Illuminate\\View\\Compilers\\Compiler.php:67
Stack trace:
#0 C:\\Users\\laity\\Desktop\\innosoft\\backend\\vendor\\laravel\\framework\\src\\Illuminate\\View\\ViewServiceProvider.php(97): Illuminate\\View\\Compilers\\Compiler->__construct(Object(Illuminate\\Filesystem\\Filesystem), NULL, '', true, 'php')
#1 C:\\Users\\laity\\Desktop\\innosoft\\backend\\vendor\\laravel\\framework\\src\\Illuminate\\Container\\Container.php(908): Illuminate\\View\\ViewServiceProvider->Illuminate\\View\\{closure}(Object(Illuminate\\Foundation\\Application), Array)
#2 C:\\Users\\laity\\Desktop\\innosoft\\backend\\vendor\\laravel\\framework\\src\\Illuminate\\Container\\Container.php(795): Illuminate\\Container\\Container->build(Object(Closure))
#3 C:\\Users\\laity\\Desktop\\innosoft\\backend\\vendor\\laravel\\framework\\src\\Illuminate\\Foundation\\Application.php(986): Illuminate\\Container\\Container->resolve('blade.compiler', Array, true)
#4 C:\\Users\\laity\\Desktop\\innosoft\\backend\\vendor\\laravel\\framework\\src\\Illuminate\\Container\\Container.php(731): Illuminate\\Foundation\\Application->resolve('blade.compiler', Array)
#5 C:\\Users\\laity\\Desktop\\innosoft\\backend\\vendor\\laravel\\framework\\src\\Illuminate\\Foundation\\Application.php(971): Illuminate\\Container\\Container->make('blade.compiler', Array)
#6 C:\\Users\\laity\\Desktop\\innosoft\\backend\\vendor\\laravel\\framework\\src\\Illuminate\\Foundation\\helpers.php(120): Illuminate\\Foundation\\Application->make('blade.compiler', Array)
#7 Command line code(1): app('Illuminate\\\\View...')
#8 {main}
  thrown at C:\\Users\\laity\\Desktop\\innosoft\\backend\\vendor\\laravel\\framework\\src\\Illuminate\\View\\Compilers\\Compiler.php:67)
[stacktrace]
#0 {main}
"} 
[2025-11-28 01:29:20] local.ERROR: Uncaught InvalidArgumentException: Please provide a valid cache path. in C:\Users\laity\Desktop\innosoft\backend\vendor\laravel\framework\src\Illuminate\View\Compilers\Compiler.php:67
Stack trace:
#0 C:\Users\laity\Desktop\innosoft\backend\vendor\laravel\framework\src\Illuminate\View\ViewServiceProvider.php(97): Illuminate\View\Compilers\Compiler->__construct(Object(Illuminate\Filesystem\Filesystem), NULL, '', true, 'php')
#1 C:\Users\laity\Desktop\innosoft\backend\vendor\laravel\framework\src\Illuminate\Container\Container.php(908): Illuminate\View\ViewServiceProvider->Illuminate\View\{closure}(Object(Illuminate\Foundation\Application), Array)
#2 C:\Users\laity\Desktop\innosoft\backend\vendor\laravel\framework\src\Illuminate\Container\Container.php(795): Illuminate\Container\Container->build(Object(Closure))
#3 C:\Users\laity\Desktop\innosoft\backend\vendor\laravel\framework\src\Illuminate\Foundation\Application.php(986): Illuminate\Container\Container->resolve('blade.compiler', Array, true)
#4 C:\Users\laity\Desktop\innosoft\backend\vendor\laravel\framework\src\Illuminate\Container\Container.php(731): Illuminate\Foundation\Application->resolve('blade.compiler', Array)
#5 C:\Users\laity\Desktop\innosoft\backend\vendor\laravel\framework\src\Illuminate\Foundation\Application.php(971): Illuminate\Container\Container->make('blade.compiler', Array)
#6 C:\Users\laity\Desktop\innosoft\backend\vendor\laravel\framework\src\Illuminate\Foundation\helpers.php(120): Illuminate\Foundation\Application->make('blade.compiler', Array)
#7 Command line code(1): app('Illuminate\\View...')
#8 {main}
  thrown {"exception":"[object] (Symfony\\Component\\ErrorHandler\\Error\\FatalError(code: 0): Uncaught InvalidArgumentException: Please provide a valid cache path. in C:\\Users\\laity\\Desktop\\innosoft\\backend\\vendor\\laravel\\framework\\src\\Illuminate\\View\\Compilers\\Compiler.php:67
Stack trace:
#0 C:\\Users\\laity\\Desktop\\innosoft\\backend\\vendor\\laravel\\framework\\src\\Illuminate\\View\\ViewServiceProvider.php(97): Illuminate\\View\\Compilers\\Compiler->__construct(Object(Illuminate\\Filesystem\\Filesystem), NULL, '', true, 'php')
#1 C:\\Users\\laity\\Desktop\\innosoft\\backend\\vendor\\laravel\\framework\\src\\Illuminate\\Container\\Container.php(908): Illuminate\\View\\ViewServiceProvider->Illuminate\\View\\{closure}(Object(Illuminate\\Foundation\\Application), Array)
#2 C:\\Users\\laity\\Desktop\\innosoft\\backend\\vendor\\laravel\\framework\\src\\Illuminate\\Container\\Container.php(795): Illuminate\\Container\\Container->build(Object(Closure))
#3 C:\\Users\\laity\\Desktop\\innosoft\\backend\\vendor\\laravel\\framework\\src\\Illuminate\\Foundation\\Application.php(986): Illuminate\\Container\\Container->resolve('blade.compiler', Array, true)
#4 C:\\Users\\laity\\Desktop\\innosoft\\backend\\vendor\\laravel\\framework\\src\\Illuminate\\Container\\Container.php(731): Illuminate\\Foundation\\Application->resolve('blade.compiler', Array)
#5 C:\\Users\\laity\\Desktop\\innosoft\\backend\\vendor\\laravel\\framework\\src\\Illuminate\\Foundation\\Application.php(971): Illuminate\\Container\\Container->make('blade.compiler', Array)
#6 C:\\Users\\laity\\Desktop\\innosoft\\backend\\vendor\\laravel\\framework\\src\\Illuminate\\Foundation\\helpers.php(120): Illuminate\\Foundation\\Application->make('blade.compiler', Array)
#7 Command line code(1): app('Illuminate\\\\View...')
#8 {main}
  thrown at C:\\Users\\laity\\Desktop\\innosoft\\backend\\vendor\\laravel\\framework\\src\\Illuminate\\View\\Compilers\\Compiler.php:67)
[stacktrace]
#0 {main}
"} 
[2025-11-28 01:34:11] local.ERROR: Class "App\Http\Controllers\Controller" not found {"exception":"[object] (Error(code: 0): Class \"App\\Http\\Controllers\\Controller\" not found at C:\\Users\\laity\\Desktop\\innosoft\\backend\\app\\Http\\Controllers\\Api\\TestimonialController.php:10)
[stacktrace]
#0 C:\\Users\\laity\\Desktop\\innosoft\\backend\\vendor\\composer\\ClassLoader.php(576): include()
#1 C:\\Users\\laity\\Desktop\\innosoft\\backend\\vendor\\composer\\ClassLoader.php(427): Composer\\Autoload\\{closure}('C:\\\\Users\\\\laity\\\\...')
#2 [internal function]: Composer\\Autoload\\ClassLoader->loadClass('App\\\\Http\\\\Contro...')
#3 C:\\Users\\laity\\Desktop\\innosoft\\backend\\vendor\\laravel\\framework\\src\\Illuminate\\Routing\\Route.php(1096): is_a('App\\\\Http\\\\Contro...', 'Illuminate\\\\Rout...', true)
#4 C:\\Users\\laity\\Desktop\\innosoft\\backend\\vendor\\laravel\\framework\\src\\Illuminate\\Routing\\Route.php(1035): Illuminate\\Routing\\Route->controllerMiddleware()
#5 C:\\Users\\laity\\Desktop\\innosoft\\backend\\vendor\\laravel\\framework\\src\\Illuminate\\Routing\\Router.php(818): Illuminate\\Routing\\Route->gatherMiddleware()
#6 C:\\Users\\laity\\Desktop\\innosoft\\backend\\vendor\\laravel\\framework\\src\\Illuminate\\Routing\\Router.php(800): Illuminate\\Routing\\Router->gatherRouteMiddleware(Object(Illuminate\\Routing\\Route))
#7 C:\\Users\\laity\\Desktop\\innosoft\\backend\\vendor\\laravel\\framework\\src\\Illuminate\\Routing\\Router.php(784): Illuminate\\Routing\\Router->runRouteWithinStack(Object(Illuminate\\Routing\\Route), Object(Illuminate\\Http\\Request))
#8 C:\\Users\\laity\\Desktop\\innosoft\\backend\\vendor\\laravel\\framework\\src\\Illuminate\\Routing\\Router.php(748): Illuminate\\Routing\\Router->runRoute(Object(Illuminate\\Http\\Request), Object(Illuminate\\Routing\\Route))
#9 C:\\Users\\laity\\Desktop\\innosoft\\backend\\vendor\\laravel\\framework\\src\\Illuminate\\Routing\\Router.php(737): Illuminate\\Routing\\Router->dispatchToRoute(Object(Illuminate\\Http\\Request))
#10 C:\\Users\\laity\\Desktop\\innosoft\\backend\\vendor\\laravel\\framework\\src\\Illuminate\\Foundation\\Http\\Kernel.php(200): Illuminate\\Routing\\Router->dispatch(Object(Illuminate\\Http\\Request))
#11 C:\\Users\\laity\\Desktop\\innosoft\\backend\\vendor\\laravel\\framework\\src\\Illuminate\\Pipeline\\Pipeline.php(144): Illuminate\\Foundation\\Http\\Kernel->Illuminate\\Foundation\\Http\\{closure}(Object(Illuminate\\Http\\Request))
#12 C:\\Users\\laity\\Desktop\\innosoft\\backend\\vendor\\laravel\\framework\\src\\Illuminate\\Foundation\\Http\\Middleware\\TransformsRequest.php(21): Illuminate\\Pipeline\\Pipeline->Illuminate\\Pipeline\\{closure}(Object(Illuminate\\Http\\Request))
#13 C:\\Users\\laity\\Desktop\\innosoft\\backend\\vendor\\laravel\\framework\\src\\Illuminate\\Foundation\\Http\\Middleware\\ConvertEmptyStringsToNull.php(31): Illuminate\\Foundation\\Http\\Middleware\\TransformsRequest->handle(Object(Illuminate\\Http\\Request), Object(Closure))
#14 C:\\Users\\laity\\Desktop\\innosoft\\backend\\vendor\\laravel\\framework\\src\\Illuminate\\Pipeline\\Pipeline.php(183): Illuminate\\Foundation\\Http\\Middleware\\ConvertEmptyStringsToNull->handle(Object(Illuminate\\Http\\Request), Object(Closure))
#15 C:\\Users\\laity\\Desktop\\innosoft\\backend\\vendor\\laravel\\framework\\src\\Illuminate\\Foundation\\Http\\Middleware\\TransformsRequest.php(21): Illuminate\\Pipeline\\Pipeline->Illuminate\\Pipeline\\{closure}(Object(Illuminate\\Http\\Request))
#16 C:\\Users\\laity\\Desktop\\innosoft\\backend\\vendor\\laravel\\framework\\src\\Illuminate\\Foundation\\Http\\Middleware\\TrimStrings.php(40): Illuminate\\Foundation\\Http\\Middleware\\TransformsRequest->handle(Object(Illuminate\\Http\\Request), Object(Closure))
#17 C:\\Users\\laity\\Desktop\\innosoft\\backend\\vendor\\laravel\\framework\\src\\Illuminate\\Pipeline\\Pipeline.php(183): Illuminate\\Foundation\\Http\\Middleware\\TrimStrings->handle(Object(Illuminate\\Http\\Request), Object(Closure))
#18 C:\\Users\\laity\\Desktop\\innosoft\\backend\\vendor\\laravel\\framework\\src\\Illuminate\\Foundation\\Http\\Middleware\\ValidatePostSize.php(27): Illuminate\\Pipeline\\Pipeline->Illuminate\\Pipeline\\{closure}(Object(Illuminate\\Http\\Request))
#19 C:\\Users\\laity\\Desktop\\innosoft\\backend\\vendor\\laravel\\framework\\src\\Illuminate\\Pipeline\\Pipeline.php(183): Illuminate\\Foundation\\Http\\Middleware\\ValidatePostSize->handle(Object(Illuminate\\Http\\Request), Object(Closure))
#20 C:\\Users\\laity\\Desktop\\innosoft\\backend\\vendor\\laravel\\framework\\src\\Illuminate\\Foundation\\Http\\Middleware\\PreventRequestsDuringMaintenance.php(99): Illuminate\\Pipeline\\Pipeline->Illuminate\\Pipeline\\{closure}(Object(Illuminate\\Http\\Request))
#21 C:\\Users\\laity\\Desktop\\innosoft\\backend\\vendor\\laravel\\framework\\src\\Illuminate\\Pipeline\\Pipeline.php(183): Illuminate\\Foundation\\Http\\Middleware\\PreventRequestsDuringMaintenance->handle(Object(Illuminate\\Http\\Request), Object(Closure))
#22 C:\\Users\\laity\\Desktop\\innosoft\\backend\\vendor\\laravel\\framework\\src\\Illuminate\\Http\\Middleware\\HandleCors.php(62): Illuminate\\Pipeline\\Pipeline->Illuminate\\Pipeline\\{closure}(Object(Illuminate\\Http\\Request))
#23 C:\\Users\\laity\\Desktop\\innosoft\\backend\\vendor\\laravel\\framework\\src\\Illuminate\\Pipeline\\Pipeline.php(183): Illuminate\\Http\\Middleware\\HandleCors->handle(Object(Illuminate\\Http\\Request), Object(Closure))
#24 C:\\Users\\laity\\Desktop\\innosoft\\backend\\vendor\\laravel\\framework\\src\\Illuminate\\Http\\Middleware\\TrustProxies.php(39): Illuminate\\Pipeline\\Pipeline->Illuminate\\Pipeline\\{closure}(Object(Illuminate\\Http\\Request))
#25 C:\\Users\\laity\\Desktop\\innosoft\\backend\\vendor\\laravel\\framework\\src\\Illuminate\\Pipeline\\Pipeline.php(183): Illuminate\\Http\\Middleware\\TrustProxies->handle(Object(Illuminate\\Http\\Request), Object(Closure))
#26 C:\\Users\\laity\\Desktop\\innosoft\\backend\\vendor\\laravel\\framework\\src\\Illuminate\\Pipeline\\Pipeline.php(119): Illuminate\\Pipeline\\Pipeline->Illuminate\\Pipeline\\{closure}(Object(Illuminate\\Http\\Request))
#27 C:\\Users\\laity\\Desktop\\innosoft\\backend\\vendor\\laravel\\framework\\src\\Illuminate\\Foundation\\Http\\Kernel.php(175): Illuminate\\Pipeline\\Pipeline->then(Object(Closure))
#28 C:\\Users\\laity\\Desktop\\innosoft\\backend\\vendor\\laravel\\framework\\src\\Illuminate\\Foundation\\Http\\Kernel.php(144): Illuminate\\Foundation\\Http\\Kernel->sendRequestThroughRouter(Object(Illuminate\\Http\\Request))
#29 C:\\Users\\laity\\Desktop\\innosoft\\backend\\public\\index.php(51): Illuminate\\Foundation\\Http\\Kernel->handle(Object(Illuminate\\Http\\Request))
#30 C:\\Users\\laity\\Desktop\\innosoft\\backend\\vendor\\laravel\\framework\\src\\Illuminate\\Foundation\\resources\\server.php(16): require_once('C:\\\\Users\\\\laity\\\\...')
#31 {main}
"} 
[2025-11-28 01:34:13] local.ERROR: Class "App\Http\Controllers\Controller" not found {"exception":"[object] (Error(code: 0): Class \"App\\Http\\Controllers\\Controller\" not found at C:\\Users\\laity\\Desktop\\innosoft\\backend\\app\\Http\\Controllers\\Api\\TestimonialController.php:10)
[stacktrace]
#0 C:\\Users\\laity\\Desktop\\innosoft\\backend\\vendor\\composer\\ClassLoader.php(576): include()
#1 C:\\Users\\laity\\Desktop\\innosoft\\backend\\vendor\\composer\\ClassLoader.php(427): Composer\\Autoload\\{closure}('C:\\\\Users\\\\laity\\\\...')
#2 [internal function]: Composer\\Autoload\\ClassLoader->loadClass('App\\\\Http\\\\Contro...')
#3 C:\\Users\\laity\\Desktop\\innosoft\\backend\\vendor\\laravel\\framework\\src\\Illuminate\\Routing\\Route.php(1096): is_a('App\\\\Http\\\\Contro...', 'Illuminate\\\\Rout...', true)
#4 C:\\Users\\laity\\Desktop\\innosoft\\backend\\vendor\\laravel\\framework\\src\\Illuminate\\Routing\\Route.php(1035): Illuminate\\Routing\\Route->controllerMiddleware()
#5 C:\\Users\\laity\\Desktop\\innosoft\\backend\\vendor\\laravel\\framework\\src\\Illuminate\\Routing\\Router.php(818): Illuminate\\Routing\\Route->gatherMiddleware()
#6 C:\\Users\\laity\\Desktop\\innosoft\\backend\\vendor\\laravel\\framework\\src\\Illuminate\\Routing\\Router.php(800): Illuminate\\Routing\\Router->gatherRouteMiddleware(Object(Illuminate\\Routing\\Route))
#7 C:\\Users\\laity\\Desktop\\innosoft\\backend\\vendor\\laravel\\framework\\src\\Illuminate\\Routing\\Router.php(784): Illuminate\\Routing\\Router->runRouteWithinStack(Object(Illuminate\\Routing\\Route), Object(Illuminate\\Http\\Request))
#8 C:\\Users\\laity\\Desktop\\innosoft\\backend\\vendor\\laravel\\framework\\src\\Illuminate\\Routing\\Router.php(748): Illuminate\\Routing\\Router->runRoute(Object(Illuminate\\Http\\Request), Object(Illuminate\\Routing\\Route))
#9 C:\\Users\\laity\\Desktop\\innosoft\\backend\\vendor\\laravel\\framework\\src\\Illuminate\\Routing\\Router.php(737): Illuminate\\Routing\\Router->dispatchToRoute(Object(Illuminate\\Http\\Request))
#10 C:\\Users\\laity\\Desktop\\innosoft\\backend\\vendor\\laravel\\framework\\src\\Illuminate\\Foundation\\Http\\Kernel.php(200): Illuminate\\Routing\\Router->dispatch(Object(Illuminate\\Http\\Request))
#11 C:\\Users\\laity\\Desktop\\innosoft\\backend\\vendor\\laravel\\framework\\src\\Illuminate\\Pipeline\\Pipeline.php(144): Illuminate\\Foundation\\Http\\Kernel->Illuminate\\Foundation\\Http\\{closure}(Object(Illuminate\\Http\\Request))
#12 C:\\Users\\laity\\Desktop\\innosoft\\backend\\vendor\\laravel\\framework\\src\\Illuminate\\Foundation\\Http\\Middleware\\TransformsRequest.php(21): Illuminate\\Pipeline\\Pipeline->Illuminate\\Pipeline\\{closure}(Object(Illuminate\\Http\\Request))
#13 C:\\Users\\laity\\Desktop\\innosoft\\backend\\vendor\\laravel\\framework\\src\\Illuminate\\Foundation\\Http\\Middleware\\ConvertEmptyStringsToNull.php(31): Illuminate\\Foundation\\Http\\Middleware\\TransformsRequest->handle(Object(Illuminate\\Http\\Request), Object(Closure))
#14 C:\\Users\\laity\\Desktop\\innosoft\\backend\\vendor\\laravel\\framework\\src\\Illuminate\\Pipeline\\Pipeline.php(183): Illuminate\\Foundation\\Http\\Middleware\\ConvertEmptyStringsToNull->handle(Object(Illuminate\\Http\\Request), Object(Closure))
#15 C:\\Users\\laity\\Desktop\\innosoft\\backend\\vendor\\laravel\\framework\\src\\Illuminate\\Foundation\\Http\\Middleware\\TransformsRequest.php(21): Illuminate\\Pipeline\\Pipeline->Illuminate\\Pipeline\\{closure}(Object(Illuminate\\Http\\Request))
#16 C:\\Users\\laity\\Desktop\\innosoft\\backend\\vendor\\laravel\\framework\\src\\Illuminate\\Foundation\\Http\\Middleware\\TrimStrings.php(40): Illuminate\\Foundation\\Http\\Middleware\\TransformsRequest->handle(Object(Illuminate\\Http\\Request), Object(Closure))
#17 C:\\Users\\laity\\Desktop\\innosoft\\backend\\vendor\\laravel\\framework\\src\\Illuminate\\Pipeline\\Pipeline.php(183): Illuminate\\Foundation\\Http\\Middleware\\TrimStrings->handle(Object(Illuminate\\Http\\Request), Object(Closure))
#18 C:\\Users\\laity\\Desktop\\innosoft\\backend\\vendor\\laravel\\framework\\src\\Illuminate\\Foundation\\Http\\Middleware\\ValidatePostSize.php(27): Illuminate\\Pipeline\\Pipeline->Illuminate\\Pipeline\\{closure}(Object(Illuminate\\Http\\Request))
#19 C:\\Users\\laity\\Desktop\\innosoft\\backend\\vendor\\laravel\\framework\\src\\Illuminate\\Pipeline\\Pipeline.php(183): Illuminate\\Foundation\\Http\\Middleware\\ValidatePostSize->handle(Object(Illuminate\\Http\\Request), Object(Closure))
#20 C:\\Users\\laity\\Desktop\\innosoft\\backend\\vendor\\laravel\\framework\\src\\Illuminate\\Foundation\\Http\\Middleware\\PreventRequestsDuringMaintenance.php(99): Illuminate\\Pipeline\\Pipeline->Illuminate\\Pipeline\\{closure}(Object(Illuminate\\Http\\Request))
#21 C:\\Users\\laity\\Desktop\\innosoft\\backend\\vendor\\laravel\\framework\\src\\Illuminate\\Pipeline\\Pipeline.php(183): Illuminate\\Foundation\\Http\\Middleware\\PreventRequestsDuringMaintenance->handle(Object(Illuminate\\Http\\Request), Object(Closure))
#22 C:\\Users\\laity\\Desktop\\innosoft\\backend\\vendor\\laravel\\framework\\src\\Illuminate\\Http\\Middleware\\HandleCors.php(62): Illuminate\\Pipeline\\Pipeline->Illuminate\\Pipeline\\{closure}(Object(Illuminate\\Http\\Request))
#23 C:\\Users\\laity\\Desktop\\innosoft\\backend\\vendor\\laravel\\framework\\src\\Illuminate\\Pipeline\\Pipeline.php(183): Illuminate\\Http\\Middleware\\HandleCors->handle(Object(Illuminate\\Http\\Request), Object(Closure))
#24 C:\\Users\\laity\\Desktop\\innosoft\\backend\\vendor\\laravel\\framework\\src\\Illuminate\\Http\\Middleware\\TrustProxies.php(39): Illuminate\\Pipeline\\Pipeline->Illuminate\\Pipeline\\{closure}(Object(Illuminate\\Http\\Request))
#25 C:\\Users\\laity\\Desktop\\innosoft\\backend\\vendor\\laravel\\framework\\src\\Illuminate\\Pipeline\\Pipeline.php(183): Illuminate\\Http\\Middleware\\TrustProxies->handle(Object(Illuminate\\Http\\Request), Object(Closure))
#26 C:\\Users\\laity\\Desktop\\innosoft\\backend\\vendor\\laravel\\framework\\src\\Illuminate\\Pipeline\\Pipeline.php(119): Illuminate\\Pipeline\\Pipeline->Illuminate\\Pipeline\\{closure}(Object(Illuminate\\Http\\Request))
#27 C:\\Users\\laity\\Desktop\\innosoft\\backend\\vendor\\laravel\\framework\\src\\Illuminate\\Foundation\\Http\\Kernel.php(175): Illuminate\\Pipeline\\Pipeline->then(Object(Closure))
#28 C:\\Users\\laity\\Desktop\\innosoft\\backend\\vendor\\laravel\\framework\\src\\Illuminate\\Foundation\\Http\\Kernel.php(144): Illuminate\\Foundation\\Http\\Kernel->sendRequestThroughRouter(Object(Illuminate\\Http\\Request))
#29 C:\\Users\\laity\\Desktop\\innosoft\\backend\\public\\index.php(51): Illuminate\\Foundation\\Http\\Kernel->handle(Object(Illuminate\\Http\\Request))
#30 C:\\Users\\laity\\Desktop\\innosoft\\backend\\vendor\\laravel\\framework\\src\\Illuminate\\Foundation\\resources\\server.php(16): require_once('C:\\\\Users\\\\laity\\\\...')
#31 {main}
"} 
[2025-11-28 01:34:17] local.ERROR: Class "App\Http\Controllers\Controller" not found {"exception":"[object] (Error(code: 0): Class \"App\\Http\\Controllers\\Controller\" not found at C:\\Users\\laity\\Desktop\\innosoft\\backend\\app\\Http\\Controllers\\Api\\TestimonialController.php:10)
[stacktrace]
#0 C:\\Users\\laity\\Desktop\\innosoft\\backend\\vendor\\composer\\ClassLoader.php(576): include()
#1 C:\\Users\\laity\\Desktop\\innosoft\\backend\\vendor\\composer\\ClassLoader.php(427): Composer\\Autoload\\{closure}('C:\\\\Users\\\\laity\\\\...')
#2 [internal function]: Composer\\Autoload\\ClassLoader->loadClass('App\\\\Http\\\\Contro...')
#3 C:\\Users\\laity\\Desktop\\innosoft\\backend\\vendor\\laravel\\framework\\src\\Illuminate\\Routing\\Route.php(1096): is_a('App\\\\Http\\\\Contro...', 'Illuminate\\\\Rout...', true)
#4 C:\\Users\\laity\\Desktop\\innosoft\\backend\\vendor\\laravel\\framework\\src\\Illuminate\\Routing\\Route.php(1035): Illuminate\\Routing\\Route->controllerMiddleware()
#5 C:\\Users\\laity\\Desktop\\innosoft\\backend\\vendor\\laravel\\framework\\src\\Illuminate\\Routing\\Router.php(818): Illuminate\\Routing\\Route->gatherMiddleware()
#6 C:\\Users\\laity\\Desktop\\innosoft\\backend\\vendor\\laravel\\framework\\src\\Illuminate\\Routing\\Router.php(800): Illuminate\\Routing\\Router->gatherRouteMiddleware(Object(Illuminate\\Routing\\Route))
#7 C:\\Users\\laity\\Desktop\\innosoft\\backend\\vendor\\laravel\\framework\\src\\Illuminate\\Routing\\Router.php(784): Illuminate\\Routing\\Router->runRouteWithinStack(Object(Illuminate\\Routing\\Route), Object(Illuminate\\Http\\Request))
#8 C:\\Users\\laity\\Desktop\\innosoft\\backend\\vendor\\laravel\\framework\\src\\Illuminate\\Routing\\Router.php(748): Illuminate\\Routing\\Router->runRoute(Object(Illuminate\\Http\\Request), Object(Illuminate\\Routing\\Route))
#9 C:\\Users\\laity\\Desktop\\innosoft\\backend\\vendor\\laravel\\framework\\src\\Illuminate\\Routing\\Router.php(737): Illuminate\\Routing\\Router->dispatchToRoute(Object(Illuminate\\Http\\Request))
#10 C:\\Users\\laity\\Desktop\\innosoft\\backend\\vendor\\laravel\\framework\\src\\Illuminate\\Foundation\\Http\\Kernel.php(200): Illuminate\\Routing\\Router->dispatch(Object(Illuminate\\Http\\Request))
#11 C:\\Users\\laity\\Desktop\\innosoft\\backend\\vendor\\laravel\\framework\\src\\Illuminate\\Pipeline\\Pipeline.php(144): Illuminate\\Foundation\\Http\\Kernel->Illuminate\\Foundation\\Http\\{closure}(Object(Illuminate\\Http\\Request))
#12 C:\\Users\\laity\\Desktop\\innosoft\\backend\\vendor\\laravel\\framework\\src\\Illuminate\\Foundation\\Http\\Middleware\\TransformsRequest.php(21): Illuminate\\Pipeline\\Pipeline->Illuminate\\Pipeline\\{closure}(Object(Illuminate\\Http\\Request))
#13 C:\\Users\\laity\\Desktop\\innosoft\\backend\\vendor\\laravel\\framework\\src\\Illuminate\\Foundation\\Http\\Middleware\\ConvertEmptyStringsToNull.php(31): Illuminate\\Foundation\\Http\\Middleware\\TransformsRequest->handle(Object(Illuminate\\Http\\Request), Object(Closure))
#14 C:\\Users\\laity\\Desktop\\innosoft\\backend\\vendor\\laravel\\framework\\src\\Illuminate\\Pipeline\\Pipeline.php(183): Illuminate\\Foundation\\Http\\Middleware\\ConvertEmptyStringsToNull->handle(Object(Illuminate\\Http\\Request), Object(Closure))
#15 C:\\Users\\laity\\Desktop\\innosoft\\backend\\vendor\\laravel\\framework\\src\\Illuminate\\Foundation\\Http\\Middleware\\TransformsRequest.php(21): Illuminate\\Pipeline\\Pipeline->Illuminate\\Pipeline\\{closure}(Object(Illuminate\\Http\\Request))
#16 C:\\Users\\laity\\Desktop\\innosoft\\backend\\vendor\\laravel\\framework\\src\\Illuminate\\Foundation\\Http\\Middleware\\TrimStrings.php(40): Illuminate\\Foundation\\Http\\Middleware\\TransformsRequest->handle(Object(Illuminate\\Http\\Request), Object(Closure))
#17 C:\\Users\\laity\\Desktop\\innosoft\\backend\\vendor\\laravel\\framework\\src\\Illuminate\\Pipeline\\Pipeline.php(183): Illuminate\\Foundation\\Http\\Middleware\\TrimStrings->handle(Object(Illuminate\\Http\\Request), Object(Closure))
#18 C:\\Users\\laity\\Desktop\\innosoft\\backend\\vendor\\laravel\\framework\\src\\Illuminate\\Foundation\\Http\\Middleware\\ValidatePostSize.php(27): Illuminate\\Pipeline\\Pipeline->Illuminate\\Pipeline\\{closure}(Object(Illuminate\\Http\\Request))
#19 C:\\Users\\laity\\Desktop\\innosoft\\backend\\vendor\\laravel\\framework\\src\\Illuminate\\Pipeline\\Pipeline.php(183): Illuminate\\Foundation\\Http\\Middleware\\ValidatePostSize->handle(Object(Illuminate\\Http\\Request), Object(Closure))
#20 C:\\Users\\laity\\Desktop\\innosoft\\backend\\vendor\\laravel\\framework\\src\\Illuminate\\Foundation\\Http\\Middleware\\PreventRequestsDuringMaintenance.php(99): Illuminate\\Pipeline\\Pipeline->Illuminate\\Pipeline\\{closure}(Object(Illuminate\\Http\\Request))
#21 C:\\Users\\laity\\Desktop\\innosoft\\backend\\vendor\\laravel\\framework\\src\\Illuminate\\Pipeline\\Pipeline.php(183): Illuminate\\Foundation\\Http\\Middleware\\PreventRequestsDuringMaintenance->handle(Object(Illuminate\\Http\\Request), Object(Closure))
#22 C:\\Users\\laity\\Desktop\\innosoft\\backend\\vendor\\laravel\\framework\\src\\Illuminate\\Http\\Middleware\\HandleCors.php(62): Illuminate\\Pipeline\\Pipeline->Illuminate\\Pipeline\\{closure}(Object(Illuminate\\Http\\Request))
#23 C:\\Users\\laity\\Desktop\\innosoft\\backend\\vendor\\laravel\\framework\\src\\Illuminate\\Pipeline\\Pipeline.php(183): Illuminate\\Http\\Middleware\\HandleCors->handle(Object(Illuminate\\Http\\Request), Object(Closure))
#24 C:\\Users\\laity\\Desktop\\innosoft\\backend\\vendor\\laravel\\framework\\src\\Illuminate\\Http\\Middleware\\TrustProxies.php(39): Illuminate\\Pipeline\\Pipeline->Illuminate\\Pipeline\\{closure}(Object(Illuminate\\Http\\Request))
#25 C:\\Users\\laity\\Desktop\\innosoft\\backend\\vendor\\laravel\\framework\\src\\Illuminate\\Pipeline\\Pipeline.php(183): Illuminate\\Http\\Middleware\\TrustProxies->handle(Object(Illuminate\\Http\\Request), Object(Closure))
#26 C:\\Users\\laity\\Desktop\\innosoft\\backend\\vendor\\laravel\\framework\\src\\Illuminate\\Pipeline\\Pipeline.php(119): Illuminate\\Pipeline\\Pipeline->Illuminate\\Pipeline\\{closure}(Object(Illuminate\\Http\\Request))
#27 C:\\Users\\laity\\Desktop\\innosoft\\backend\\vendor\\laravel\\framework\\src\\Illuminate\\Foundation\\Http\\Kernel.php(175): Illuminate\\Pipeline\\Pipeline->then(Object(Closure))
#28 C:\\Users\\laity\\Desktop\\innosoft\\backend\\vendor\\laravel\\framework\\src\\Illuminate\\Foundation\\Http\\Kernel.php(144): Illuminate\\Foundation\\Http\\Kernel->sendRequestThroughRouter(Object(Illuminate\\Http\\Request))
#29 C:\\Users\\laity\\Desktop\\innosoft\\backend\\public\\index.php(51): Illuminate\\Foundation\\Http\\Kernel->handle(Object(Illuminate\\Http\\Request))
#30 C:\\Users\\laity\\Desktop\\innosoft\\backend\\vendor\\laravel\\framework\\src\\Illuminate\\Foundation\\resources\\server.php(16): require_once('C:\\\\Users\\\\laity\\\\...')
#31 {main}
"} 
[2025-11-28 01:34:18] local.ERROR: Class "App\Http\Controllers\Controller" not found {"exception":"[object] (Error(code: 0): Class \"App\\Http\\Controllers\\Controller\" not found at C:\\Users\\laity\\Desktop\\innosoft\\backend\\app\\Http\\Controllers\\Api\\TestimonialController.php:10)
[stacktrace]
#0 C:\\Users\\laity\\Desktop\\innosoft\\backend\\vendor\\composer\\ClassLoader.php(576): include()
#1 C:\\Users\\laity\\Desktop\\innosoft\\backend\\vendor\\composer\\ClassLoader.php(427): Composer\\Autoload\\{closure}('C:\\\\Users\\\\laity\\\\...')
#2 [internal function]: Composer\\Autoload\\ClassLoader->loadClass('App\\\\Http\\\\Contro...')
#3 C:\\Users\\laity\\Desktop\\innosoft\\backend\\vendor\\laravel\\framework\\src\\Illuminate\\Routing\\Route.php(1096): is_a('App\\\\Http\\\\Contro...', 'Illuminate\\\\Rout...', true)
#4 C:\\Users\\laity\\Desktop\\innosoft\\backend\\vendor\\laravel\\framework\\src\\Illuminate\\Routing\\Route.php(1035): Illuminate\\Routing\\Route->controllerMiddleware()
#5 C:\\Users\\laity\\Desktop\\innosoft\\backend\\vendor\\laravel\\framework\\src\\Illuminate\\Routing\\Router.php(818): Illuminate\\Routing\\Route->gatherMiddleware()
#6 C:\\Users\\laity\\Desktop\\innosoft\\backend\\vendor\\laravel\\framework\\src\\Illuminate\\Routing\\Router.php(800): Illuminate\\Routing\\Router->gatherRouteMiddleware(Object(Illuminate\\Routing\\Route))
#7 C:\\Users\\laity\\Desktop\\innosoft\\backend\\vendor\\laravel\\framework\\src\\Illuminate\\Routing\\Router.php(784): Illuminate\\Routing\\Router->runRouteWithinStack(Object(Illuminate\\Routing\\Route), Object(Illuminate\\Http\\Request))
#8 C:\\Users\\laity\\Desktop\\innosoft\\backend\\vendor\\laravel\\framework\\src\\Illuminate\\Routing\\Router.php(748): Illuminate\\Routing\\Router->runRoute(Object(Illuminate\\Http\\Request), Object(Illuminate\\Routing\\Route))
#9 C:\\Users\\laity\\Desktop\\innosoft\\backend\\vendor\\laravel\\framework\\src\\Illuminate\\Routing\\Router.php(737): Illuminate\\Routing\\Router->dispatchToRoute(Object(Illuminate\\Http\\Request))
#10 C:\\Users\\laity\\Desktop\\innosoft\\backend\\vendor\\laravel\\framework\\src\\Illuminate\\Foundation\\Http\\Kernel.php(200): Illuminate\\Routing\\Router->dispatch(Object(Illuminate\\Http\\Request))
#11 C:\\Users\\laity\\Desktop\\innosoft\\backend\\vendor\\laravel\\framework\\src\\Illuminate\\Pipeline\\Pipeline.php(144): Illuminate\\Foundation\\Http\\Kernel->Illuminate\\Foundation\\Http\\{closure}(Object(Illuminate\\Http\\Request))
#12 C:\\Users\\laity\\Desktop\\innosoft\\backend\\vendor\\laravel\\framework\\src\\Illuminate\\Foundation\\Http\\Middleware\\TransformsRequest.php(21): Illuminate\\Pipeline\\Pipeline->Illuminate\\Pipeline\\{closure}(Object(Illuminate\\Http\\Request))
#13 C:\\Users\\laity\\Desktop\\innosoft\\backend\\vendor\\laravel\\framework\\src\\Illuminate\\Foundation\\Http\\Middleware\\ConvertEmptyStringsToNull.php(31): Illuminate\\Foundation\\Http\\Middleware\\TransformsRequest->handle(Object(Illuminate\\Http\\Request), Object(Closure))
#14 C:\\Users\\laity\\Desktop\\innosoft\\backend\\vendor\\laravel\\framework\\src\\Illuminate\\Pipeline\\Pipeline.php(183): Illuminate\\Foundation\\Http\\Middleware\\ConvertEmptyStringsToNull->handle(Object(Illuminate\\Http\\Request), Object(Closure))
#15 C:\\Users\\laity\\Desktop\\innosoft\\backend\\vendor\\laravel\\framework\\src\\Illuminate\\Foundation\\Http\\Middleware\\TransformsRequest.php(21): Illuminate\\Pipeline\\Pipeline->Illuminate\\Pipeline\\{closure}(Object(Illuminate\\Http\\Request))
#16 C:\\Users\\laity\\Desktop\\innosoft\\backend\\vendor\\laravel\\framework\\src\\Illuminate\\Foundation\\Http\\Middleware\\TrimStrings.php(40): Illuminate\\Foundation\\Http\\Middleware\\TransformsRequest->handle(Object(Illuminate\\Http\\Request), Object(Closure))
#17 C:\\Users\\laity\\Desktop\\innosoft\\backend\\vendor\\laravel\\framework\\src\\Illuminate\\Pipeline\\Pipeline.php(183): Illuminate\\Foundation\\Http\\Middleware\\TrimStrings->handle(Object(Illuminate\\Http\\Request), Object(Closure))
#18 C:\\Users\\laity\\Desktop\\innosoft\\backend\\vendor\\laravel\\framework\\src\\Illuminate\\Foundation\\Http\\Middleware\\ValidatePostSize.php(27): Illuminate\\Pipeline\\Pipeline->Illuminate\\Pipeline\\{closure}(Object(Illuminate\\Http\\Request))
#19 C:\\Users\\laity\\Desktop\\innosoft\\backend\\vendor\\laravel\\framework\\src\\Illuminate\\Pipeline\\Pipeline.php(183): Illuminate\\Foundation\\Http\\Middleware\\ValidatePostSize->handle(Object(Illuminate\\Http\\Request), Object(Closure))
#20 C:\\Users\\laity\\Desktop\\innosoft\\backend\\vendor\\laravel\\framework\\src\\Illuminate\\Foundation\\Http\\Middleware\\PreventRequestsDuringMaintenance.php(99): Illuminate\\Pipeline\\Pipeline->Illuminate\\Pipeline\\{closure}(Object(Illuminate\\Http\\Request))
#21 C:\\Users\\laity\\Desktop\\innosoft\\backend\\vendor\\laravel\\framework\\src\\Illuminate\\Pipeline\\Pipeline.php(183): Illuminate\\Foundation\\Http\\Middleware\\PreventRequestsDuringMaintenance->handle(Object(Illuminate\\Http\\Request), Object(Closure))
#22 C:\\Users\\laity\\Desktop\\innosoft\\backend\\vendor\\laravel\\framework\\src\\Illuminate\\Http\\Middleware\\HandleCors.php(62): Illuminate\\Pipeline\\Pipeline->Illuminate\\Pipeline\\{closure}(Object(Illuminate\\Http\\Request))
#23 C:\\Users\\laity\\Desktop\\innosoft\\backend\\vendor\\laravel\\framework\\src\\Illuminate\\Pipeline\\Pipeline.php(183): Illuminate\\Http\\Middleware\\HandleCors->handle(Object(Illuminate\\Http\\Request), Object(Closure))
#24 C:\\Users\\laity\\Desktop\\innosoft\\backend\\vendor\\laravel\\framework\\src\\Illuminate\\Http\\Middleware\\TrustProxies.php(39): Illuminate\\Pipeline\\Pipeline->Illuminate\\Pipeline\\{closure}(Object(Illuminate\\Http\\Request))
#25 C:\\Users\\laity\\Desktop\\innosoft\\backend\\vendor\\laravel\\framework\\src\\Illuminate\\Pipeline\\Pipeline.php(183): Illuminate\\Http\\Middleware\\TrustProxies->handle(Object(Illuminate\\Http\\Request), Object(Closure))
#26 C:\\Users\\laity\\Desktop\\innosoft\\backend\\vendor\\laravel\\framework\\src\\Illuminate\\Pipeline\\Pipeline.php(119): Illuminate\\Pipeline\\Pipeline->Illuminate\\Pipeline\\{closure}(Object(Illuminate\\Http\\Request))
#27 C:\\Users\\laity\\Desktop\\innosoft\\backend\\vendor\\laravel\\framework\\src\\Illuminate\\Foundation\\Http\\Kernel.php(175): Illuminate\\Pipeline\\Pipeline->then(Object(Closure))
#28 C:\\Users\\laity\\Desktop\\innosoft\\backend\\vendor\\laravel\\framework\\src\\Illuminate\\Foundation\\Http\\Kernel.php(144): Illuminate\\Foundation\\Http\\Kernel->sendRequestThroughRouter(Object(Illuminate\\Http\\Request))
#29 C:\\Users\\laity\\Desktop\\innosoft\\backend\\public\\index.php(51): Illuminate\\Foundation\\Http\\Kernel->handle(Object(Illuminate\\Http\\Request))
#30 C:\\Users\\laity\\Desktop\\innosoft\\backend\\vendor\\laravel\\framework\\src\\Illuminate\\Foundation\\resources\\server.php(16): require_once('C:\\\\Users\\\\laity\\\\...')
#31 {main}
"} 
[2025-11-28 01:34:46] local.ERROR: Uncaught InvalidArgumentException: Please provide a valid cache path. in C:\Users\laity\Desktop\innosoft\backend\vendor\laravel\framework\src\Illuminate\View\Compilers\Compiler.php:67
Stack trace:
#0 C:\Users\laity\Desktop\innosoft\backend\vendor\laravel\framework\src\Illuminate\View\ViewServiceProvider.php(97): Illuminate\View\Compilers\Compiler->__construct(Object(Illuminate\Filesystem\Filesystem), NULL, '', true, 'php')
#1 C:\Users\laity\Desktop\innosoft\backend\vendor\laravel\framework\src\Illuminate\Container\Container.php(908): Illuminate\View\ViewServiceProvider->Illuminate\View\{closure}(Object(Illuminate\Foundation\Application), Array)
#2 C:\Users\laity\Desktop\innosoft\backend\vendor\laravel\framework\src\Illuminate\Container\Container.php(795): Illuminate\Container\Container->build(Object(Closure))
#3 C:\Users\laity\Desktop\innosoft\backend\vendor\laravel\framework\src\Illuminate\Foundation\Application.php(986): Illuminate\Container\Container->resolve('blade.compiler', Array, true)
#4 C:\Users\laity\Desktop\innosoft\backend\vendor\laravel\framework\src\Illuminate\Container\Container.php(731): Illuminate\Foundation\Application->resolve('blade.compiler', Array)
#5 C:\Users\laity\Desktop\innosoft\backend\vendor\laravel\framework\src\Illuminate\Foundation\Application.php(971): Illuminate\Container\Container->make('blade.compiler', Array)
#6 C:\Users\laity\Desktop\innosoft\backend\vendor\laravel\framework\src\Illuminate\Foundation\helpers.php(120): Illuminate\Foundation\Application->make('blade.compiler', Array)
#7 Command line code(1): app('Illuminate\\View...')
#8 {main}
  thrown {"exception":"[object] (Symfony\\Component\\ErrorHandler\\Error\\FatalError(code: 0): Uncaught InvalidArgumentException: Please provide a valid cache path. in C:\\Users\\laity\\Desktop\\innosoft\\backend\\vendor\\laravel\\framework\\src\\Illuminate\\View\\Compilers\\Compiler.php:67
Stack trace:
#0 C:\\Users\\laity\\Desktop\\innosoft\\backend\\vendor\\laravel\\framework\\src\\Illuminate\\View\\ViewServiceProvider.php(97): Illuminate\\View\\Compilers\\Compiler->__construct(Object(Illuminate\\Filesystem\\Filesystem), NULL, '', true, 'php')
#1 C:\\Users\\laity\\Desktop\\innosoft\\backend\\vendor\\laravel\\framework\\src\\Illuminate\\Container\\Container.php(908): Illuminate\\View\\ViewServiceProvider->Illuminate\\View\\{closure}(Object(Illuminate\\Foundation\\Application), Array)
#2 C:\\Users\\laity\\Desktop\\innosoft\\backend\\vendor\\laravel\\framework\\src\\Illuminate\\Container\\Container.php(795): Illuminate\\Container\\Container->build(Object(Closure))
#3 C:\\Users\\laity\\Desktop\\innosoft\\backend\\vendor\\laravel\\framework\\src\\Illuminate\\Foundation\\Application.php(986): Illuminate\\Container\\Container->resolve('blade.compiler', Array, true)
#4 C:\\Users\\laity\\Desktop\\innosoft\\backend\\vendor\\laravel\\framework\\src\\Illuminate\\Container\\Container.php(731): Illuminate\\Foundation\\Application->resolve('blade.compiler', Array)
#5 C:\\Users\\laity\\Desktop\\innosoft\\backend\\vendor\\laravel\\framework\\src\\Illuminate\\Foundation\\Application.php(971): Illuminate\\Container\\Container->make('blade.compiler', Array)
#6 C:\\Users\\laity\\Desktop\\innosoft\\backend\\vendor\\laravel\\framework\\src\\Illuminate\\Foundation\\helpers.php(120): Illuminate\\Foundation\\Application->make('blade.compiler', Array)
#7 Command line code(1): app('Illuminate\\\\View...')
#8 {main}
  thrown at C:\\Users\\laity\\Desktop\\innosoft\\backend\\vendor\\laravel\\framework\\src\\Illuminate\\View\\Compilers\\Compiler.php:67)
[stacktrace]
#0 {main}
"} 
[2025-11-28 01:35:28] local.ERROR: Class "App\Http\Controllers\Controller" not found {"exception":"[object] (Error(code: 0): Class \"App\\Http\\Controllers\\Controller\" not found at C:\\Users\\laity\\Desktop\\innosoft\\backend\\app\\Http\\Controllers\\Api\\TestimonialController.php:10)
[stacktrace]
#0 C:\\Users\\laity\\Desktop\\innosoft\\backend\\vendor\\composer\\ClassLoader.php(576): include()
#1 C:\\Users\\laity\\Desktop\\innosoft\\backend\\vendor\\composer\\ClassLoader.php(427): Composer\\Autoload\\{closure}('C:\\\\Users\\\\laity\\\\...')
#2 [internal function]: Composer\\Autoload\\ClassLoader->loadClass('App\\\\Http\\\\Contro...')
#3 C:\\Users\\laity\\Desktop\\innosoft\\backend\\vendor\\laravel\\framework\\src\\Illuminate\\Routing\\Route.php(1096): is_a('App\\\\Http\\\\Contro...', 'Illuminate\\\\Rout...', true)
#4 C:\\Users\\laity\\Desktop\\innosoft\\backend\\vendor\\laravel\\framework\\src\\Illuminate\\Routing\\Route.php(1035): Illuminate\\Routing\\Route->controllerMiddleware()
#5 C:\\Users\\laity\\Desktop\\innosoft\\backend\\vendor\\laravel\\framework\\src\\Illuminate\\Routing\\Router.php(818): Illuminate\\Routing\\Route->gatherMiddleware()
#6 C:\\Users\\laity\\Desktop\\innosoft\\backend\\vendor\\laravel\\framework\\src\\Illuminate\\Routing\\Router.php(800): Illuminate\\Routing\\Router->gatherRouteMiddleware(Object(Illuminate\\Routing\\Route))
#7 C:\\Users\\laity\\Desktop\\innosoft\\backend\\vendor\\laravel\\framework\\src\\Illuminate\\Routing\\Router.php(784): Illuminate\\Routing\\Router->runRouteWithinStack(Object(Illuminate\\Routing\\Route), Object(Illuminate\\Http\\Request))
#8 C:\\Users\\laity\\Desktop\\innosoft\\backend\\vendor\\laravel\\framework\\src\\Illuminate\\Routing\\Router.php(748): Illuminate\\Routing\\Router->runRoute(Object(Illuminate\\Http\\Request), Object(Illuminate\\Routing\\Route))
#9 C:\\Users\\laity\\Desktop\\innosoft\\backend\\vendor\\laravel\\framework\\src\\Illuminate\\Routing\\Router.php(737): Illuminate\\Routing\\Router->dispatchToRoute(Object(Illuminate\\Http\\Request))
#10 C:\\Users\\laity\\Desktop\\innosoft\\backend\\vendor\\laravel\\framework\\src\\Illuminate\\Foundation\\Http\\Kernel.php(200): Illuminate\\Routing\\Router->dispatch(Object(Illuminate\\Http\\Request))
#11 C:\\Users\\laity\\Desktop\\innosoft\\backend\\vendor\\laravel\\framework\\src\\Illuminate\\Pipeline\\Pipeline.php(144): Illuminate\\Foundation\\Http\\Kernel->Illuminate\\Foundation\\Http\\{closure}(Object(Illuminate\\Http\\Request))
#12 C:\\Users\\laity\\Desktop\\innosoft\\backend\\vendor\\laravel\\framework\\src\\Illuminate\\Foundation\\Http\\Middleware\\TransformsRequest.php(21): Illuminate\\Pipeline\\Pipeline->Illuminate\\Pipeline\\{closure}(Object(Illuminate\\Http\\Request))
#13 C:\\Users\\laity\\Desktop\\innosoft\\backend\\vendor\\laravel\\framework\\src\\Illuminate\\Foundation\\Http\\Middleware\\ConvertEmptyStringsToNull.php(31): Illuminate\\Foundation\\Http\\Middleware\\TransformsRequest->handle(Object(Illuminate\\Http\\Request), Object(Closure))
#14 C:\\Users\\laity\\Desktop\\innosoft\\backend\\vendor\\laravel\\framework\\src\\Illuminate\\Pipeline\\Pipeline.php(183): Illuminate\\Foundation\\Http\\Middleware\\ConvertEmptyStringsToNull->handle(Object(Illuminate\\Http\\Request), Object(Closure))
#15 C:\\Users\\laity\\Desktop\\innosoft\\backend\\vendor\\laravel\\framework\\src\\Illuminate\\Foundation\\Http\\Middleware\\TransformsRequest.php(21): Illuminate\\Pipeline\\Pipeline->Illuminate\\Pipeline\\{closure}(Object(Illuminate\\Http\\Request))
#16 C:\\Users\\laity\\Desktop\\innosoft\\backend\\vendor\\laravel\\framework\\src\\Illuminate\\Foundation\\Http\\Middleware\\TrimStrings.php(40): Illuminate\\Foundation\\Http\\Middleware\\TransformsRequest->handle(Object(Illuminate\\Http\\Request), Object(Closure))
#17 C:\\Users\\laity\\Desktop\\innosoft\\backend\\vendor\\laravel\\framework\\src\\Illuminate\\Pipeline\\Pipeline.php(183): Illuminate\\Foundation\\Http\\Middleware\\TrimStrings->handle(Object(Illuminate\\Http\\Request), Object(Closure))
#18 C:\\Users\\laity\\Desktop\\innosoft\\backend\\vendor\\laravel\\framework\\src\\Illuminate\\Foundation\\Http\\Middleware\\ValidatePostSize.php(27): Illuminate\\Pipeline\\Pipeline->Illuminate\\Pipeline\\{closure}(Object(Illuminate\\Http\\Request))
#19 C:\\Users\\laity\\Desktop\\innosoft\\backend\\vendor\\laravel\\framework\\src\\Illuminate\\Pipeline\\Pipeline.php(183): Illuminate\\Foundation\\Http\\Middleware\\ValidatePostSize->handle(Object(Illuminate\\Http\\Request), Object(Closure))
#20 C:\\Users\\laity\\Desktop\\innosoft\\backend\\vendor\\laravel\\framework\\src\\Illuminate\\Foundation\\Http\\Middleware\\PreventRequestsDuringMaintenance.php(99): Illuminate\\Pipeline\\Pipeline->Illuminate\\Pipeline\\{closure}(Object(Illuminate\\Http\\Request))
#21 C:\\Users\\laity\\Desktop\\innosoft\\backend\\vendor\\laravel\\framework\\src\\Illuminate\\Pipeline\\Pipeline.php(183): Illuminate\\Foundation\\Http\\Middleware\\PreventRequestsDuringMaintenance->handle(Object(Illuminate\\Http\\Request), Object(Closure))
#22 C:\\Users\\laity\\Desktop\\innosoft\\backend\\vendor\\laravel\\framework\\src\\Illuminate\\Http\\Middleware\\HandleCors.php(62): Illuminate\\Pipeline\\Pipeline->Illuminate\\Pipeline\\{closure}(Object(Illuminate\\Http\\Request))
#23 C:\\Users\\laity\\Desktop\\innosoft\\backend\\vendor\\laravel\\framework\\src\\Illuminate\\Pipeline\\Pipeline.php(183): Illuminate\\Http\\Middleware\\HandleCors->handle(Object(Illuminate\\Http\\Request), Object(Closure))
#24 C:\\Users\\laity\\Desktop\\innosoft\\backend\\vendor\\laravel\\framework\\src\\Illuminate\\Http\\Middleware\\TrustProxies.php(39): Illuminate\\Pipeline\\Pipeline->Illuminate\\Pipeline\\{closure}(Object(Illuminate\\Http\\Request))
#25 C:\\Users\\laity\\Desktop\\innosoft\\backend\\vendor\\laravel\\framework\\src\\Illuminate\\Pipeline\\Pipeline.php(183): Illuminate\\Http\\Middleware\\TrustProxies->handle(Object(Illuminate\\Http\\Request), Object(Closure))
#26 C:\\Users\\laity\\Desktop\\innosoft\\backend\\vendor\\laravel\\framework\\src\\Illuminate\\Pipeline\\Pipeline.php(119): Illuminate\\Pipeline\\Pipeline->Illuminate\\Pipeline\\{closure}(Object(Illuminate\\Http\\Request))
#27 C:\\Users\\laity\\Desktop\\innosoft\\backend\\vendor\\laravel\\framework\\src\\Illuminate\\Foundation\\Http\\Kernel.php(175): Illuminate\\Pipeline\\Pipeline->then(Object(Closure))
#28 C:\\Users\\laity\\Desktop\\innosoft\\backend\\vendor\\laravel\\framework\\src\\Illuminate\\Foundation\\Http\\Kernel.php(144): Illuminate\\Foundation\\Http\\Kernel->sendRequestThroughRouter(Object(Illuminate\\Http\\Request))
#29 C:\\Users\\laity\\Desktop\\innosoft\\backend\\public\\index.php(51): Illuminate\\Foundation\\Http\\Kernel->handle(Object(Illuminate\\Http\\Request))
#30 C:\\Users\\laity\\Desktop\\innosoft\\backend\\vendor\\laravel\\framework\\src\\Illuminate\\Foundation\\resources\\server.php(16): require_once('C:\\\\Users\\\\laity\\\\...')
#31 {main}
"} 
[2025-11-28 01:35:29] local.ERROR: Class "App\Http\Controllers\Controller" not found {"exception":"[object] (Error(code: 0): Class \"App\\Http\\Controllers\\Controller\" not found at C:\\Users\\laity\\Desktop\\innosoft\\backend\\app\\Http\\Controllers\\Api\\TestimonialController.php:10)
[stacktrace]
#0 C:\\Users\\laity\\Desktop\\innosoft\\backend\\vendor\\composer\\ClassLoader.php(576): include()
#1 C:\\Users\\laity\\Desktop\\innosoft\\backend\\vendor\\composer\\ClassLoader.php(427): Composer\\Autoload\\{closure}('C:\\\\Users\\\\laity\\\\...')
#2 [internal function]: Composer\\Autoload\\ClassLoader->loadClass('App\\\\Http\\\\Contro...')
#3 C:\\Users\\laity\\Desktop\\innosoft\\backend\\vendor\\laravel\\framework\\src\\Illuminate\\Routing\\Route.php(1096): is_a('App\\\\Http\\\\Contro...', 'Illuminate\\\\Rout...', true)
#4 C:\\Users\\laity\\Desktop\\innosoft\\backend\\vendor\\laravel\\framework\\src\\Illuminate\\Routing\\Route.php(1035): Illuminate\\Routing\\Route->controllerMiddleware()
#5 C:\\Users\\laity\\Desktop\\innosoft\\backend\\vendor\\laravel\\framework\\src\\Illuminate\\Routing\\Router.php(818): Illuminate\\Routing\\Route->gatherMiddleware()
#6 C:\\Users\\laity\\Desktop\\innosoft\\backend\\vendor\\laravel\\framework\\src\\Illuminate\\Routing\\Router.php(800): Illuminate\\Routing\\Router->gatherRouteMiddleware(Object(Illuminate\\Routing\\Route))
#7 C:\\Users\\laity\\Desktop\\innosoft\\backend\\vendor\\laravel\\framework\\src\\Illuminate\\Routing\\Router.php(784): Illuminate\\Routing\\Router->runRouteWithinStack(Object(Illuminate\\Routing\\Route), Object(Illuminate\\Http\\Request))
#8 C:\\Users\\laity\\Desktop\\innosoft\\backend\\vendor\\laravel\\framework\\src\\Illuminate\\Routing\\Router.php(748): Illuminate\\Routing\\Router->runRoute(Object(Illuminate\\Http\\Request), Object(Illuminate\\Routing\\Route))
#9 C:\\Users\\laity\\Desktop\\innosoft\\backend\\vendor\\laravel\\framework\\src\\Illuminate\\Routing\\Router.php(737): Illuminate\\Routing\\Router->dispatchToRoute(Object(Illuminate\\Http\\Request))
#10 C:\\Users\\laity\\Desktop\\innosoft\\backend\\vendor\\laravel\\framework\\src\\Illuminate\\Foundation\\Http\\Kernel.php(200): Illuminate\\Routing\\Router->dispatch(Object(Illuminate\\Http\\Request))
#11 C:\\Users\\laity\\Desktop\\innosoft\\backend\\vendor\\laravel\\framework\\src\\Illuminate\\Pipeline\\Pipeline.php(144): Illuminate\\Foundation\\Http\\Kernel->Illuminate\\Foundation\\Http\\{closure}(Object(Illuminate\\Http\\Request))
#12 C:\\Users\\laity\\Desktop\\innosoft\\backend\\vendor\\laravel\\framework\\src\\Illuminate\\Foundation\\Http\\Middleware\\TransformsRequest.php(21): Illuminate\\Pipeline\\Pipeline->Illuminate\\Pipeline\\{closure}(Object(Illuminate\\Http\\Request))
#13 C:\\Users\\laity\\Desktop\\innosoft\\backend\\vendor\\laravel\\framework\\src\\Illuminate\\Foundation\\Http\\Middleware\\ConvertEmptyStringsToNull.php(31): Illuminate\\Foundation\\Http\\Middleware\\TransformsRequest->handle(Object(Illuminate\\Http\\Request), Object(Closure))
#14 C:\\Users\\laity\\Desktop\\innosoft\\backend\\vendor\\laravel\\framework\\src\\Illuminate\\Pipeline\\Pipeline.php(183): Illuminate\\Foundation\\Http\\Middleware\\ConvertEmptyStringsToNull->handle(Object(Illuminate\\Http\\Request), Object(Closure))
#15 C:\\Users\\laity\\Desktop\\innosoft\\backend\\vendor\\laravel\\framework\\src\\Illuminate\\Foundation\\Http\\Middleware\\TransformsRequest.php(21): Illuminate\\Pipeline\\Pipeline->Illuminate\\Pipeline\\{closure}(Object(Illuminate\\Http\\Request))
#16 C:\\Users\\laity\\Desktop\\innosoft\\backend\\vendor\\laravel\\framework\\src\\Illuminate\\Foundation\\Http\\Middleware\\TrimStrings.php(40): Illuminate\\Foundation\\Http\\Middleware\\TransformsRequest->handle(Object(Illuminate\\Http\\Request), Object(Closure))
#17 C:\\Users\\laity\\Desktop\\innosoft\\backend\\vendor\\laravel\\framework\\src\\Illuminate\\Pipeline\\Pipeline.php(183): Illuminate\\Foundation\\Http\\Middleware\\TrimStrings->handle(Object(Illuminate\\Http\\Request), Object(Closure))
#18 C:\\Users\\laity\\Desktop\\innosoft\\backend\\vendor\\laravel\\framework\\src\\Illuminate\\Foundation\\Http\\Middleware\\ValidatePostSize.php(27): Illuminate\\Pipeline\\Pipeline->Illuminate\\Pipeline\\{closure}(Object(Illuminate\\Http\\Request))
#19 C:\\Users\\laity\\Desktop\\innosoft\\backend\\vendor\\laravel\\framework\\src\\Illuminate\\Pipeline\\Pipeline.php(183): Illuminate\\Foundation\\Http\\Middleware\\ValidatePostSize->handle(Object(Illuminate\\Http\\Request), Object(Closure))
#20 C:\\Users\\laity\\Desktop\\innosoft\\backend\\vendor\\laravel\\framework\\src\\Illuminate\\Foundation\\Http\\Middleware\\PreventRequestsDuringMaintenance.php(99): Illuminate\\Pipeline\\Pipeline->Illuminate\\Pipeline\\{closure}(Object(Illuminate\\Http\\Request))
#21 C:\\Users\\laity\\Desktop\\innosoft\\backend\\vendor\\laravel\\framework\\src\\Illuminate\\Pipeline\\Pipeline.php(183): Illuminate\\Foundation\\Http\\Middleware\\PreventRequestsDuringMaintenance->handle(Object(Illuminate\\Http\\Request), Object(Closure))
#22 C:\\Users\\laity\\Desktop\\innosoft\\backend\\vendor\\laravel\\framework\\src\\Illuminate\\Http\\Middleware\\HandleCors.php(62): Illuminate\\Pipeline\\Pipeline->Illuminate\\Pipeline\\{closure}(Object(Illuminate\\Http\\Request))
#23 C:\\Users\\laity\\Desktop\\innosoft\\backend\\vendor\\laravel\\framework\\src\\Illuminate\\Pipeline\\Pipeline.php(183): Illuminate\\Http\\Middleware\\HandleCors->handle(Object(Illuminate\\Http\\Request), Object(Closure))
#24 C:\\Users\\laity\\Desktop\\innosoft\\backend\\vendor\\laravel\\framework\\src\\Illuminate\\Http\\Middleware\\TrustProxies.php(39): Illuminate\\Pipeline\\Pipeline->Illuminate\\Pipeline\\{closure}(Object(Illuminate\\Http\\Request))
#25 C:\\Users\\laity\\Desktop\\innosoft\\backend\\vendor\\laravel\\framework\\src\\Illuminate\\Pipeline\\Pipeline.php(183): Illuminate\\Http\\Middleware\\TrustProxies->handle(Object(Illuminate\\Http\\Request), Object(Closure))
#26 C:\\Users\\laity\\Desktop\\innosoft\\backend\\vendor\\laravel\\framework\\src\\Illuminate\\Pipeline\\Pipeline.php(119): Illuminate\\Pipeline\\Pipeline->Illuminate\\Pipeline\\{closure}(Object(Illuminate\\Http\\Request))
#27 C:\\Users\\laity\\Desktop\\innosoft\\backend\\vendor\\laravel\\framework\\src\\Illuminate\\Foundation\\Http\\Kernel.php(175): Illuminate\\Pipeline\\Pipeline->then(Object(Closure))
#28 C:\\Users\\laity\\Desktop\\innosoft\\backend\\vendor\\laravel\\framework\\src\\Illuminate\\Foundation\\Http\\Kernel.php(144): Illuminate\\Foundation\\Http\\Kernel->sendRequestThroughRouter(Object(Illuminate\\Http\\Request))
#29 C:\\Users\\laity\\Desktop\\innosoft\\backend\\public\\index.php(51): Illuminate\\Foundation\\Http\\Kernel->handle(Object(Illuminate\\Http\\Request))
#30 C:\\Users\\laity\\Desktop\\innosoft\\backend\\vendor\\laravel\\framework\\src\\Illuminate\\Foundation\\resources\\server.php(16): require_once('C:\\\\Users\\\\laity\\\\...')
#31 {main}
"} 
[2025-11-28 01:38:16] local.ERROR: SQLSTATE[HY000] [2002] Aucune connexion n’a pu être établie car l’ordinateur cible l’a expressément refusée (Connection: mysql, SQL: select table_name as `name`, (data_length + index_length) as `size`, table_comment as `comment`, engine as `engine`, table_collation as `collation` from information_schema.tables where table_schema = 'innosoft' and table_type in ('BASE TABLE', 'SYSTEM VERSIONED') order by table_name) {"exception":"[object] (Illuminate\\Database\\QueryException(code: 2002): SQLSTATE[HY000] [2002] Aucune connexion n’a pu être établie car l’ordinateur cible l’a expressément refusée (Connection: mysql, SQL: select table_name as `name`, (data_length + index_length) as `size`, table_comment as `comment`, engine as `engine`, table_collation as `collation` from information_schema.tables where table_schema = 'innosoft' and table_type in ('BASE TABLE', 'SYSTEM VERSIONED') order by table_name) at C:\\Users\\laity\\Desktop\\innosoft\\backend\\vendor\\laravel\\framework\\src\\Illuminate\\Database\\Connection.php:829)
[stacktrace]
#0 C:\\Users\\laity\\Desktop\\innosoft\\backend\\vendor\\laravel\\framework\\src\\Illuminate\\Database\\Connection.php(783): Illuminate\\Database\\Connection->runQueryCallback('select table_na...', Array, Object(Closure))
#1 C:\\Users\\laity\\Desktop\\innosoft\\backend\\vendor\\laravel\\framework\\src\\Illuminate\\Database\\Connection.php(414): Illuminate\\Database\\Connection->run('select table_na...', Array, Object(Closure))
#2 C:\\Users\\laity\\Desktop\\innosoft\\backend\\vendor\\laravel\\framework\\src\\Illuminate\\Database\\Connection.php(401): Illuminate\\Database\\Connection->select('select table_na...', Array, false)
#3 C:\\Users\\laity\\Desktop\\innosoft\\backend\\vendor\\laravel\\framework\\src\\Illuminate\\Database\\Schema\\MySqlBuilder.php(41): Illuminate\\Database\\Connection->selectFromWriteConnection('select table_na...')
#4 C:\\Users\\laity\\Desktop\\innosoft\\backend\\vendor\\laravel\\framework\\src\\Illuminate\\Database\\Schema\\Builder.php(165): Illuminate\\Database\\Schema\\MySqlBuilder->getTables(false)
#5 C:\\Users\\laity\\Desktop\\innosoft\\backend\\vendor\\laravel\\framework\\src\\Illuminate\\Database\\Migrations\\DatabaseMigrationRepository.php(184): Illuminate\\Database\\Schema\\Builder->hasTable('migrations')
#6 C:\\Users\\laity\\Desktop\\innosoft\\backend\\vendor\\laravel\\framework\\src\\Illuminate\\Database\\Migrations\\Migrator.php(727): Illuminate\\Database\\Migrations\\DatabaseMigrationRepository->repositoryExists()
#7 C:\\Users\\laity\\Desktop\\innosoft\\backend\\vendor\\laravel\\framework\\src\\Illuminate\\Database\\Console\\Migrations\\MigrateCommand.php(140): Illuminate\\Database\\Migrations\\Migrator->repositoryExists()
#8 C:\\Users\\laity\\Desktop\\innosoft\\backend\\vendor\\laravel\\framework\\src\\Illuminate\\Support\\helpers.php(261): Illuminate\\Database\\Console\\Migrations\\MigrateCommand->Illuminate\\Database\\Console\\Migrations\\{closure}(1)
#9 C:\\Users\\laity\\Desktop\\innosoft\\backend\\vendor\\laravel\\framework\\src\\Illuminate\\Database\\Console\\Migrations\\MigrateCommand.php(140): retry(1, Object(Closure), 0, Object(Closure))
#10 C:\\Users\\laity\\Desktop\\innosoft\\backend\\vendor\\laravel\\framework\\src\\Illuminate\\Database\\Console\\Migrations\\MigrateCommand.php(116): Illuminate\\Database\\Console\\Migrations\\MigrateCommand->repositoryExists()
#11 C:\\Users\\laity\\Desktop\\innosoft\\backend\\vendor\\laravel\\framework\\src\\Illuminate\\Database\\Console\\Migrations\\MigrateCommand.php(84): Illuminate\\Database\\Console\\Migrations\\MigrateCommand->prepareDatabase()
#12 C:\\Users\\laity\\Desktop\\innosoft\\backend\\vendor\\laravel\\framework\\src\\Illuminate\\Database\\Migrations\\Migrator.php(641): Illuminate\\Database\\Console\\Migrations\\MigrateCommand->Illuminate\\Database\\Console\\Migrations\\{closure}()
#13 C:\\Users\\laity\\Desktop\\innosoft\\backend\\vendor\\laravel\\framework\\src\\Illuminate\\Database\\Console\\Migrations\\MigrateCommand.php(83): Illuminate\\Database\\Migrations\\Migrator->usingConnection(NULL, Object(Closure))
#14 C:\\Users\\laity\\Desktop\\innosoft\\backend\\vendor\\laravel\\framework\\src\\Illuminate\\Container\\BoundMethod.php(36): Illuminate\\Database\\Console\\Migrations\\MigrateCommand->handle()
#15 C:\\Users\\laity\\Desktop\\innosoft\\backend\\vendor\\laravel\\framework\\src\\Illuminate\\Container\\Util.php(41): Illuminate\\Container\\BoundMethod::Illuminate\\Container\\{closure}()
#16 C:\\Users\\laity\\Desktop\\innosoft\\backend\\vendor\\laravel\\framework\\src\\Illuminate\\Container\\BoundMethod.php(93): Illuminate\\Container\\Util::unwrapIfClosure(Object(Closure))
#17 C:\\Users\\laity\\Desktop\\innosoft\\backend\\vendor\\laravel\\framework\\src\\Illuminate\\Container\\BoundMethod.php(35): Illuminate\\Container\\BoundMethod::callBoundMethod(Object(Illuminate\\Foundation\\Application), Array, Object(Closure))
#18 C:\\Users\\laity\\Desktop\\innosoft\\backend\\vendor\\laravel\\framework\\src\\Illuminate\\Container\\Container.php(662): Illuminate\\Container\\BoundMethod::call(Object(Illuminate\\Foundation\\Application), Array, Array, NULL)
#19 C:\\Users\\laity\\Desktop\\innosoft\\backend\\vendor\\laravel\\framework\\src\\Illuminate\\Console\\Command.php(211): Illuminate\\Container\\Container->call(Array)
#20 C:\\Users\\laity\\Desktop\\innosoft\\backend\\vendor\\symfony\\console\\Command\\Command.php(326): Illuminate\\Console\\Command->execute(Object(Symfony\\Component\\Console\\Input\\ArgvInput), Object(Illuminate\\Console\\OutputStyle))
#21 C:\\Users\\laity\\Desktop\\innosoft\\backend\\vendor\\laravel\\framework\\src\\Illuminate\\Console\\Command.php(180): Symfony\\Component\\Console\\Command\\Command->run(Object(Symfony\\Component\\Console\\Input\\ArgvInput), Object(Illuminate\\Console\\OutputStyle))
#22 C:\\Users\\laity\\Desktop\\innosoft\\backend\\vendor\\symfony\\console\\Application.php(1088): Illuminate\\Console\\Command->run(Object(Symfony\\Component\\Console\\Input\\ArgvInput), Object(Symfony\\Component\\Console\\Output\\ConsoleOutput))
#23 C:\\Users\\laity\\Desktop\\innosoft\\backend\\vendor\\symfony\\console\\Application.php(324): Symfony\\Component\\Console\\Application->doRunCommand(Object(Illuminate\\Database\\Console\\Migrations\\MigrateCommand), Object(Symfony\\Component\\Console\\Input\\ArgvInput), Object(Symfony\\Component\\Console\\Output\\ConsoleOutput))
#24 C:\\Users\\laity\\Desktop\\innosoft\\backend\\vendor\\symfony\\console\\Application.php(175): Symfony\\Component\\Console\\Application->doRun(Object(Symfony\\Component\\Console\\Input\\ArgvInput), Object(Symfony\\Component\\Console\\Output\\ConsoleOutput))
#25 C:\\Users\\laity\\Desktop\\innosoft\\backend\\vendor\\laravel\\framework\\src\\Illuminate\\Foundation\\Console\\Kernel.php(201): Symfony\\Component\\Console\\Application->run(Object(Symfony\\Component\\Console\\Input\\ArgvInput), Object(Symfony\\Component\\Console\\Output\\ConsoleOutput))
#26 C:\\Users\\laity\\Desktop\\innosoft\\backend\\artisan(35): Illuminate\\Foundation\\Console\\Kernel->handle(Object(Symfony\\Component\\Console\\Input\\ArgvInput), Object(Symfony\\Component\\Console\\Output\\ConsoleOutput))
#27 {main}

[previous exception] [object] (PDOException(code: 2002): SQLSTATE[HY000] [2002] Aucune connexion n’a pu être établie car l’ordinateur cible l’a expressément refusée at C:\\Users\\laity\\Desktop\\innosoft\\backend\\vendor\\laravel\\framework\\src\\Illuminate\\Database\\Connectors\\Connector.php:65)
[stacktrace]
#0 C:\\Users\\laity\\Desktop\\innosoft\\backend\\vendor\\laravel\\framework\\src\\Illuminate\\Database\\Connectors\\Connector.php(65): PDO->__construct('mysql:host=127....', 'root', Object(SensitiveParameterValue), Array)
#1 C:\\Users\\laity\\Desktop\\innosoft\\backend\\vendor\\laravel\\framework\\src\\Illuminate\\Database\\Connectors\\Connector.php(44): Illuminate\\Database\\Connectors\\Connector->createPdoConnection('mysql:host=127....', 'root', '', Array)
#2 C:\\Users\\laity\\Desktop\\innosoft\\backend\\vendor\\laravel\\framework\\src\\Illuminate\\Database\\Connectors\\MySqlConnector.php(24): Illuminate\\Database\\Connectors\\Connector->createConnection('mysql:host=127....', Array, Array)
#3 C:\\Users\\laity\\Desktop\\innosoft\\backend\\vendor\\laravel\\framework\\src\\Illuminate\\Database\\Connectors\\ConnectionFactory.php(184): Illuminate\\Database\\Connectors\\MySqlConnector->connect(Array)
#4 [internal function]: Illuminate\\Database\\Connectors\\ConnectionFactory->Illuminate\\Database\\Connectors\\{closure}()
#5 C:\\Users\\laity\\Desktop\\innosoft\\backend\\vendor\\laravel\\framework\\src\\Illuminate\\Database\\Connection.php(1339): call_user_func(Object(Closure))
#6 C:\\Users\\laity\\Desktop\\innosoft\\backend\\vendor\\laravel\\framework\\src\\Illuminate\\Database\\Connection.php(528): Illuminate\\Database\\Connection->getPdo()
#7 C:\\Users\\laity\\Desktop\\innosoft\\backend\\vendor\\laravel\\framework\\src\\Illuminate\\Database\\Connection.php(423): Illuminate\\Database\\Connection->getPdoForSelect(false)
#8 C:\\Users\\laity\\Desktop\\innosoft\\backend\\vendor\\laravel\\framework\\src\\Illuminate\\Database\\Connection.php(816): Illuminate\\Database\\Connection->Illuminate\\Database\\{closure}('select table_na...', Array)
#9 C:\\Users\\laity\\Desktop\\innosoft\\backend\\vendor\\laravel\\framework\\src\\Illuminate\\Database\\Connection.php(783): Illuminate\\Database\\Connection->runQueryCallback('select table_na...', Array, Object(Closure))
#10 C:\\Users\\laity\\Desktop\\innosoft\\backend\\vendor\\laravel\\framework\\src\\Illuminate\\Database\\Connection.php(414): Illuminate\\Database\\Connection->run('select table_na...', Array, Object(Closure))
#11 C:\\Users\\laity\\Desktop\\innosoft\\backend\\vendor\\laravel\\framework\\src\\Illuminate\\Database\\Connection.php(401): Illuminate\\Database\\Connection->select('select table_na...', Array, false)
#12 C:\\Users\\laity\\Desktop\\innosoft\\backend\\vendor\\laravel\\framework\\src\\Illuminate\\Database\\Schema\\MySqlBuilder.php(41): Illuminate\\Database\\Connection->selectFromWriteConnection('select table_na...')
#13 C:\\Users\\laity\\Desktop\\innosoft\\backend\\vendor\\laravel\\framework\\src\\Illuminate\\Database\\Schema\\Builder.php(165): Illuminate\\Database\\Schema\\MySqlBuilder->getTables(false)
#14 C:\\Users\\laity\\Desktop\\innosoft\\backend\\vendor\\laravel\\framework\\src\\Illuminate\\Database\\Migrations\\DatabaseMigrationRepository.php(184): Illuminate\\Database\\Schema\\Builder->hasTable('migrations')
#15 C:\\Users\\laity\\Desktop\\innosoft\\backend\\vendor\\laravel\\framework\\src\\Illuminate\\Database\\Migrations\\Migrator.php(727): Illuminate\\Database\\Migrations\\DatabaseMigrationRepository->repositoryExists()
#16 C:\\Users\\laity\\Desktop\\innosoft\\backend\\vendor\\laravel\\framework\\src\\Illuminate\\Database\\Console\\Migrations\\MigrateCommand.php(140): Illuminate\\Database\\Migrations\\Migrator->repositoryExists()
#17 C:\\Users\\laity\\Desktop\\innosoft\\backend\\vendor\\laravel\\framework\\src\\Illuminate\\Support\\helpers.php(261): Illuminate\\Database\\Console\\Migrations\\MigrateCommand->Illuminate\\Database\\Console\\Migrations\\{closure}(1)
#18 C:\\Users\\laity\\Desktop\\innosoft\\backend\\vendor\\laravel\\framework\\src\\Illuminate\\Database\\Console\\Migrations\\MigrateCommand.php(140): retry(1, Object(Closure), 0, Object(Closure))
#19 C:\\Users\\laity\\Desktop\\innosoft\\backend\\vendor\\laravel\\framework\\src\\Illuminate\\Database\\Console\\Migrations\\MigrateCommand.php(116): Illuminate\\Database\\Console\\Migrations\\MigrateCommand->repositoryExists()
#20 C:\\Users\\laity\\Desktop\\innosoft\\backend\\vendor\\laravel\\framework\\src\\Illuminate\\Database\\Console\\Migrations\\MigrateCommand.php(84): Illuminate\\Database\\Console\\Migrations\\MigrateCommand->prepareDatabase()
#21 C:\\Users\\laity\\Desktop\\innosoft\\backend\\vendor\\laravel\\framework\\src\\Illuminate\\Database\\Migrations\\Migrator.php(641): Illuminate\\Database\\Console\\Migrations\\MigrateCommand->Illuminate\\Database\\Console\\Migrations\\{closure}()
#22 C:\\Users\\laity\\Desktop\\innosoft\\backend\\vendor\\laravel\\framework\\src\\Illuminate\\Database\\Console\\Migrations\\MigrateCommand.php(83): Illuminate\\Database\\Migrations\\Migrator->usingConnection(NULL, Object(Closure))
#23 C:\\Users\\laity\\Desktop\\innosoft\\backend\\vendor\\laravel\\framework\\src\\Illuminate\\Container\\BoundMethod.php(36): Illuminate\\Database\\Console\\Migrations\\MigrateCommand->handle()
#24 C:\\Users\\laity\\Desktop\\innosoft\\backend\\vendor\\laravel\\framework\\src\\Illuminate\\Container\\Util.php(41): Illuminate\\Container\\BoundMethod::Illuminate\\Container\\{closure}()
#25 C:\\Users\\laity\\Desktop\\innosoft\\backend\\vendor\\laravel\\framework\\src\\Illuminate\\Container\\BoundMethod.php(93): Illuminate\\Container\\Util::unwrapIfClosure(Object(Closure))
#26 C:\\Users\\laity\\Desktop\\innosoft\\backend\\vendor\\laravel\\framework\\src\\Illuminate\\Container\\BoundMethod.php(35): Illuminate\\Container\\BoundMethod::callBoundMethod(Object(Illuminate\\Foundation\\Application), Array, Object(Closure))
#27 C:\\Users\\laity\\Desktop\\innosoft\\backend\\vendor\\laravel\\framework\\src\\Illuminate\\Container\\Container.php(662): Illuminate\\Container\\BoundMethod::call(Object(Illuminate\\Foundation\\Application), Array, Array, NULL)
#28 C:\\Users\\laity\\Desktop\\innosoft\\backend\\vendor\\laravel\\framework\\src\\Illuminate\\Console\\Command.php(211): Illuminate\\Container\\Container->call(Array)
#29 C:\\Users\\laity\\Desktop\\innosoft\\backend\\vendor\\symfony\\console\\Command\\Command.php(326): Illuminate\\Console\\Command->execute(Object(Symfony\\Component\\Console\\Input\\ArgvInput), Object(Illuminate\\Console\\OutputStyle))
#30 C:\\Users\\laity\\Desktop\\innosoft\\backend\\vendor\\laravel\\framework\\src\\Illuminate\\Console\\Command.php(180): Symfony\\Component\\Console\\Command\\Command->run(Object(Symfony\\Component\\Console\\Input\\ArgvInput), Object(Illuminate\\Console\\OutputStyle))
#31 C:\\Users\\laity\\Desktop\\innosoft\\backend\\vendor\\symfony\\console\\Application.php(1088): Illuminate\\Console\\Command->run(Object(Symfony\\Component\\Console\\Input\\ArgvInput), Object(Symfony\\Component\\Console\\Output\\ConsoleOutput))
#32 C:\\Users\\laity\\Desktop\\innosoft\\backend\\vendor\\symfony\\console\\Application.php(324): Symfony\\Component\\Console\\Application->doRunCommand(Object(Illuminate\\Database\\Console\\Migrations\\MigrateCommand), Object(Symfony\\Component\\Console\\Input\\ArgvInput), Object(Symfony\\Component\\Console\\Output\\ConsoleOutput))
#33 C:\\Users\\laity\\Desktop\\innosoft\\backend\\vendor\\symfony\\console\\Application.php(175): Symfony\\Component\\Console\\Application->doRun(Object(Symfony\\Component\\Console\\Input\\ArgvInput), Object(Symfony\\Component\\Console\\Output\\ConsoleOutput))
#34 C:\\Users\\laity\\Desktop\\innosoft\\backend\\vendor\\laravel\\framework\\src\\Illuminate\\Foundation\\Console\\Kernel.php(201): Symfony\\Component\\Console\\Application->run(Object(Symfony\\Component\\Console\\Input\\ArgvInput), Object(Symfony\\Component\\Console\\Output\\ConsoleOutput))
#35 C:\\Users\\laity\\Desktop\\innosoft\\backend\\artisan(35): Illuminate\\Foundation\\Console\\Kernel->handle(Object(Symfony\\Component\\Console\\Input\\ArgvInput), Object(Symfony\\Component\\Console\\Output\\ConsoleOutput))
#36 {main}
"} 
[2025-11-28 01:39:20] local.ERROR: Uncaught InvalidArgumentException: Please provide a valid cache path. in C:\Users\laity\Desktop\innosoft\backend\vendor\laravel\framework\src\Illuminate\View\Compilers\Compiler.php:67
Stack trace:
#0 C:\Users\laity\Desktop\innosoft\backend\vendor\laravel\framework\src\Illuminate\View\ViewServiceProvider.php(97): Illuminate\View\Compilers\Compiler->__construct(Object(Illuminate\Filesystem\Filesystem), NULL, '', true, 'php')
#1 C:\Users\laity\Desktop\innosoft\backend\vendor\laravel\framework\src\Illuminate\Container\Container.php(908): Illuminate\View\ViewServiceProvider->Illuminate\View\{closure}(Object(Illuminate\Foundation\Application), Array)
#2 C:\Users\laity\Desktop\innosoft\backend\vendor\laravel\framework\src\Illuminate\Container\Container.php(795): Illuminate\Container\Container->build(Object(Closure))
#3 C:\Users\laity\Desktop\innosoft\backend\vendor\laravel\framework\src\Illuminate\Foundation\Application.php(986): Illuminate\Container\Container->resolve('blade.compiler', Array, true)
#4 C:\Users\laity\Desktop\innosoft\backend\vendor\laravel\framework\src\Illuminate\Container\Container.php(731): Illuminate\Foundation\Application->resolve('blade.compiler', Array)
#5 C:\Users\laity\Desktop\innosoft\backend\vendor\laravel\framework\src\Illuminate\Foundation\Application.php(971): Illuminate\Container\Container->make('blade.compiler', Array)
#6 C:\Users\laity\Desktop\innosoft\backend\vendor\laravel\framework\src\Illuminate\Foundation\helpers.php(120): Illuminate\Foundation\Application->make('blade.compiler', Array)
#7 Command line code(1): app('Illuminate\\View...')
#8 {main}
  thrown {"exception":"[object] (Symfony\\Component\\ErrorHandler\\Error\\FatalError(code: 0): Uncaught InvalidArgumentException: Please provide a valid cache path. in C:\\Users\\laity\\Desktop\\innosoft\\backend\\vendor\\laravel\\framework\\src\\Illuminate\\View\\Compilers\\Compiler.php:67
Stack trace:
#0 C:\\Users\\laity\\Desktop\\innosoft\\backend\\vendor\\laravel\\framework\\src\\Illuminate\\View\\ViewServiceProvider.php(97): Illuminate\\View\\Compilers\\Compiler->__construct(Object(Illuminate\\Filesystem\\Filesystem), NULL, '', true, 'php')
#1 C:\\Users\\laity\\Desktop\\innosoft\\backend\\vendor\\laravel\\framework\\src\\Illuminate\\Container\\Container.php(908): Illuminate\\View\\ViewServiceProvider->Illuminate\\View\\{closure}(Object(Illuminate\\Foundation\\Application), Array)
#2 C:\\Users\\laity\\Desktop\\innosoft\\backend\\vendor\\laravel\\framework\\src\\Illuminate\\Container\\Container.php(795): Illuminate\\Container\\Container->build(Object(Closure))
#3 C:\\Users\\laity\\Desktop\\innosoft\\backend\\vendor\\laravel\\framework\\src\\Illuminate\\Foundation\\Application.php(986): Illuminate\\Container\\Container->resolve('blade.compiler', Array, true)
#4 C:\\Users\\laity\\Desktop\\innosoft\\backend\\vendor\\laravel\\framework\\src\\Illuminate\\Container\\Container.php(731): Illuminate\\Foundation\\Application->resolve('blade.compiler', Array)
#5 C:\\Users\\laity\\Desktop\\innosoft\\backend\\vendor\\laravel\\framework\\src\\Illuminate\\Foundation\\Application.php(971): Illuminate\\Container\\Container->make('blade.compiler', Array)
#6 C:\\Users\\laity\\Desktop\\innosoft\\backend\\vendor\\laravel\\framework\\src\\Illuminate\\Foundation\\helpers.php(120): Illuminate\\Foundation\\Application->make('blade.compiler', Array)
#7 Command line code(1): app('Illuminate\\\\View...')
#8 {main}
  thrown at C:\\Users\\laity\\Desktop\\innosoft\\backend\\vendor\\laravel\\framework\\src\\Illuminate\\View\\Compilers\\Compiler.php:67)
[stacktrace]
#0 {main}
"} 
[2025-11-28 01:41:53] local.ERROR: Database connection [pgsql] not configured. {"exception":"[object] (InvalidArgumentException(code: 0): Database connection [pgsql] not configured. at C:\\Users\\laity\\Desktop\\innosoft\\backend\\vendor\\laravel\\framework\\src\\Illuminate\\Database\\DatabaseManager.php:196)
[stacktrace]
#0 C:\\Users\\laity\\Desktop\\innosoft\\backend\\vendor\\laravel\\framework\\src\\Illuminate\\Database\\DatabaseManager.php(159): Illuminate\\Database\\DatabaseManager->configuration('pgsql')
#1 C:\\Users\\laity\\Desktop\\innosoft\\backend\\vendor\\laravel\\framework\\src\\Illuminate\\Database\\DatabaseManager.php(101): Illuminate\\Database\\DatabaseManager->makeConnection('pgsql')
#2 C:\\Users\\laity\\Desktop\\innosoft\\backend\\vendor\\laravel\\framework\\src\\Illuminate\\Database\\Migrations\\DatabaseMigrationRepository.php(226): Illuminate\\Database\\DatabaseManager->connection('pgsql')
#3 C:\\Users\\laity\\Desktop\\innosoft\\backend\\vendor\\laravel\\framework\\src\\Illuminate\\Database\\Migrations\\DatabaseMigrationRepository.php(182): Illuminate\\Database\\Migrations\\DatabaseMigrationRepository->getConnection()
#4 C:\\Users\\laity\\Desktop\\innosoft\\backend\\vendor\\laravel\\framework\\src\\Illuminate\\Database\\Migrations\\Migrator.php(727): Illuminate\\Database\\Migrations\\DatabaseMigrationRepository->repositoryExists()
#5 C:\\Users\\laity\\Desktop\\innosoft\\backend\\vendor\\laravel\\framework\\src\\Illuminate\\Database\\Console\\Migrations\\MigrateCommand.php(140): Illuminate\\Database\\Migrations\\Migrator->repositoryExists()
#6 C:\\Users\\laity\\Desktop\\innosoft\\backend\\vendor\\laravel\\framework\\src\\Illuminate\\Support\\helpers.php(261): Illuminate\\Database\\Console\\Migrations\\MigrateCommand->Illuminate\\Database\\Console\\Migrations\\{closure}(1)
#7 C:\\Users\\laity\\Desktop\\innosoft\\backend\\vendor\\laravel\\framework\\src\\Illuminate\\Database\\Console\\Migrations\\MigrateCommand.php(140): retry(1, Object(Closure), 0, Object(Closure))
#8 C:\\Users\\laity\\Desktop\\innosoft\\backend\\vendor\\laravel\\framework\\src\\Illuminate\\Database\\Console\\Migrations\\MigrateCommand.php(116): Illuminate\\Database\\Console\\Migrations\\MigrateCommand->repositoryExists()
#9 C:\\Users\\laity\\Desktop\\innosoft\\backend\\vendor\\laravel\\framework\\src\\Illuminate\\Database\\Console\\Migrations\\MigrateCommand.php(84): Illuminate\\Database\\Console\\Migrations\\MigrateCommand->prepareDatabase()
#10 C:\\Users\\laity\\Desktop\\innosoft\\backend\\vendor\\laravel\\framework\\src\\Illuminate\\Database\\Migrations\\Migrator.php(641): Illuminate\\Database\\Console\\Migrations\\MigrateCommand->Illuminate\\Database\\Console\\Migrations\\{closure}()
#11 C:\\Users\\laity\\Desktop\\innosoft\\backend\\vendor\\laravel\\framework\\src\\Illuminate\\Database\\Console\\Migrations\\MigrateCommand.php(83): Illuminate\\Database\\Migrations\\Migrator->usingConnection(NULL, Object(Closure))
#12 C:\\Users\\laity\\Desktop\\innosoft\\backend\\vendor\\laravel\\framework\\src\\Illuminate\\Container\\BoundMethod.php(36): Illuminate\\Database\\Console\\Migrations\\MigrateCommand->handle()
#13 C:\\Users\\laity\\Desktop\\innosoft\\backend\\vendor\\laravel\\framework\\src\\Illuminate\\Container\\Util.php(41): Illuminate\\Container\\BoundMethod::Illuminate\\Container\\{closure}()
#14 C:\\Users\\laity\\Desktop\\innosoft\\backend\\vendor\\laravel\\framework\\src\\Illuminate\\Container\\BoundMethod.php(93): Illuminate\\Container\\Util::unwrapIfClosure(Object(Closure))
#15 C:\\Users\\laity\\Desktop\\innosoft\\backend\\vendor\\laravel\\framework\\src\\Illuminate\\Container\\BoundMethod.php(35): Illuminate\\Container\\BoundMethod::callBoundMethod(Object(Illuminate\\Foundation\\Application), Array, Object(Closure))
#16 C:\\Users\\laity\\Desktop\\innosoft\\backend\\vendor\\laravel\\framework\\src\\Illuminate\\Container\\Container.php(662): Illuminate\\Container\\BoundMethod::call(Object(Illuminate\\Foundation\\Application), Array, Array, NULL)
#17 C:\\Users\\laity\\Desktop\\innosoft\\backend\\vendor\\laravel\\framework\\src\\Illuminate\\Console\\Command.php(211): Illuminate\\Container\\Container->call(Array)
#18 C:\\Users\\laity\\Desktop\\innosoft\\backend\\vendor\\symfony\\console\\Command\\Command.php(326): Illuminate\\Console\\Command->execute(Object(Symfony\\Component\\Console\\Input\\ArgvInput), Object(Illuminate\\Console\\OutputStyle))
#19 C:\\Users\\laity\\Desktop\\innosoft\\backend\\vendor\\laravel\\framework\\src\\Illuminate\\Console\\Command.php(180): Symfony\\Component\\Console\\Command\\Command->run(Object(Symfony\\Component\\Console\\Input\\ArgvInput), Object(Illuminate\\Console\\OutputStyle))
#20 C:\\Users\\laity\\Desktop\\innosoft\\backend\\vendor\\symfony\\console\\Application.php(1088): Illuminate\\Console\\Command->run(Object(Symfony\\Component\\Console\\Input\\ArgvInput), Object(Symfony\\Component\\Console\\Output\\ConsoleOutput))
#21 C:\\Users\\laity\\Desktop\\innosoft\\backend\\vendor\\symfony\\console\\Application.php(324): Symfony\\Component\\Console\\Application->doRunCommand(Object(Illuminate\\Database\\Console\\Migrations\\MigrateCommand), Object(Symfony\\Component\\Console\\Input\\ArgvInput), Object(Symfony\\Component\\Console\\Output\\ConsoleOutput))
#22 C:\\Users\\laity\\Desktop\\innosoft\\backend\\vendor\\symfony\\console\\Application.php(175): Symfony\\Component\\Console\\Application->doRun(Object(Symfony\\Component\\Console\\Input\\ArgvInput), Object(Symfony\\Component\\Console\\Output\\ConsoleOutput))
#23 C:\\Users\\laity\\Desktop\\innosoft\\backend\\vendor\\laravel\\framework\\src\\Illuminate\\Foundation\\Console\\Kernel.php(201): Symfony\\Component\\Console\\Application->run(Object(Symfony\\Component\\Console\\Input\\ArgvInput), Object(Symfony\\Component\\Console\\Output\\ConsoleOutput))
#24 C:\\Users\\laity\\Desktop\\innosoft\\backend\\artisan(35): Illuminate\\Foundation\\Console\\Kernel->handle(Object(Symfony\\Component\\Console\\Input\\ArgvInput), Object(Symfony\\Component\\Console\\Output\\ConsoleOutput))
#25 {main}
"} 
[2025-11-28 01:44:05] local.ERROR: Database connection [pgsql] not configured. {"exception":"[object] (InvalidArgumentException(code: 0): Database connection [pgsql] not configured. at C:\\Users\\laity\\Desktop\\innosoft\\backend\\vendor\\laravel\\framework\\src\\Illuminate\\Database\\DatabaseManager.php:196)
[stacktrace]
#0 C:\\Users\\laity\\Desktop\\innosoft\\backend\\vendor\\laravel\\framework\\src\\Illuminate\\Database\\DatabaseManager.php(159): Illuminate\\Database\\DatabaseManager->configuration('pgsql')
#1 C:\\Users\\laity\\Desktop\\innosoft\\backend\\vendor\\laravel\\framework\\src\\Illuminate\\Database\\DatabaseManager.php(101): Illuminate\\Database\\DatabaseManager->makeConnection('pgsql')
#2 C:\\Users\\laity\\Desktop\\innosoft\\backend\\vendor\\laravel\\framework\\src\\Illuminate\\Database\\Migrations\\DatabaseMigrationRepository.php(226): Illuminate\\Database\\DatabaseManager->connection('pgsql')
#3 C:\\Users\\laity\\Desktop\\innosoft\\backend\\vendor\\laravel\\framework\\src\\Illuminate\\Database\\Migrations\\DatabaseMigrationRepository.php(182): Illuminate\\Database\\Migrations\\DatabaseMigrationRepository->getConnection()
#4 C:\\Users\\laity\\Desktop\\innosoft\\backend\\vendor\\laravel\\framework\\src\\Illuminate\\Database\\Migrations\\Migrator.php(727): Illuminate\\Database\\Migrations\\DatabaseMigrationRepository->repositoryExists()
#5 C:\\Users\\laity\\Desktop\\innosoft\\backend\\vendor\\laravel\\framework\\src\\Illuminate\\Database\\Console\\Migrations\\MigrateCommand.php(140): Illuminate\\Database\\Migrations\\Migrator->repositoryExists()
#6 C:\\Users\\laity\\Desktop\\innosoft\\backend\\vendor\\laravel\\framework\\src\\Illuminate\\Support\\helpers.php(261): Illuminate\\Database\\Console\\Migrations\\MigrateCommand->Illuminate\\Database\\Console\\Migrations\\{closure}(1)
#7 C:\\Users\\laity\\Desktop\\innosoft\\backend\\vendor\\laravel\\framework\\src\\Illuminate\\Database\\Console\\Migrations\\MigrateCommand.php(140): retry(1, Object(Closure), 0, Object(Closure))
#8 C:\\Users\\laity\\Desktop\\innosoft\\backend\\vendor\\laravel\\framework\\src\\Illuminate\\Database\\Console\\Migrations\\MigrateCommand.php(116): Illuminate\\Database\\Console\\Migrations\\MigrateCommand->repositoryExists()
#9 C:\\Users\\laity\\Desktop\\innosoft\\backend\\vendor\\laravel\\framework\\src\\Illuminate\\Database\\Console\\Migrations\\MigrateCommand.php(84): Illuminate\\Database\\Console\\Migrations\\MigrateCommand->prepareDatabase()
#10 C:\\Users\\laity\\Desktop\\innosoft\\backend\\vendor\\laravel\\framework\\src\\Illuminate\\Database\\Migrations\\Migrator.php(641): Illuminate\\Database\\Console\\Migrations\\MigrateCommand->Illuminate\\Database\\Console\\Migrations\\{closure}()
#11 C:\\Users\\laity\\Desktop\\innosoft\\backend\\vendor\\laravel\\framework\\src\\Illuminate\\Database\\Console\\Migrations\\MigrateCommand.php(83): Illuminate\\Database\\Migrations\\Migrator->usingConnection(NULL, Object(Closure))
#12 C:\\Users\\laity\\Desktop\\innosoft\\backend\\vendor\\laravel\\framework\\src\\Illuminate\\Container\\BoundMethod.php(36): Illuminate\\Database\\Console\\Migrations\\MigrateCommand->handle()
#13 C:\\Users\\laity\\Desktop\\innosoft\\backend\\vendor\\laravel\\framework\\src\\Illuminate\\Container\\Util.php(41): Illuminate\\Container\\BoundMethod::Illuminate\\Container\\{closure}()
#14 C:\\Users\\laity\\Desktop\\innosoft\\backend\\vendor\\laravel\\framework\\src\\Illuminate\\Container\\BoundMethod.php(93): Illuminate\\Container\\Util::unwrapIfClosure(Object(Closure))
#15 C:\\Users\\laity\\Desktop\\innosoft\\backend\\vendor\\laravel\\framework\\src\\Illuminate\\Container\\BoundMethod.php(35): Illuminate\\Container\\BoundMethod::callBoundMethod(Object(Illuminate\\Foundation\\Application), Array, Object(Closure))
#16 C:\\Users\\laity\\Desktop\\innosoft\\backend\\vendor\\laravel\\framework\\src\\Illuminate\\Container\\Container.php(662): Illuminate\\Container\\BoundMethod::call(Object(Illuminate\\Foundation\\Application), Array, Array, NULL)
#17 C:\\Users\\laity\\Desktop\\innosoft\\backend\\vendor\\laravel\\framework\\src\\Illuminate\\Console\\Command.php(211): Illuminate\\Container\\Container->call(Array)
#18 C:\\Users\\laity\\Desktop\\innosoft\\backend\\vendor\\symfony\\console\\Command\\Command.php(326): Illuminate\\Console\\Command->execute(Object(Symfony\\Component\\Console\\Input\\ArgvInput), Object(Illuminate\\Console\\OutputStyle))
#19 C:\\Users\\laity\\Desktop\\innosoft\\backend\\vendor\\laravel\\framework\\src\\Illuminate\\Console\\Command.php(180): Symfony\\Component\\Console\\Command\\Command->run(Object(Symfony\\Component\\Console\\Input\\ArgvInput), Object(Illuminate\\Console\\OutputStyle))
#20 C:\\Users\\laity\\Desktop\\innosoft\\backend\\vendor\\symfony\\console\\Application.php(1088): Illuminate\\Console\\Command->run(Object(Symfony\\Component\\Console\\Input\\ArgvInput), Object(Symfony\\Component\\Console\\Output\\ConsoleOutput))
#21 C:\\Users\\laity\\Desktop\\innosoft\\backend\\vendor\\symfony\\console\\Application.php(324): Symfony\\Component\\Console\\Application->doRunCommand(Object(Illuminate\\Database\\Console\\Migrations\\MigrateCommand), Object(Symfony\\Component\\Console\\Input\\ArgvInput), Object(Symfony\\Component\\Console\\Output\\ConsoleOutput))
#22 C:\\Users\\laity\\Desktop\\innosoft\\backend\\vendor\\symfony\\console\\Application.php(175): Symfony\\Component\\Console\\Application->doRun(Object(Symfony\\Component\\Console\\Input\\ArgvInput), Object(Symfony\\Component\\Console\\Output\\ConsoleOutput))
#23 C:\\Users\\laity\\Desktop\\innosoft\\backend\\vendor\\laravel\\framework\\src\\Illuminate\\Foundation\\Console\\Kernel.php(201): Symfony\\Component\\Console\\Application->run(Object(Symfony\\Component\\Console\\Input\\ArgvInput), Object(Symfony\\Component\\Console\\Output\\ConsoleOutput))
#24 C:\\Users\\laity\\Desktop\\innosoft\\backend\\artisan(35): Illuminate\\Foundation\\Console\\Kernel->handle(Object(Symfony\\Component\\Console\\Input\\ArgvInput), Object(Symfony\\Component\\Console\\Output\\ConsoleOutput))
#25 {main}
"} 
[2025-11-28 01:44:44] local.ERROR: Uncaught InvalidArgumentException: Please provide a valid cache path. in C:\Users\laity\Desktop\innosoft\backend\vendor\laravel\framework\src\Illuminate\View\Compilers\Compiler.php:67
Stack trace:
#0 C:\Users\laity\Desktop\innosoft\backend\vendor\laravel\framework\src\Illuminate\View\ViewServiceProvider.php(97): Illuminate\View\Compilers\Compiler->__construct(Object(Illuminate\Filesystem\Filesystem), NULL, '', true, 'php')
#1 C:\Users\laity\Desktop\innosoft\backend\vendor\laravel\framework\src\Illuminate\Container\Container.php(908): Illuminate\View\ViewServiceProvider->Illuminate\View\{closure}(Object(Illuminate\Foundation\Application), Array)
#2 C:\Users\laity\Desktop\innosoft\backend\vendor\laravel\framework\src\Illuminate\Container\Container.php(795): Illuminate\Container\Container->build(Object(Closure))
#3 C:\Users\laity\Desktop\innosoft\backend\vendor\laravel\framework\src\Illuminate\Foundation\Application.php(986): Illuminate\Container\Container->resolve('blade.compiler', Array, true)
#4 C:\Users\laity\Desktop\innosoft\backend\vendor\laravel\framework\src\Illuminate\Container\Container.php(731): Illuminate\Foundation\Application->resolve('blade.compiler', Array)
#5 C:\Users\laity\Desktop\innosoft\backend\vendor\laravel\framework\src\Illuminate\Foundation\Application.php(971): Illuminate\Container\Container->make('blade.compiler', Array)
#6 C:\Users\laity\Desktop\innosoft\backend\vendor\laravel\framework\src\Illuminate\Foundation\helpers.php(120): Illuminate\Foundation\Application->make('blade.compiler', Array)
#7 Command line code(1): app('Illuminate\\View...')
#8 {main}
  thrown {"exception":"[object] (Symfony\\Component\\ErrorHandler\\Error\\FatalError(code: 0): Uncaught InvalidArgumentException: Please provide a valid cache path. in C:\\Users\\laity\\Desktop\\innosoft\\backend\\vendor\\laravel\\framework\\src\\Illuminate\\View\\Compilers\\Compiler.php:67
Stack trace:
#0 C:\\Users\\laity\\Desktop\\innosoft\\backend\\vendor\\laravel\\framework\\src\\Illuminate\\View\\ViewServiceProvider.php(97): Illuminate\\View\\Compilers\\Compiler->__construct(Object(Illuminate\\Filesystem\\Filesystem), NULL, '', true, 'php')
#1 C:\\Users\\laity\\Desktop\\innosoft\\backend\\vendor\\laravel\\framework\\src\\Illuminate\\Container\\Container.php(908): Illuminate\\View\\ViewServiceProvider->Illuminate\\View\\{closure}(Object(Illuminate\\Foundation\\Application), Array)
#2 C:\\Users\\laity\\Desktop\\innosoft\\backend\\vendor\\laravel\\framework\\src\\Illuminate\\Container\\Container.php(795): Illuminate\\Container\\Container->build(Object(Closure))
#3 C:\\Users\\laity\\Desktop\\innosoft\\backend\\vendor\\laravel\\framework\\src\\Illuminate\\Foundation\\Application.php(986): Illuminate\\Container\\Container->resolve('blade.compiler', Array, true)
#4 C:\\Users\\laity\\Desktop\\innosoft\\backend\\vendor\\laravel\\framework\\src\\Illuminate\\Container\\Container.php(731): Illuminate\\Foundation\\Application->resolve('blade.compiler', Array)
#5 C:\\Users\\laity\\Desktop\\innosoft\\backend\\vendor\\laravel\\framework\\src\\Illuminate\\Foundation\\Application.php(971): Illuminate\\Container\\Container->make('blade.compiler', Array)
#6 C:\\Users\\laity\\Desktop\\innosoft\\backend\\vendor\\laravel\\framework\\src\\Illuminate\\Foundation\\helpers.php(120): Illuminate\\Foundation\\Application->make('blade.compiler', Array)
#7 Command line code(1): app('Illuminate\\\\View...')
#8 {main}
  thrown at C:\\Users\\laity\\Desktop\\innosoft\\backend\\vendor\\laravel\\framework\\src\\Illuminate\\View\\Compilers\\Compiler.php:67)
[stacktrace]
#0 {main}
"} 
[2025-11-28 01:44:46] local.ERROR: Database connection [pgsql] not configured. {"exception":"[object] (InvalidArgumentException(code: 0): Database connection [pgsql] not configured. at C:\\Users\\laity\\Desktop\\innosoft\\backend\\vendor\\laravel\\framework\\src\\Illuminate\\Database\\DatabaseManager.php:196)
[stacktrace]
#0 C:\\Users\\laity\\Desktop\\innosoft\\backend\\vendor\\laravel\\framework\\src\\Illuminate\\Database\\DatabaseManager.php(159): Illuminate\\Database\\DatabaseManager->configuration('pgsql')
#1 C:\\Users\\laity\\Desktop\\innosoft\\backend\\vendor\\laravel\\framework\\src\\Illuminate\\Database\\DatabaseManager.php(101): Illuminate\\Database\\DatabaseManager->makeConnection('pgsql')
#2 C:\\Users\\laity\\Desktop\\innosoft\\backend\\vendor\\laravel\\framework\\src\\Illuminate\\Database\\Migrations\\DatabaseMigrationRepository.php(226): Illuminate\\Database\\DatabaseManager->connection('pgsql')
#3 C:\\Users\\laity\\Desktop\\innosoft\\backend\\vendor\\laravel\\framework\\src\\Illuminate\\Database\\Migrations\\DatabaseMigrationRepository.php(182): Illuminate\\Database\\Migrations\\DatabaseMigrationRepository->getConnection()
#4 C:\\Users\\laity\\Desktop\\innosoft\\backend\\vendor\\laravel\\framework\\src\\Illuminate\\Database\\Migrations\\Migrator.php(727): Illuminate\\Database\\Migrations\\DatabaseMigrationRepository->repositoryExists()
#5 C:\\Users\\laity\\Desktop\\innosoft\\backend\\vendor\\laravel\\framework\\src\\Illuminate\\Database\\Console\\Migrations\\MigrateCommand.php(140): Illuminate\\Database\\Migrations\\Migrator->repositoryExists()
#6 C:\\Users\\laity\\Desktop\\innosoft\\backend\\vendor\\laravel\\framework\\src\\Illuminate\\Support\\helpers.php(261): Illuminate\\Database\\Console\\Migrations\\MigrateCommand->Illuminate\\Database\\Console\\Migrations\\{closure}(1)
#7 C:\\Users\\laity\\Desktop\\innosoft\\backend\\vendor\\laravel\\framework\\src\\Illuminate\\Database\\Console\\Migrations\\MigrateCommand.php(140): retry(1, Object(Closure), 0, Object(Closure))
#8 C:\\Users\\laity\\Desktop\\innosoft\\backend\\vendor\\laravel\\framework\\src\\Illuminate\\Database\\Console\\Migrations\\MigrateCommand.php(116): Illuminate\\Database\\Console\\Migrations\\MigrateCommand->repositoryExists()
#9 C:\\Users\\laity\\Desktop\\innosoft\\backend\\vendor\\laravel\\framework\\src\\Illuminate\\Database\\Console\\Migrations\\MigrateCommand.php(84): Illuminate\\Database\\Console\\Migrations\\MigrateCommand->prepareDatabase()
#10 C:\\Users\\laity\\Desktop\\innosoft\\backend\\vendor\\laravel\\framework\\src\\Illuminate\\Database\\Migrations\\Migrator.php(641): Illuminate\\Database\\Console\\Migrations\\MigrateCommand->Illuminate\\Database\\Console\\Migrations\\{closure}()
#11 C:\\Users\\laity\\Desktop\\innosoft\\backend\\vendor\\laravel\\framework\\src\\Illuminate\\Database\\Console\\Migrations\\MigrateCommand.php(83): Illuminate\\Database\\Migrations\\Migrator->usingConnection(NULL, Object(Closure))
#12 C:\\Users\\laity\\Desktop\\innosoft\\backend\\vendor\\laravel\\framework\\src\\Illuminate\\Container\\BoundMethod.php(36): Illuminate\\Database\\Console\\Migrations\\MigrateCommand->handle()
#13 C:\\Users\\laity\\Desktop\\innosoft\\backend\\vendor\\laravel\\framework\\src\\Illuminate\\Container\\Util.php(41): Illuminate\\Container\\BoundMethod::Illuminate\\Container\\{closure}()
#14 C:\\Users\\laity\\Desktop\\innosoft\\backend\\vendor\\laravel\\framework\\src\\Illuminate\\Container\\BoundMethod.php(93): Illuminate\\Container\\Util::unwrapIfClosure(Object(Closure))
#15 C:\\Users\\laity\\Desktop\\innosoft\\backend\\vendor\\laravel\\framework\\src\\Illuminate\\Container\\BoundMethod.php(35): Illuminate\\Container\\BoundMethod::callBoundMethod(Object(Illuminate\\Foundation\\Application), Array, Object(Closure))
#16 C:\\Users\\laity\\Desktop\\innosoft\\backend\\vendor\\laravel\\framework\\src\\Illuminate\\Container\\Container.php(662): Illuminate\\Container\\BoundMethod::call(Object(Illuminate\\Foundation\\Application), Array, Array, NULL)
#17 C:\\Users\\laity\\Desktop\\innosoft\\backend\\vendor\\laravel\\framework\\src\\Illuminate\\Console\\Command.php(211): Illuminate\\Container\\Container->call(Array)
#18 C:\\Users\\laity\\Desktop\\innosoft\\backend\\vendor\\symfony\\console\\Command\\Command.php(326): Illuminate\\Console\\Command->execute(Object(Symfony\\Component\\Console\\Input\\ArgvInput), Object(Illuminate\\Console\\OutputStyle))
#19 C:\\Users\\laity\\Desktop\\innosoft\\backend\\vendor\\laravel\\framework\\src\\Illuminate\\Console\\Command.php(180): Symfony\\Component\\Console\\Command\\Command->run(Object(Symfony\\Component\\Console\\Input\\ArgvInput), Object(Illuminate\\Console\\OutputStyle))
#20 C:\\Users\\laity\\Desktop\\innosoft\\backend\\vendor\\symfony\\console\\Application.php(1088): Illuminate\\Console\\Command->run(Object(Symfony\\Component\\Console\\Input\\ArgvInput), Object(Symfony\\Component\\Console\\Output\\ConsoleOutput))
#21 C:\\Users\\laity\\Desktop\\innosoft\\backend\\vendor\\symfony\\console\\Application.php(324): Symfony\\Component\\Console\\Application->doRunCommand(Object(Illuminate\\Database\\Console\\Migrations\\MigrateCommand), Object(Symfony\\Component\\Console\\Input\\ArgvInput), Object(Symfony\\Component\\Console\\Output\\ConsoleOutput))
#22 C:\\Users\\laity\\Desktop\\innosoft\\backend\\vendor\\symfony\\console\\Application.php(175): Symfony\\Component\\Console\\Application->doRun(Object(Symfony\\Component\\Console\\Input\\ArgvInput), Object(Symfony\\Component\\Console\\Output\\ConsoleOutput))
#23 C:\\Users\\laity\\Desktop\\innosoft\\backend\\vendor\\laravel\\framework\\src\\Illuminate\\Foundation\\Console\\Kernel.php(201): Symfony\\Component\\Console\\Application->run(Object(Symfony\\Component\\Console\\Input\\ArgvInput), Object(Symfony\\Component\\Console\\Output\\ConsoleOutput))
#24 C:\\Users\\laity\\Desktop\\innosoft\\backend\\artisan(35): Illuminate\\Foundation\\Console\\Kernel->handle(Object(Symfony\\Component\\Console\\Input\\ArgvInput), Object(Symfony\\Component\\Console\\Output\\ConsoleOutput))
#25 {main}
"} 
[2025-11-28 01:46:10] local.ERROR: Database connection [pgsql] not configured. {"exception":"[object] (InvalidArgumentException(code: 0): Database connection [pgsql] not configured. at C:\\Users\\laity\\Desktop\\innosoft\\backend\\vendor\\laravel\\framework\\src\\Illuminate\\Database\\DatabaseManager.php:196)
[stacktrace]
#0 C:\\Users\\laity\\Desktop\\innosoft\\backend\\vendor\\laravel\\framework\\src\\Illuminate\\Database\\DatabaseManager.php(159): Illuminate\\Database\\DatabaseManager->configuration('pgsql')
#1 C:\\Users\\laity\\Desktop\\innosoft\\backend\\vendor\\laravel\\framework\\src\\Illuminate\\Database\\DatabaseManager.php(101): Illuminate\\Database\\DatabaseManager->makeConnection('pgsql')
#2 C:\\Users\\laity\\Desktop\\innosoft\\backend\\vendor\\laravel\\framework\\src\\Illuminate\\Database\\Migrations\\DatabaseMigrationRepository.php(226): Illuminate\\Database\\DatabaseManager->connection('pgsql')
#3 C:\\Users\\laity\\Desktop\\innosoft\\backend\\vendor\\laravel\\framework\\src\\Illuminate\\Database\\Migrations\\DatabaseMigrationRepository.php(182): Illuminate\\Database\\Migrations\\DatabaseMigrationRepository->getConnection()
#4 C:\\Users\\laity\\Desktop\\innosoft\\backend\\vendor\\laravel\\framework\\src\\Illuminate\\Database\\Migrations\\Migrator.php(727): Illuminate\\Database\\Migrations\\DatabaseMigrationRepository->repositoryExists()
#5 C:\\Users\\laity\\Desktop\\innosoft\\backend\\vendor\\laravel\\framework\\src\\Illuminate\\Database\\Console\\Migrations\\MigrateCommand.php(140): Illuminate\\Database\\Migrations\\Migrator->repositoryExists()
#6 C:\\Users\\laity\\Desktop\\innosoft\\backend\\vendor\\laravel\\framework\\src\\Illuminate\\Support\\helpers.php(261): Illuminate\\Database\\Console\\Migrations\\MigrateCommand->Illuminate\\Database\\Console\\Migrations\\{closure}(1)
#7 C:\\Users\\laity\\Desktop\\innosoft\\backend\\vendor\\laravel\\framework\\src\\Illuminate\\Database\\Console\\Migrations\\MigrateCommand.php(140): retry(1, Object(Closure), 0, Object(Closure))
#8 C:\\Users\\laity\\Desktop\\innosoft\\backend\\vendor\\laravel\\framework\\src\\Illuminate\\Database\\Console\\Migrations\\MigrateCommand.php(116): Illuminate\\Database\\Console\\Migrations\\MigrateCommand->repositoryExists()
#9 C:\\Users\\laity\\Desktop\\innosoft\\backend\\vendor\\laravel\\framework\\src\\Illuminate\\Database\\Console\\Migrations\\MigrateCommand.php(84): Illuminate\\Database\\Console\\Migrations\\MigrateCommand->prepareDatabase()
#10 C:\\Users\\laity\\Desktop\\innosoft\\backend\\vendor\\laravel\\framework\\src\\Illuminate\\Database\\Migrations\\Migrator.php(641): Illuminate\\Database\\Console\\Migrations\\MigrateCommand->Illuminate\\Database\\Console\\Migrations\\{closure}()
#11 C:\\Users\\laity\\Desktop\\innosoft\\backend\\vendor\\laravel\\framework\\src\\Illuminate\\Database\\Console\\Migrations\\MigrateCommand.php(83): Illuminate\\Database\\Migrations\\Migrator->usingConnection(NULL, Object(Closure))
#12 C:\\Users\\laity\\Desktop\\innosoft\\backend\\vendor\\laravel\\framework\\src\\Illuminate\\Container\\BoundMethod.php(36): Illuminate\\Database\\Console\\Migrations\\MigrateCommand->handle()
#13 C:\\Users\\laity\\Desktop\\innosoft\\backend\\vendor\\laravel\\framework\\src\\Illuminate\\Container\\Util.php(41): Illuminate\\Container\\BoundMethod::Illuminate\\Container\\{closure}()
#14 C:\\Users\\laity\\Desktop\\innosoft\\backend\\vendor\\laravel\\framework\\src\\Illuminate\\Container\\BoundMethod.php(93): Illuminate\\Container\\Util::unwrapIfClosure(Object(Closure))
#15 C:\\Users\\laity\\Desktop\\innosoft\\backend\\vendor\\laravel\\framework\\src\\Illuminate\\Container\\BoundMethod.php(35): Illuminate\\Container\\BoundMethod::callBoundMethod(Object(Illuminate\\Foundation\\Application), Array, Object(Closure))
#16 C:\\Users\\laity\\Desktop\\innosoft\\backend\\vendor\\laravel\\framework\\src\\Illuminate\\Container\\Container.php(662): Illuminate\\Container\\BoundMethod::call(Object(Illuminate\\Foundation\\Application), Array, Array, NULL)
#17 C:\\Users\\laity\\Desktop\\innosoft\\backend\\vendor\\laravel\\framework\\src\\Illuminate\\Console\\Command.php(211): Illuminate\\Container\\Container->call(Array)
#18 C:\\Users\\laity\\Desktop\\innosoft\\backend\\vendor\\symfony\\console\\Command\\Command.php(326): Illuminate\\Console\\Command->execute(Object(Symfony\\Component\\Console\\Input\\ArgvInput), Object(Illuminate\\Console\\OutputStyle))
#19 C:\\Users\\laity\\Desktop\\innosoft\\backend\\vendor\\laravel\\framework\\src\\Illuminate\\Console\\Command.php(180): Symfony\\Component\\Console\\Command\\Command->run(Object(Symfony\\Component\\Console\\Input\\ArgvInput), Object(Illuminate\\Console\\OutputStyle))
#20 C:\\Users\\laity\\Desktop\\innosoft\\backend\\vendor\\symfony\\console\\Application.php(1088): Illuminate\\Console\\Command->run(Object(Symfony\\Component\\Console\\Input\\ArgvInput), Object(Symfony\\Component\\Console\\Output\\ConsoleOutput))
#21 C:\\Users\\laity\\Desktop\\innosoft\\backend\\vendor\\symfony\\console\\Application.php(324): Symfony\\Component\\Console\\Application->doRunCommand(Object(Illuminate\\Database\\Console\\Migrations\\MigrateCommand), Object(Symfony\\Component\\Console\\Input\\ArgvInput), Object(Symfony\\Component\\Console\\Output\\ConsoleOutput))
#22 C:\\Users\\laity\\Desktop\\innosoft\\backend\\vendor\\symfony\\console\\Application.php(175): Symfony\\Component\\Console\\Application->doRun(Object(Symfony\\Component\\Console\\Input\\ArgvInput), Object(Symfony\\Component\\Console\\Output\\ConsoleOutput))
#23 C:\\Users\\laity\\Desktop\\innosoft\\backend\\vendor\\laravel\\framework\\src\\Illuminate\\Foundation\\Console\\Kernel.php(201): Symfony\\Component\\Console\\Application->run(Object(Symfony\\Component\\Console\\Input\\ArgvInput), Object(Symfony\\Component\\Console\\Output\\ConsoleOutput))
#24 C:\\Users\\laity\\Desktop\\innosoft\\backend\\artisan(35): Illuminate\\Foundation\\Console\\Kernel->handle(Object(Symfony\\Component\\Console\\Input\\ArgvInput), Object(Symfony\\Component\\Console\\Output\\ConsoleOutput))
#25 {main}
"} 
[2025-11-28 01:49:19] local.ERROR: Uncaught InvalidArgumentException: Please provide a valid cache path. in C:\Users\laity\Desktop\innosoft\backend\vendor\laravel\framework\src\Illuminate\View\Compilers\Compiler.php:67
Stack trace:
#0 C:\Users\laity\Desktop\innosoft\backend\vendor\laravel\framework\src\Illuminate\View\ViewServiceProvider.php(97): Illuminate\View\Compilers\Compiler->__construct(Object(Illuminate\Filesystem\Filesystem), NULL, '', true, 'php')
#1 C:\Users\laity\Desktop\innosoft\backend\vendor\laravel\framework\src\Illuminate\Container\Container.php(908): Illuminate\View\ViewServiceProvider->Illuminate\View\{closure}(Object(Illuminate\Foundation\Application), Array)
#2 C:\Users\laity\Desktop\innosoft\backend\vendor\laravel\framework\src\Illuminate\Container\Container.php(795): Illuminate\Container\Container->build(Object(Closure))
#3 C:\Users\laity\Desktop\innosoft\backend\vendor\laravel\framework\src\Illuminate\Foundation\Application.php(986): Illuminate\Container\Container->resolve('blade.compiler', Array, true)
#4 C:\Users\laity\Desktop\innosoft\backend\vendor\laravel\framework\src\Illuminate\Container\Container.php(731): Illuminate\Foundation\Application->resolve('blade.compiler', Array)
#5 C:\Users\laity\Desktop\innosoft\backend\vendor\laravel\framework\src\Illuminate\Foundation\Application.php(971): Illuminate\Container\Container->make('blade.compiler', Array)
#6 C:\Users\laity\Desktop\innosoft\backend\vendor\laravel\framework\src\Illuminate\Foundation\helpers.php(120): Illuminate\Foundation\Application->make('blade.compiler', Array)
#7 Command line code(1): app('Illuminate\\View...')
#8 {main}
  thrown {"exception":"[object] (Symfony\\Component\\ErrorHandler\\Error\\FatalError(code: 0): Uncaught InvalidArgumentException: Please provide a valid cache path. in C:\\Users\\laity\\Desktop\\innosoft\\backend\\vendor\\laravel\\framework\\src\\Illuminate\\View\\Compilers\\Compiler.php:67
Stack trace:
#0 C:\\Users\\laity\\Desktop\\innosoft\\backend\\vendor\\laravel\\framework\\src\\Illuminate\\View\\ViewServiceProvider.php(97): Illuminate\\View\\Compilers\\Compiler->__construct(Object(Illuminate\\Filesystem\\Filesystem), NULL, '', true, 'php')
#1 C:\\Users\\laity\\Desktop\\innosoft\\backend\\vendor\\laravel\\framework\\src\\Illuminate\\Container\\Container.php(908): Illuminate\\View\\ViewServiceProvider->Illuminate\\View\\{closure}(Object(Illuminate\\Foundation\\Application), Array)
#2 C:\\Users\\laity\\Desktop\\innosoft\\backend\\vendor\\laravel\\framework\\src\\Illuminate\\Container\\Container.php(795): Illuminate\\Container\\Container->build(Object(Closure))
#3 C:\\Users\\laity\\Desktop\\innosoft\\backend\\vendor\\laravel\\framework\\src\\Illuminate\\Foundation\\Application.php(986): Illuminate\\Container\\Container->resolve('blade.compiler', Array, true)
#4 C:\\Users\\laity\\Desktop\\innosoft\\backend\\vendor\\laravel\\framework\\src\\Illuminate\\Container\\Container.php(731): Illuminate\\Foundation\\Application->resolve('blade.compiler', Array)
#5 C:\\Users\\laity\\Desktop\\innosoft\\backend\\vendor\\laravel\\framework\\src\\Illuminate\\Foundation\\Application.php(971): Illuminate\\Container\\Container->make('blade.compiler', Array)
#6 C:\\Users\\laity\\Desktop\\innosoft\\backend\\vendor\\laravel\\framework\\src\\Illuminate\\Foundation\\helpers.php(120): Illuminate\\Foundation\\Application->make('blade.compiler', Array)
#7 Command line code(1): app('Illuminate\\\\View...')
#8 {main}
  thrown at C:\\Users\\laity\\Desktop\\innosoft\\backend\\vendor\\laravel\\framework\\src\\Illuminate\\View\\Compilers\\Compiler.php:67)
[stacktrace]
#0 {main}
"} 
[2025-11-28 01:52:37] local.ERROR: Class "App\Http\Controllers\Controller" not found {"exception":"[object] (Error(code: 0): Class \"App\\Http\\Controllers\\Controller\" not found at C:\\Users\\laity\\Desktop\\innosoft\\backend\\app\\Http\\Controllers\\Api\\AuthController.php:12)
[stacktrace]
#0 C:\\Users\\laity\\Desktop\\innosoft\\backend\\vendor\\composer\\ClassLoader.php(576): include()
#1 C:\\Users\\laity\\Desktop\\innosoft\\backend\\vendor\\composer\\ClassLoader.php(427): Composer\\Autoload\\{closure}('C:\\\\Users\\\\laity\\\\...')
#2 [internal function]: Composer\\Autoload\\ClassLoader->loadClass('App\\\\Http\\\\Contro...')
#3 C:\\Users\\laity\\Desktop\\innosoft\\backend\\vendor\\laravel\\framework\\src\\Illuminate\\Routing\\Route.php(1096): is_a('App\\\\Http\\\\Contro...', 'Illuminate\\\\Rout...', true)
#4 C:\\Users\\laity\\Desktop\\innosoft\\backend\\vendor\\laravel\\framework\\src\\Illuminate\\Routing\\Route.php(1035): Illuminate\\Routing\\Route->controllerMiddleware()
#5 C:\\Users\\laity\\Desktop\\innosoft\\backend\\vendor\\laravel\\framework\\src\\Illuminate\\Routing\\Router.php(818): Illuminate\\Routing\\Route->gatherMiddleware()
#6 C:\\Users\\laity\\Desktop\\innosoft\\backend\\vendor\\laravel\\framework\\src\\Illuminate\\Routing\\Router.php(800): Illuminate\\Routing\\Router->gatherRouteMiddleware(Object(Illuminate\\Routing\\Route))
#7 C:\\Users\\laity\\Desktop\\innosoft\\backend\\vendor\\laravel\\framework\\src\\Illuminate\\Routing\\Router.php(784): Illuminate\\Routing\\Router->runRouteWithinStack(Object(Illuminate\\Routing\\Route), Object(Illuminate\\Http\\Request))
#8 C:\\Users\\laity\\Desktop\\innosoft\\backend\\vendor\\laravel\\framework\\src\\Illuminate\\Routing\\Router.php(748): Illuminate\\Routing\\Router->runRoute(Object(Illuminate\\Http\\Request), Object(Illuminate\\Routing\\Route))
#9 C:\\Users\\laity\\Desktop\\innosoft\\backend\\vendor\\laravel\\framework\\src\\Illuminate\\Routing\\Router.php(737): Illuminate\\Routing\\Router->dispatchToRoute(Object(Illuminate\\Http\\Request))
#10 C:\\Users\\laity\\Desktop\\innosoft\\backend\\vendor\\laravel\\framework\\src\\Illuminate\\Foundation\\Http\\Kernel.php(200): Illuminate\\Routing\\Router->dispatch(Object(Illuminate\\Http\\Request))
#11 C:\\Users\\laity\\Desktop\\innosoft\\backend\\vendor\\laravel\\framework\\src\\Illuminate\\Pipeline\\Pipeline.php(144): Illuminate\\Foundation\\Http\\Kernel->Illuminate\\Foundation\\Http\\{closure}(Object(Illuminate\\Http\\Request))
#12 C:\\Users\\laity\\Desktop\\innosoft\\backend\\vendor\\laravel\\framework\\src\\Illuminate\\Foundation\\Http\\Middleware\\TransformsRequest.php(21): Illuminate\\Pipeline\\Pipeline->Illuminate\\Pipeline\\{closure}(Object(Illuminate\\Http\\Request))
#13 C:\\Users\\laity\\Desktop\\innosoft\\backend\\vendor\\laravel\\framework\\src\\Illuminate\\Foundation\\Http\\Middleware\\ConvertEmptyStringsToNull.php(31): Illuminate\\Foundation\\Http\\Middleware\\TransformsRequest->handle(Object(Illuminate\\Http\\Request), Object(Closure))
#14 C:\\Users\\laity\\Desktop\\innosoft\\backend\\vendor\\laravel\\framework\\src\\Illuminate\\Pipeline\\Pipeline.php(183): Illuminate\\Foundation\\Http\\Middleware\\ConvertEmptyStringsToNull->handle(Object(Illuminate\\Http\\Request), Object(Closure))
#15 C:\\Users\\laity\\Desktop\\innosoft\\backend\\vendor\\laravel\\framework\\src\\Illuminate\\Foundation\\Http\\Middleware\\TransformsRequest.php(21): Illuminate\\Pipeline\\Pipeline->Illuminate\\Pipeline\\{closure}(Object(Illuminate\\Http\\Request))
#16 C:\\Users\\laity\\Desktop\\innosoft\\backend\\vendor\\laravel\\framework\\src\\Illuminate\\Foundation\\Http\\Middleware\\TrimStrings.php(40): Illuminate\\Foundation\\Http\\Middleware\\TransformsRequest->handle(Object(Illuminate\\Http\\Request), Object(Closure))
#17 C:\\Users\\laity\\Desktop\\innosoft\\backend\\vendor\\laravel\\framework\\src\\Illuminate\\Pipeline\\Pipeline.php(183): Illuminate\\Foundation\\Http\\Middleware\\TrimStrings->handle(Object(Illuminate\\Http\\Request), Object(Closure))
#18 C:\\Users\\laity\\Desktop\\innosoft\\backend\\vendor\\laravel\\framework\\src\\Illuminate\\Foundation\\Http\\Middleware\\ValidatePostSize.php(27): Illuminate\\Pipeline\\Pipeline->Illuminate\\Pipeline\\{closure}(Object(Illuminate\\Http\\Request))
#19 C:\\Users\\laity\\Desktop\\innosoft\\backend\\vendor\\laravel\\framework\\src\\Illuminate\\Pipeline\\Pipeline.php(183): Illuminate\\Foundation\\Http\\Middleware\\ValidatePostSize->handle(Object(Illuminate\\Http\\Request), Object(Closure))
#20 C:\\Users\\laity\\Desktop\\innosoft\\backend\\vendor\\laravel\\framework\\src\\Illuminate\\Foundation\\Http\\Middleware\\PreventRequestsDuringMaintenance.php(99): Illuminate\\Pipeline\\Pipeline->Illuminate\\Pipeline\\{closure}(Object(Illuminate\\Http\\Request))
#21 C:\\Users\\laity\\Desktop\\innosoft\\backend\\vendor\\laravel\\framework\\src\\Illuminate\\Pipeline\\Pipeline.php(183): Illuminate\\Foundation\\Http\\Middleware\\PreventRequestsDuringMaintenance->handle(Object(Illuminate\\Http\\Request), Object(Closure))
#22 C:\\Users\\laity\\Desktop\\innosoft\\backend\\vendor\\laravel\\framework\\src\\Illuminate\\Http\\Middleware\\HandleCors.php(62): Illuminate\\Pipeline\\Pipeline->Illuminate\\Pipeline\\{closure}(Object(Illuminate\\Http\\Request))
#23 C:\\Users\\laity\\Desktop\\innosoft\\backend\\vendor\\laravel\\framework\\src\\Illuminate\\Pipeline\\Pipeline.php(183): Illuminate\\Http\\Middleware\\HandleCors->handle(Object(Illuminate\\Http\\Request), Object(Closure))
#24 C:\\Users\\laity\\Desktop\\innosoft\\backend\\vendor\\laravel\\framework\\src\\Illuminate\\Http\\Middleware\\TrustProxies.php(39): Illuminate\\Pipeline\\Pipeline->Illuminate\\Pipeline\\{closure}(Object(Illuminate\\Http\\Request))
#25 C:\\Users\\laity\\Desktop\\innosoft\\backend\\vendor\\laravel\\framework\\src\\Illuminate\\Pipeline\\Pipeline.php(183): Illuminate\\Http\\Middleware\\TrustProxies->handle(Object(Illuminate\\Http\\Request), Object(Closure))
#26 C:\\Users\\laity\\Desktop\\innosoft\\backend\\vendor\\laravel\\framework\\src\\Illuminate\\Pipeline\\Pipeline.php(119): Illuminate\\Pipeline\\Pipeline->Illuminate\\Pipeline\\{closure}(Object(Illuminate\\Http\\Request))
#27 C:\\Users\\laity\\Desktop\\innosoft\\backend\\vendor\\laravel\\framework\\src\\Illuminate\\Foundation\\Http\\Kernel.php(175): Illuminate\\Pipeline\\Pipeline->then(Object(Closure))
#28 C:\\Users\\laity\\Desktop\\innosoft\\backend\\vendor\\laravel\\framework\\src\\Illuminate\\Foundation\\Http\\Kernel.php(144): Illuminate\\Foundation\\Http\\Kernel->sendRequestThroughRouter(Object(Illuminate\\Http\\Request))
#29 C:\\Users\\laity\\Desktop\\innosoft\\backend\\public\\index.php(51): Illuminate\\Foundation\\Http\\Kernel->handle(Object(Illuminate\\Http\\Request))
#30 C:\\Users\\laity\\Desktop\\innosoft\\backend\\vendor\\laravel\\framework\\src\\Illuminate\\Foundation\\resources\\server.php(16): require_once('C:\\\\Users\\\\laity\\\\...')
#31 {main}
"} 
[2025-11-28 01:53:51] local.ERROR: Class "App\Http\Controllers\Controller" not found {"exception":"[object] (Error(code: 0): Class \"App\\Http\\Controllers\\Controller\" not found at C:\\Users\\laity\\Desktop\\innosoft\\backend\\app\\Http\\Controllers\\Api\\AuthController.php:12)
[stacktrace]
#0 C:\\Users\\laity\\Desktop\\innosoft\\backend\\vendor\\composer\\ClassLoader.php(576): include()
#1 C:\\Users\\laity\\Desktop\\innosoft\\backend\\vendor\\composer\\ClassLoader.php(427): Composer\\Autoload\\{closure}('C:\\\\Users\\\\laity\\\\...')
#2 [internal function]: Composer\\Autoload\\ClassLoader->loadClass('App\\\\Http\\\\Contro...')
#3 C:\\Users\\laity\\Desktop\\innosoft\\backend\\vendor\\laravel\\framework\\src\\Illuminate\\Routing\\Route.php(1096): is_a('App\\\\Http\\\\Contro...', 'Illuminate\\\\Rout...', true)
#4 C:\\Users\\laity\\Desktop\\innosoft\\backend\\vendor\\laravel\\framework\\src\\Illuminate\\Routing\\Route.php(1035): Illuminate\\Routing\\Route->controllerMiddleware()
#5 C:\\Users\\laity\\Desktop\\innosoft\\backend\\vendor\\laravel\\framework\\src\\Illuminate\\Routing\\Router.php(818): Illuminate\\Routing\\Route->gatherMiddleware()
#6 C:\\Users\\laity\\Desktop\\innosoft\\backend\\vendor\\laravel\\framework\\src\\Illuminate\\Routing\\Router.php(800): Illuminate\\Routing\\Router->gatherRouteMiddleware(Object(Illuminate\\Routing\\Route))
#7 C:\\Users\\laity\\Desktop\\innosoft\\backend\\vendor\\laravel\\framework\\src\\Illuminate\\Routing\\Router.php(784): Illuminate\\Routing\\Router->runRouteWithinStack(Object(Illuminate\\Routing\\Route), Object(Illuminate\\Http\\Request))
#8 C:\\Users\\laity\\Desktop\\innosoft\\backend\\vendor\\laravel\\framework\\src\\Illuminate\\Routing\\Router.php(748): Illuminate\\Routing\\Router->runRoute(Object(Illuminate\\Http\\Request), Object(Illuminate\\Routing\\Route))
#9 C:\\Users\\laity\\Desktop\\innosoft\\backend\\vendor\\laravel\\framework\\src\\Illuminate\\Routing\\Router.php(737): Illuminate\\Routing\\Router->dispatchToRoute(Object(Illuminate\\Http\\Request))
#10 C:\\Users\\laity\\Desktop\\innosoft\\backend\\vendor\\laravel\\framework\\src\\Illuminate\\Foundation\\Http\\Kernel.php(200): Illuminate\\Routing\\Router->dispatch(Object(Illuminate\\Http\\Request))
#11 C:\\Users\\laity\\Desktop\\innosoft\\backend\\vendor\\laravel\\framework\\src\\Illuminate\\Pipeline\\Pipeline.php(144): Illuminate\\Foundation\\Http\\Kernel->Illuminate\\Foundation\\Http\\{closure}(Object(Illuminate\\Http\\Request))
#12 C:\\Users\\laity\\Desktop\\innosoft\\backend\\vendor\\laravel\\framework\\src\\Illuminate\\Foundation\\Http\\Middleware\\TransformsRequest.php(21): Illuminate\\Pipeline\\Pipeline->Illuminate\\Pipeline\\{closure}(Object(Illuminate\\Http\\Request))
#13 C:\\Users\\laity\\Desktop\\innosoft\\backend\\vendor\\laravel\\framework\\src\\Illuminate\\Foundation\\Http\\Middleware\\ConvertEmptyStringsToNull.php(31): Illuminate\\Foundation\\Http\\Middleware\\TransformsRequest->handle(Object(Illuminate\\Http\\Request), Object(Closure))
#14 C:\\Users\\laity\\Desktop\\innosoft\\backend\\vendor\\laravel\\framework\\src\\Illuminate\\Pipeline\\Pipeline.php(183): Illuminate\\Foundation\\Http\\Middleware\\ConvertEmptyStringsToNull->handle(Object(Illuminate\\Http\\Request), Object(Closure))
#15 C:\\Users\\laity\\Desktop\\innosoft\\backend\\vendor\\laravel\\framework\\src\\Illuminate\\Foundation\\Http\\Middleware\\TransformsRequest.php(21): Illuminate\\Pipeline\\Pipeline->Illuminate\\Pipeline\\{closure}(Object(Illuminate\\Http\\Request))
#16 C:\\Users\\laity\\Desktop\\innosoft\\backend\\vendor\\laravel\\framework\\src\\Illuminate\\Foundation\\Http\\Middleware\\TrimStrings.php(40): Illuminate\\Foundation\\Http\\Middleware\\TransformsRequest->handle(Object(Illuminate\\Http\\Request), Object(Closure))
#17 C:\\Users\\laity\\Desktop\\innosoft\\backend\\vendor\\laravel\\framework\\src\\Illuminate\\Pipeline\\Pipeline.php(183): Illuminate\\Foundation\\Http\\Middleware\\TrimStrings->handle(Object(Illuminate\\Http\\Request), Object(Closure))
#18 C:\\Users\\laity\\Desktop\\innosoft\\backend\\vendor\\laravel\\framework\\src\\Illuminate\\Foundation\\Http\\Middleware\\ValidatePostSize.php(27): Illuminate\\Pipeline\\Pipeline->Illuminate\\Pipeline\\{closure}(Object(Illuminate\\Http\\Request))
#19 C:\\Users\\laity\\Desktop\\innosoft\\backend\\vendor\\laravel\\framework\\src\\Illuminate\\Pipeline\\Pipeline.php(183): Illuminate\\Foundation\\Http\\Middleware\\ValidatePostSize->handle(Object(Illuminate\\Http\\Request), Object(Closure))
#20 C:\\Users\\laity\\Desktop\\innosoft\\backend\\vendor\\laravel\\framework\\src\\Illuminate\\Foundation\\Http\\Middleware\\PreventRequestsDuringMaintenance.php(99): Illuminate\\Pipeline\\Pipeline->Illuminate\\Pipeline\\{closure}(Object(Illuminate\\Http\\Request))
#21 C:\\Users\\laity\\Desktop\\innosoft\\backend\\vendor\\laravel\\framework\\src\\Illuminate\\Pipeline\\Pipeline.php(183): Illuminate\\Foundation\\Http\\Middleware\\PreventRequestsDuringMaintenance->handle(Object(Illuminate\\Http\\Request), Object(Closure))
#22 C:\\Users\\laity\\Desktop\\innosoft\\backend\\vendor\\laravel\\framework\\src\\Illuminate\\Http\\Middleware\\HandleCors.php(62): Illuminate\\Pipeline\\Pipeline->Illuminate\\Pipeline\\{closure}(Object(Illuminate\\Http\\Request))
#23 C:\\Users\\laity\\Desktop\\innosoft\\backend\\vendor\\laravel\\framework\\src\\Illuminate\\Pipeline\\Pipeline.php(183): Illuminate\\Http\\Middleware\\HandleCors->handle(Object(Illuminate\\Http\\Request), Object(Closure))
#24 C:\\Users\\laity\\Desktop\\innosoft\\backend\\vendor\\laravel\\framework\\src\\Illuminate\\Http\\Middleware\\TrustProxies.php(39): Illuminate\\Pipeline\\Pipeline->Illuminate\\Pipeline\\{closure}(Object(Illuminate\\Http\\Request))
#25 C:\\Users\\laity\\Desktop\\innosoft\\backend\\vendor\\laravel\\framework\\src\\Illuminate\\Pipeline\\Pipeline.php(183): Illuminate\\Http\\Middleware\\TrustProxies->handle(Object(Illuminate\\Http\\Request), Object(Closure))
#26 C:\\Users\\laity\\Desktop\\innosoft\\backend\\vendor\\laravel\\framework\\src\\Illuminate\\Pipeline\\Pipeline.php(119): Illuminate\\Pipeline\\Pipeline->Illuminate\\Pipeline\\{closure}(Object(Illuminate\\Http\\Request))
#27 C:\\Users\\laity\\Desktop\\innosoft\\backend\\vendor\\laravel\\framework\\src\\Illuminate\\Foundation\\Http\\Kernel.php(175): Illuminate\\Pipeline\\Pipeline->then(Object(Closure))
#28 C:\\Users\\laity\\Desktop\\innosoft\\backend\\vendor\\laravel\\framework\\src\\Illuminate\\Foundation\\Http\\Kernel.php(144): Illuminate\\Foundation\\Http\\Kernel->sendRequestThroughRouter(Object(Illuminate\\Http\\Request))
#29 C:\\Users\\laity\\Desktop\\innosoft\\backend\\public\\index.php(51): Illuminate\\Foundation\\Http\\Kernel->handle(Object(Illuminate\\Http\\Request))
#30 C:\\Users\\laity\\Desktop\\innosoft\\backend\\vendor\\laravel\\framework\\src\\Illuminate\\Foundation\\resources\\server.php(16): require_once('C:\\\\Users\\\\laity\\\\...')
#31 {main}
"} 
[2025-11-28 01:54:45] local.ERROR: Uncaught InvalidArgumentException: Please provide a valid cache path. in C:\Users\laity\Desktop\innosoft\backend\vendor\laravel\framework\src\Illuminate\View\Compilers\Compiler.php:67
Stack trace:
#0 C:\Users\laity\Desktop\innosoft\backend\vendor\laravel\framework\src\Illuminate\View\ViewServiceProvider.php(97): Illuminate\View\Compilers\Compiler->__construct(Object(Illuminate\Filesystem\Filesystem), NULL, '', true, 'php')
#1 C:\Users\laity\Desktop\innosoft\backend\vendor\laravel\framework\src\Illuminate\Container\Container.php(908): Illuminate\View\ViewServiceProvider->Illuminate\View\{closure}(Object(Illuminate\Foundation\Application), Array)
#2 C:\Users\laity\Desktop\innosoft\backend\vendor\laravel\framework\src\Illuminate\Container\Container.php(795): Illuminate\Container\Container->build(Object(Closure))
#3 C:\Users\laity\Desktop\innosoft\backend\vendor\laravel\framework\src\Illuminate\Foundation\Application.php(986): Illuminate\Container\Container->resolve('blade.compiler', Array, true)
#4 C:\Users\laity\Desktop\innosoft\backend\vendor\laravel\framework\src\Illuminate\Container\Container.php(731): Illuminate\Foundation\Application->resolve('blade.compiler', Array)
#5 C:\Users\laity\Desktop\innosoft\backend\vendor\laravel\framework\src\Illuminate\Foundation\Application.php(971): Illuminate\Container\Container->make('blade.compiler', Array)
#6 C:\Users\laity\Desktop\innosoft\backend\vendor\laravel\framework\src\Illuminate\Foundation\helpers.php(120): Illuminate\Foundation\Application->make('blade.compiler', Array)
#7 Command line code(1): app('Illuminate\\View...')
#8 {main}
  thrown {"exception":"[object] (Symfony\\Component\\ErrorHandler\\Error\\FatalError(code: 0): Uncaught InvalidArgumentException: Please provide a valid cache path. in C:\\Users\\laity\\Desktop\\innosoft\\backend\\vendor\\laravel\\framework\\src\\Illuminate\\View\\Compilers\\Compiler.php:67
Stack trace:
#0 C:\\Users\\laity\\Desktop\\innosoft\\backend\\vendor\\laravel\\framework\\src\\Illuminate\\View\\ViewServiceProvider.php(97): Illuminate\\View\\Compilers\\Compiler->__construct(Object(Illuminate\\Filesystem\\Filesystem), NULL, '', true, 'php')
#1 C:\\Users\\laity\\Desktop\\innosoft\\backend\\vendor\\laravel\\framework\\src\\Illuminate\\Container\\Container.php(908): Illuminate\\View\\ViewServiceProvider->Illuminate\\View\\{closure}(Object(Illuminate\\Foundation\\Application), Array)
#2 C:\\Users\\laity\\Desktop\\innosoft\\backend\\vendor\\laravel\\framework\\src\\Illuminate\\Container\\Container.php(795): Illuminate\\Container\\Container->build(Object(Closure))
#3 C:\\Users\\laity\\Desktop\\innosoft\\backend\\vendor\\laravel\\framework\\src\\Illuminate\\Foundation\\Application.php(986): Illuminate\\Container\\Container->resolve('blade.compiler', Array, true)
#4 C:\\Users\\laity\\Desktop\\innosoft\\backend\\vendor\\laravel\\framework\\src\\Illuminate\\Container\\Container.php(731): Illuminate\\Foundation\\Application->resolve('blade.compiler', Array)
#5 C:\\Users\\laity\\Desktop\\innosoft\\backend\\vendor\\laravel\\framework\\src\\Illuminate\\Foundation\\Application.php(971): Illuminate\\Container\\Container->make('blade.compiler', Array)
#6 C:\\Users\\laity\\Desktop\\innosoft\\backend\\vendor\\laravel\\framework\\src\\Illuminate\\Foundation\\helpers.php(120): Illuminate\\Foundation\\Application->make('blade.compiler', Array)
#7 Command line code(1): app('Illuminate\\\\View...')
#8 {main}
  thrown at C:\\Users\\laity\\Desktop\\innosoft\\backend\\vendor\\laravel\\framework\\src\\Illuminate\\View\\Compilers\\Compiler.php:67)
[stacktrace]
#0 {main}
"} 
[2025-11-28 01:54:49] local.ERROR: Class "App\Http\Controllers\Controller" not found {"exception":"[object] (Error(code: 0): Class \"App\\Http\\Controllers\\Controller\" not found at C:\\Users\\laity\\Desktop\\innosoft\\backend\\app\\Http\\Controllers\\Api\\AuthController.php:12)
[stacktrace]
#0 C:\\Users\\laity\\Desktop\\innosoft\\backend\\vendor\\composer\\ClassLoader.php(576): include()
#1 C:\\Users\\laity\\Desktop\\innosoft\\backend\\vendor\\composer\\ClassLoader.php(427): Composer\\Autoload\\{closure}('C:\\\\Users\\\\laity\\\\...')
#2 [internal function]: Composer\\Autoload\\ClassLoader->loadClass('App\\\\Http\\\\Contro...')
#3 C:\\Users\\laity\\Desktop\\innosoft\\backend\\vendor\\laravel\\framework\\src\\Illuminate\\Routing\\Route.php(1096): is_a('App\\\\Http\\\\Contro...', 'Illuminate\\\\Rout...', true)
#4 C:\\Users\\laity\\Desktop\\innosoft\\backend\\vendor\\laravel\\framework\\src\\Illuminate\\Routing\\Route.php(1035): Illuminate\\Routing\\Route->controllerMiddleware()
#5 C:\\Users\\laity\\Desktop\\innosoft\\backend\\vendor\\laravel\\framework\\src\\Illuminate\\Routing\\Router.php(818): Illuminate\\Routing\\Route->gatherMiddleware()
#6 C:\\Users\\laity\\Desktop\\innosoft\\backend\\vendor\\laravel\\framework\\src\\Illuminate\\Routing\\Router.php(800): Illuminate\\Routing\\Router->gatherRouteMiddleware(Object(Illuminate\\Routing\\Route))
#7 C:\\Users\\laity\\Desktop\\innosoft\\backend\\vendor\\laravel\\framework\\src\\Illuminate\\Routing\\Router.php(784): Illuminate\\Routing\\Router->runRouteWithinStack(Object(Illuminate\\Routing\\Route), Object(Illuminate\\Http\\Request))
#8 C:\\Users\\laity\\Desktop\\innosoft\\backend\\vendor\\laravel\\framework\\src\\Illuminate\\Routing\\Router.php(748): Illuminate\\Routing\\Router->runRoute(Object(Illuminate\\Http\\Request), Object(Illuminate\\Routing\\Route))
#9 C:\\Users\\laity\\Desktop\\innosoft\\backend\\vendor\\laravel\\framework\\src\\Illuminate\\Routing\\Router.php(737): Illuminate\\Routing\\Router->dispatchToRoute(Object(Illuminate\\Http\\Request))
#10 C:\\Users\\laity\\Desktop\\innosoft\\backend\\vendor\\laravel\\framework\\src\\Illuminate\\Foundation\\Http\\Kernel.php(200): Illuminate\\Routing\\Router->dispatch(Object(Illuminate\\Http\\Request))
#11 C:\\Users\\laity\\Desktop\\innosoft\\backend\\vendor\\laravel\\framework\\src\\Illuminate\\Pipeline\\Pipeline.php(144): Illuminate\\Foundation\\Http\\Kernel->Illuminate\\Foundation\\Http\\{closure}(Object(Illuminate\\Http\\Request))
#12 C:\\Users\\laity\\Desktop\\innosoft\\backend\\vendor\\laravel\\framework\\src\\Illuminate\\Foundation\\Http\\Middleware\\TransformsRequest.php(21): Illuminate\\Pipeline\\Pipeline->Illuminate\\Pipeline\\{closure}(Object(Illuminate\\Http\\Request))
#13 C:\\Users\\laity\\Desktop\\innosoft\\backend\\vendor\\laravel\\framework\\src\\Illuminate\\Foundation\\Http\\Middleware\\ConvertEmptyStringsToNull.php(31): Illuminate\\Foundation\\Http\\Middleware\\TransformsRequest->handle(Object(Illuminate\\Http\\Request), Object(Closure))
#14 C:\\Users\\laity\\Desktop\\innosoft\\backend\\vendor\\laravel\\framework\\src\\Illuminate\\Pipeline\\Pipeline.php(183): Illuminate\\Foundation\\Http\\Middleware\\ConvertEmptyStringsToNull->handle(Object(Illuminate\\Http\\Request), Object(Closure))
#15 C:\\Users\\laity\\Desktop\\innosoft\\backend\\vendor\\laravel\\framework\\src\\Illuminate\\Foundation\\Http\\Middleware\\TransformsRequest.php(21): Illuminate\\Pipeline\\Pipeline->Illuminate\\Pipeline\\{closure}(Object(Illuminate\\Http\\Request))
#16 C:\\Users\\laity\\Desktop\\innosoft\\backend\\vendor\\laravel\\framework\\src\\Illuminate\\Foundation\\Http\\Middleware\\TrimStrings.php(40): Illuminate\\Foundation\\Http\\Middleware\\TransformsRequest->handle(Object(Illuminate\\Http\\Request), Object(Closure))
#17 C:\\Users\\laity\\Desktop\\innosoft\\backend\\vendor\\laravel\\framework\\src\\Illuminate\\Pipeline\\Pipeline.php(183): Illuminate\\Foundation\\Http\\Middleware\\TrimStrings->handle(Object(Illuminate\\Http\\Request), Object(Closure))
#18 C:\\Users\\laity\\Desktop\\innosoft\\backend\\vendor\\laravel\\framework\\src\\Illuminate\\Foundation\\Http\\Middleware\\ValidatePostSize.php(27): Illuminate\\Pipeline\\Pipeline->Illuminate\\Pipeline\\{closure}(Object(Illuminate\\Http\\Request))
#19 C:\\Users\\laity\\Desktop\\innosoft\\backend\\vendor\\laravel\\framework\\src\\Illuminate\\Pipeline\\Pipeline.php(183): Illuminate\\Foundation\\Http\\Middleware\\ValidatePostSize->handle(Object(Illuminate\\Http\\Request), Object(Closure))
#20 C:\\Users\\laity\\Desktop\\innosoft\\backend\\vendor\\laravel\\framework\\src\\Illuminate\\Foundation\\Http\\Middleware\\PreventRequestsDuringMaintenance.php(99): Illuminate\\Pipeline\\Pipeline->Illuminate\\Pipeline\\{closure}(Object(Illuminate\\Http\\Request))
#21 C:\\Users\\laity\\Desktop\\innosoft\\backend\\vendor\\laravel\\framework\\src\\Illuminate\\Pipeline\\Pipeline.php(183): Illuminate\\Foundation\\Http\\Middleware\\PreventRequestsDuringMaintenance->handle(Object(Illuminate\\Http\\Request), Object(Closure))
#22 C:\\Users\\laity\\Desktop\\innosoft\\backend\\vendor\\laravel\\framework\\src\\Illuminate\\Http\\Middleware\\HandleCors.php(62): Illuminate\\Pipeline\\Pipeline->Illuminate\\Pipeline\\{closure}(Object(Illuminate\\Http\\Request))
#23 C:\\Users\\laity\\Desktop\\innosoft\\backend\\vendor\\laravel\\framework\\src\\Illuminate\\Pipeline\\Pipeline.php(183): Illuminate\\Http\\Middleware\\HandleCors->handle(Object(Illuminate\\Http\\Request), Object(Closure))
#24 C:\\Users\\laity\\Desktop\\innosoft\\backend\\vendor\\laravel\\framework\\src\\Illuminate\\Http\\Middleware\\TrustProxies.php(39): Illuminate\\Pipeline\\Pipeline->Illuminate\\Pipeline\\{closure}(Object(Illuminate\\Http\\Request))
#25 C:\\Users\\laity\\Desktop\\innosoft\\backend\\vendor\\laravel\\framework\\src\\Illuminate\\Pipeline\\Pipeline.php(183): Illuminate\\Http\\Middleware\\TrustProxies->handle(Object(Illuminate\\Http\\Request), Object(Closure))
#26 C:\\Users\\laity\\Desktop\\innosoft\\backend\\vendor\\laravel\\framework\\src\\Illuminate\\Pipeline\\Pipeline.php(119): Illuminate\\Pipeline\\Pipeline->Illuminate\\Pipeline\\{closure}(Object(Illuminate\\Http\\Request))
#27 C:\\Users\\laity\\Desktop\\innosoft\\backend\\vendor\\laravel\\framework\\src\\Illuminate\\Foundation\\Http\\Kernel.php(175): Illuminate\\Pipeline\\Pipeline->then(Object(Closure))
#28 C:\\Users\\laity\\Desktop\\innosoft\\backend\\vendor\\laravel\\framework\\src\\Illuminate\\Foundation\\Http\\Kernel.php(144): Illuminate\\Foundation\\Http\\Kernel->sendRequestThroughRouter(Object(Illuminate\\Http\\Request))
#29 C:\\Users\\laity\\Desktop\\innosoft\\backend\\public\\index.php(51): Illuminate\\Foundation\\Http\\Kernel->handle(Object(Illuminate\\Http\\Request))
#30 C:\\Users\\laity\\Desktop\\innosoft\\backend\\vendor\\laravel\\framework\\src\\Illuminate\\Foundation\\resources\\server.php(16): require_once('C:\\\\Users\\\\laity\\\\...')
#31 {main}
"} 
[2025-11-28 01:59:19] local.ERROR: Uncaught InvalidArgumentException: Please provide a valid cache path. in C:\Users\laity\Desktop\innosoft\backend\vendor\laravel\framework\src\Illuminate\View\Compilers\Compiler.php:67
Stack trace:
#0 C:\Users\laity\Desktop\innosoft\backend\vendor\laravel\framework\src\Illuminate\View\ViewServiceProvider.php(97): Illuminate\View\Compilers\Compiler->__construct(Object(Illuminate\Filesystem\Filesystem), NULL, '', true, 'php')
#1 C:\Users\laity\Desktop\innosoft\backend\vendor\laravel\framework\src\Illuminate\Container\Container.php(908): Illuminate\View\ViewServiceProvider->Illuminate\View\{closure}(Object(Illuminate\Foundation\Application), Array)
#2 C:\Users\laity\Desktop\innosoft\backend\vendor\laravel\framework\src\Illuminate\Container\Container.php(795): Illuminate\Container\Container->build(Object(Closure))
#3 C:\Users\laity\Desktop\innosoft\backend\vendor\laravel\framework\src\Illuminate\Foundation\Application.php(986): Illuminate\Container\Container->resolve('blade.compiler', Array, true)
#4 C:\Users\laity\Desktop\innosoft\backend\vendor\laravel\framework\src\Illuminate\Container\Container.php(731): Illuminate\Foundation\Application->resolve('blade.compiler', Array)
#5 C:\Users\laity\Desktop\innosoft\backend\vendor\laravel\framework\src\Illuminate\Foundation\Application.php(971): Illuminate\Container\Container->make('blade.compiler', Array)
#6 C:\Users\laity\Desktop\innosoft\backend\vendor\laravel\framework\src\Illuminate\Foundation\helpers.php(120): Illuminate\Foundation\Application->make('blade.compiler', Array)
#7 Command line code(1): app('Illuminate\\View...')
#8 {main}
  thrown {"exception":"[object] (Symfony\\Component\\ErrorHandler\\Error\\FatalError(code: 0): Uncaught InvalidArgumentException: Please provide a valid cache path. in C:\\Users\\laity\\Desktop\\innosoft\\backend\\vendor\\laravel\\framework\\src\\Illuminate\\View\\Compilers\\Compiler.php:67
Stack trace:
#0 C:\\Users\\laity\\Desktop\\innosoft\\backend\\vendor\\laravel\\framework\\src\\Illuminate\\View\\ViewServiceProvider.php(97): Illuminate\\View\\Compilers\\Compiler->__construct(Object(Illuminate\\Filesystem\\Filesystem), NULL, '', true, 'php')
#1 C:\\Users\\laity\\Desktop\\innosoft\\backend\\vendor\\laravel\\framework\\src\\Illuminate\\Container\\Container.php(908): Illuminate\\View\\ViewServiceProvider->Illuminate\\View\\{closure}(Object(Illuminate\\Foundation\\Application), Array)
#2 C:\\Users\\laity\\Desktop\\innosoft\\backend\\vendor\\laravel\\framework\\src\\Illuminate\\Container\\Container.php(795): Illuminate\\Container\\Container->build(Object(Closure))
#3 C:\\Users\\laity\\Desktop\\innosoft\\backend\\vendor\\laravel\\framework\\src\\Illuminate\\Foundation\\Application.php(986): Illuminate\\Container\\Container->resolve('blade.compiler', Array, true)
#4 C:\\Users\\laity\\Desktop\\innosoft\\backend\\vendor\\laravel\\framework\\src\\Illuminate\\Container\\Container.php(731): Illuminate\\Foundation\\Application->resolve('blade.compiler', Array)
#5 C:\\Users\\laity\\Desktop\\innosoft\\backend\\vendor\\laravel\\framework\\src\\Illuminate\\Foundation\\Application.php(971): Illuminate\\Container\\Container->make('blade.compiler', Array)
#6 C:\\Users\\laity\\Desktop\\innosoft\\backend\\vendor\\laravel\\framework\\src\\Illuminate\\Foundation\\helpers.php(120): Illuminate\\Foundation\\Application->make('blade.compiler', Array)
#7 Command line code(1): app('Illuminate\\\\View...')
#8 {main}
  thrown at C:\\Users\\laity\\Desktop\\innosoft\\backend\\vendor\\laravel\\framework\\src\\Illuminate\\View\\Compilers\\Compiler.php:67)
[stacktrace]
#0 {main}
"} 
[2025-11-28 02:03:33] local.ERROR: Class "App\Http\Controllers\Controller" not found {"exception":"[object] (Error(code: 0): Class \"App\\Http\\Controllers\\Controller\" not found at C:\\Users\\laity\\Desktop\\innosoft\\backend\\app\\Http\\Controllers\\Api\\AuthController.php:12)
[stacktrace]
#0 C:\\Users\\laity\\Desktop\\innosoft\\backend\\vendor\\composer\\ClassLoader.php(576): include()
#1 C:\\Users\\laity\\Desktop\\innosoft\\backend\\vendor\\composer\\ClassLoader.php(427): Composer\\Autoload\\{closure}('C:\\\\Users\\\\laity\\\\...')
#2 [internal function]: Composer\\Autoload\\ClassLoader->loadClass('App\\\\Http\\\\Contro...')
#3 C:\\Users\\laity\\Desktop\\innosoft\\backend\\vendor\\laravel\\framework\\src\\Illuminate\\Routing\\Route.php(1096): is_a('App\\\\Http\\\\Contro...', 'Illuminate\\\\Rout...', true)
#4 C:\\Users\\laity\\Desktop\\innosoft\\backend\\vendor\\laravel\\framework\\src\\Illuminate\\Routing\\Route.php(1035): Illuminate\\Routing\\Route->controllerMiddleware()
#5 C:\\Users\\laity\\Desktop\\innosoft\\backend\\vendor\\laravel\\framework\\src\\Illuminate\\Routing\\Router.php(818): Illuminate\\Routing\\Route->gatherMiddleware()
#6 C:\\Users\\laity\\Desktop\\innosoft\\backend\\vendor\\laravel\\framework\\src\\Illuminate\\Routing\\Router.php(800): Illuminate\\Routing\\Router->gatherRouteMiddleware(Object(Illuminate\\Routing\\Route))
#7 C:\\Users\\laity\\Desktop\\innosoft\\backend\\vendor\\laravel\\framework\\src\\Illuminate\\Routing\\Router.php(784): Illuminate\\Routing\\Router->runRouteWithinStack(Object(Illuminate\\Routing\\Route), Object(Illuminate\\Http\\Request))
#8 C:\\Users\\laity\\Desktop\\innosoft\\backend\\vendor\\laravel\\framework\\src\\Illuminate\\Routing\\Router.php(748): Illuminate\\Routing\\Router->runRoute(Object(Illuminate\\Http\\Request), Object(Illuminate\\Routing\\Route))
#9 C:\\Users\\laity\\Desktop\\innosoft\\backend\\vendor\\laravel\\framework\\src\\Illuminate\\Routing\\Router.php(737): Illuminate\\Routing\\Router->dispatchToRoute(Object(Illuminate\\Http\\Request))
#10 C:\\Users\\laity\\Desktop\\innosoft\\backend\\vendor\\laravel\\framework\\src\\Illuminate\\Foundation\\Http\\Kernel.php(200): Illuminate\\Routing\\Router->dispatch(Object(Illuminate\\Http\\Request))
#11 C:\\Users\\laity\\Desktop\\innosoft\\backend\\vendor\\laravel\\framework\\src\\Illuminate\\Pipeline\\Pipeline.php(144): Illuminate\\Foundation\\Http\\Kernel->Illuminate\\Foundation\\Http\\{closure}(Object(Illuminate\\Http\\Request))
#12 C:\\Users\\laity\\Desktop\\innosoft\\backend\\vendor\\laravel\\framework\\src\\Illuminate\\Foundation\\Http\\Middleware\\TransformsRequest.php(21): Illuminate\\Pipeline\\Pipeline->Illuminate\\Pipeline\\{closure}(Object(Illuminate\\Http\\Request))
#13 C:\\Users\\laity\\Desktop\\innosoft\\backend\\vendor\\laravel\\framework\\src\\Illuminate\\Foundation\\Http\\Middleware\\ConvertEmptyStringsToNull.php(31): Illuminate\\Foundation\\Http\\Middleware\\TransformsRequest->handle(Object(Illuminate\\Http\\Request), Object(Closure))
#14 C:\\Users\\laity\\Desktop\\innosoft\\backend\\vendor\\laravel\\framework\\src\\Illuminate\\Pipeline\\Pipeline.php(183): Illuminate\\Foundation\\Http\\Middleware\\ConvertEmptyStringsToNull->handle(Object(Illuminate\\Http\\Request), Object(Closure))
#15 C:\\Users\\laity\\Desktop\\innosoft\\backend\\vendor\\laravel\\framework\\src\\Illuminate\\Foundation\\Http\\Middleware\\TransformsRequest.php(21): Illuminate\\Pipeline\\Pipeline->Illuminate\\Pipeline\\{closure}(Object(Illuminate\\Http\\Request))
#16 C:\\Users\\laity\\Desktop\\innosoft\\backend\\vendor\\laravel\\framework\\src\\Illuminate\\Foundation\\Http\\Middleware\\TrimStrings.php(40): Illuminate\\Foundation\\Http\\Middleware\\TransformsRequest->handle(Object(Illuminate\\Http\\Request), Object(Closure))
#17 C:\\Users\\laity\\Desktop\\innosoft\\backend\\vendor\\laravel\\framework\\src\\Illuminate\\Pipeline\\Pipeline.php(183): Illuminate\\Foundation\\Http\\Middleware\\TrimStrings->handle(Object(Illuminate\\Http\\Request), Object(Closure))
#18 C:\\Users\\laity\\Desktop\\innosoft\\backend\\vendor\\laravel\\framework\\src\\Illuminate\\Foundation\\Http\\Middleware\\ValidatePostSize.php(27): Illuminate\\Pipeline\\Pipeline->Illuminate\\Pipeline\\{closure}(Object(Illuminate\\Http\\Request))
#19 C:\\Users\\laity\\Desktop\\innosoft\\backend\\vendor\\laravel\\framework\\src\\Illuminate\\Pipeline\\Pipeline.php(183): Illuminate\\Foundation\\Http\\Middleware\\ValidatePostSize->handle(Object(Illuminate\\Http\\Request), Object(Closure))
#20 C:\\Users\\laity\\Desktop\\innosoft\\backend\\vendor\\laravel\\framework\\src\\Illuminate\\Foundation\\Http\\Middleware\\PreventRequestsDuringMaintenance.php(99): Illuminate\\Pipeline\\Pipeline->Illuminate\\Pipeline\\{closure}(Object(Illuminate\\Http\\Request))
#21 C:\\Users\\laity\\Desktop\\innosoft\\backend\\vendor\\laravel\\framework\\src\\Illuminate\\Pipeline\\Pipeline.php(183): Illuminate\\Foundation\\Http\\Middleware\\PreventRequestsDuringMaintenance->handle(Object(Illuminate\\Http\\Request), Object(Closure))
#22 C:\\Users\\laity\\Desktop\\innosoft\\backend\\vendor\\laravel\\framework\\src\\Illuminate\\Http\\Middleware\\HandleCors.php(62): Illuminate\\Pipeline\\Pipeline->Illuminate\\Pipeline\\{closure}(Object(Illuminate\\Http\\Request))
#23 C:\\Users\\laity\\Desktop\\innosoft\\backend\\vendor\\laravel\\framework\\src\\Illuminate\\Pipeline\\Pipeline.php(183): Illuminate\\Http\\Middleware\\HandleCors->handle(Object(Illuminate\\Http\\Request), Object(Closure))
#24 C:\\Users\\laity\\Desktop\\innosoft\\backend\\vendor\\laravel\\framework\\src\\Illuminate\\Http\\Middleware\\TrustProxies.php(39): Illuminate\\Pipeline\\Pipeline->Illuminate\\Pipeline\\{closure}(Object(Illuminate\\Http\\Request))
#25 C:\\Users\\laity\\Desktop\\innosoft\\backend\\vendor\\laravel\\framework\\src\\Illuminate\\Pipeline\\Pipeline.php(183): Illuminate\\Http\\Middleware\\TrustProxies->handle(Object(Illuminate\\Http\\Request), Object(Closure))
#26 C:\\Users\\laity\\Desktop\\innosoft\\backend\\vendor\\laravel\\framework\\src\\Illuminate\\Pipeline\\Pipeline.php(119): Illuminate\\Pipeline\\Pipeline->Illuminate\\Pipeline\\{closure}(Object(Illuminate\\Http\\Request))
#27 C:\\Users\\laity\\Desktop\\innosoft\\backend\\vendor\\laravel\\framework\\src\\Illuminate\\Foundation\\Http\\Kernel.php(175): Illuminate\\Pipeline\\Pipeline->then(Object(Closure))
#28 C:\\Users\\laity\\Desktop\\innosoft\\backend\\vendor\\laravel\\framework\\src\\Illuminate\\Foundation\\Http\\Kernel.php(144): Illuminate\\Foundation\\Http\\Kernel->sendRequestThroughRouter(Object(Illuminate\\Http\\Request))
#29 C:\\Users\\laity\\Desktop\\innosoft\\backend\\public\\index.php(51): Illuminate\\Foundation\\Http\\Kernel->handle(Object(Illuminate\\Http\\Request))
#30 C:\\Users\\laity\\Desktop\\innosoft\\backend\\vendor\\laravel\\framework\\src\\Illuminate\\Foundation\\resources\\server.php(16): require_once('C:\\\\Users\\\\laity\\\\...')
#31 {main}
"} 
[2025-11-28 02:04:17] local.ERROR: Class "App\Http\Controllers\Controller" not found {"exception":"[object] (Error(code: 0): Class \"App\\Http\\Controllers\\Controller\" not found at C:\\Users\\laity\\Desktop\\innosoft\\backend\\app\\Http\\Controllers\\Api\\TestimonialController.php:10)
[stacktrace]
#0 C:\\Users\\laity\\Desktop\\innosoft\\backend\\vendor\\composer\\ClassLoader.php(576): include()
#1 C:\\Users\\laity\\Desktop\\innosoft\\backend\\vendor\\composer\\ClassLoader.php(427): Composer\\Autoload\\{closure}('C:\\\\Users\\\\laity\\\\...')
#2 [internal function]: Composer\\Autoload\\ClassLoader->loadClass('App\\\\Http\\\\Contro...')
#3 C:\\Users\\laity\\Desktop\\innosoft\\backend\\vendor\\laravel\\framework\\src\\Illuminate\\Routing\\Route.php(1096): is_a('App\\\\Http\\\\Contro...', 'Illuminate\\\\Rout...', true)
#4 C:\\Users\\laity\\Desktop\\innosoft\\backend\\vendor\\laravel\\framework\\src\\Illuminate\\Routing\\Route.php(1035): Illuminate\\Routing\\Route->controllerMiddleware()
#5 C:\\Users\\laity\\Desktop\\innosoft\\backend\\vendor\\laravel\\framework\\src\\Illuminate\\Routing\\Router.php(818): Illuminate\\Routing\\Route->gatherMiddleware()
#6 C:\\Users\\laity\\Desktop\\innosoft\\backend\\vendor\\laravel\\framework\\src\\Illuminate\\Routing\\Router.php(800): Illuminate\\Routing\\Router->gatherRouteMiddleware(Object(Illuminate\\Routing\\Route))
#7 C:\\Users\\laity\\Desktop\\innosoft\\backend\\vendor\\laravel\\framework\\src\\Illuminate\\Routing\\Router.php(784): Illuminate\\Routing\\Router->runRouteWithinStack(Object(Illuminate\\Routing\\Route), Object(Illuminate\\Http\\Request))
#8 C:\\Users\\laity\\Desktop\\innosoft\\backend\\vendor\\laravel\\framework\\src\\Illuminate\\Routing\\Router.php(748): Illuminate\\Routing\\Router->runRoute(Object(Illuminate\\Http\\Request), Object(Illuminate\\Routing\\Route))
#9 C:\\Users\\laity\\Desktop\\innosoft\\backend\\vendor\\laravel\\framework\\src\\Illuminate\\Routing\\Router.php(737): Illuminate\\Routing\\Router->dispatchToRoute(Object(Illuminate\\Http\\Request))
#10 C:\\Users\\laity\\Desktop\\innosoft\\backend\\vendor\\laravel\\framework\\src\\Illuminate\\Foundation\\Http\\Kernel.php(200): Illuminate\\Routing\\Router->dispatch(Object(Illuminate\\Http\\Request))
#11 C:\\Users\\laity\\Desktop\\innosoft\\backend\\vendor\\laravel\\framework\\src\\Illuminate\\Pipeline\\Pipeline.php(144): Illuminate\\Foundation\\Http\\Kernel->Illuminate\\Foundation\\Http\\{closure}(Object(Illuminate\\Http\\Request))
#12 C:\\Users\\laity\\Desktop\\innosoft\\backend\\vendor\\laravel\\framework\\src\\Illuminate\\Foundation\\Http\\Middleware\\TransformsRequest.php(21): Illuminate\\Pipeline\\Pipeline->Illuminate\\Pipeline\\{closure}(Object(Illuminate\\Http\\Request))
#13 C:\\Users\\laity\\Desktop\\innosoft\\backend\\vendor\\laravel\\framework\\src\\Illuminate\\Foundation\\Http\\Middleware\\ConvertEmptyStringsToNull.php(31): Illuminate\\Foundation\\Http\\Middleware\\TransformsRequest->handle(Object(Illuminate\\Http\\Request), Object(Closure))
#14 C:\\Users\\laity\\Desktop\\innosoft\\backend\\vendor\\laravel\\framework\\src\\Illuminate\\Pipeline\\Pipeline.php(183): Illuminate\\Foundation\\Http\\Middleware\\ConvertEmptyStringsToNull->handle(Object(Illuminate\\Http\\Request), Object(Closure))
#15 C:\\Users\\laity\\Desktop\\innosoft\\backend\\vendor\\laravel\\framework\\src\\Illuminate\\Foundation\\Http\\Middleware\\TransformsRequest.php(21): Illuminate\\Pipeline\\Pipeline->Illuminate\\Pipeline\\{closure}(Object(Illuminate\\Http\\Request))
#16 C:\\Users\\laity\\Desktop\\innosoft\\backend\\vendor\\laravel\\framework\\src\\Illuminate\\Foundation\\Http\\Middleware\\TrimStrings.php(40): Illuminate\\Foundation\\Http\\Middleware\\TransformsRequest->handle(Object(Illuminate\\Http\\Request), Object(Closure))
#17 C:\\Users\\laity\\Desktop\\innosoft\\backend\\vendor\\laravel\\framework\\src\\Illuminate\\Pipeline\\Pipeline.php(183): Illuminate\\Foundation\\Http\\Middleware\\TrimStrings->handle(Object(Illuminate\\Http\\Request), Object(Closure))
#18 C:\\Users\\laity\\Desktop\\innosoft\\backend\\vendor\\laravel\\framework\\src\\Illuminate\\Foundation\\Http\\Middleware\\ValidatePostSize.php(27): Illuminate\\Pipeline\\Pipeline->Illuminate\\Pipeline\\{closure}(Object(Illuminate\\Http\\Request))
#19 C:\\Users\\laity\\Desktop\\innosoft\\backend\\vendor\\laravel\\framework\\src\\Illuminate\\Pipeline\\Pipeline.php(183): Illuminate\\Foundation\\Http\\Middleware\\ValidatePostSize->handle(Object(Illuminate\\Http\\Request), Object(Closure))
#20 C:\\Users\\laity\\Desktop\\innosoft\\backend\\vendor\\laravel\\framework\\src\\Illuminate\\Foundation\\Http\\Middleware\\PreventRequestsDuringMaintenance.php(99): Illuminate\\Pipeline\\Pipeline->Illuminate\\Pipeline\\{closure}(Object(Illuminate\\Http\\Request))
#21 C:\\Users\\laity\\Desktop\\innosoft\\backend\\vendor\\laravel\\framework\\src\\Illuminate\\Pipeline\\Pipeline.php(183): Illuminate\\Foundation\\Http\\Middleware\\PreventRequestsDuringMaintenance->handle(Object(Illuminate\\Http\\Request), Object(Closure))
#22 C:\\Users\\laity\\Desktop\\innosoft\\backend\\vendor\\laravel\\framework\\src\\Illuminate\\Http\\Middleware\\HandleCors.php(62): Illuminate\\Pipeline\\Pipeline->Illuminate\\Pipeline\\{closure}(Object(Illuminate\\Http\\Request))
#23 C:\\Users\\laity\\Desktop\\innosoft\\backend\\vendor\\laravel\\framework\\src\\Illuminate\\Pipeline\\Pipeline.php(183): Illuminate\\Http\\Middleware\\HandleCors->handle(Object(Illuminate\\Http\\Request), Object(Closure))
#24 C:\\Users\\laity\\Desktop\\innosoft\\backend\\vendor\\laravel\\framework\\src\\Illuminate\\Http\\Middleware\\TrustProxies.php(39): Illuminate\\Pipeline\\Pipeline->Illuminate\\Pipeline\\{closure}(Object(Illuminate\\Http\\Request))
#25 C:\\Users\\laity\\Desktop\\innosoft\\backend\\vendor\\laravel\\framework\\src\\Illuminate\\Pipeline\\Pipeline.php(183): Illuminate\\Http\\Middleware\\TrustProxies->handle(Object(Illuminate\\Http\\Request), Object(Closure))
#26 C:\\Users\\laity\\Desktop\\innosoft\\backend\\vendor\\laravel\\framework\\src\\Illuminate\\Pipeline\\Pipeline.php(119): Illuminate\\Pipeline\\Pipeline->Illuminate\\Pipeline\\{closure}(Object(Illuminate\\Http\\Request))
#27 C:\\Users\\laity\\Desktop\\innosoft\\backend\\vendor\\laravel\\framework\\src\\Illuminate\\Foundation\\Http\\Kernel.php(175): Illuminate\\Pipeline\\Pipeline->then(Object(Closure))
#28 C:\\Users\\laity\\Desktop\\innosoft\\backend\\vendor\\laravel\\framework\\src\\Illuminate\\Foundation\\Http\\Kernel.php(144): Illuminate\\Foundation\\Http\\Kernel->sendRequestThroughRouter(Object(Illuminate\\Http\\Request))
#29 C:\\Users\\laity\\Desktop\\innosoft\\backend\\public\\index.php(51): Illuminate\\Foundation\\Http\\Kernel->handle(Object(Illuminate\\Http\\Request))
#30 C:\\Users\\laity\\Desktop\\innosoft\\backend\\vendor\\laravel\\framework\\src\\Illuminate\\Foundation\\resources\\server.php(16): require_once('C:\\\\Users\\\\laity\\\\...')
#31 {main}
"} 
[2025-11-28 02:04:20] local.ERROR: Class "App\Http\Controllers\Controller" not found {"exception":"[object] (Error(code: 0): Class \"App\\Http\\Controllers\\Controller\" not found at C:\\Users\\laity\\Desktop\\innosoft\\backend\\app\\Http\\Controllers\\Api\\TestimonialController.php:10)
[stacktrace]
#0 C:\\Users\\laity\\Desktop\\innosoft\\backend\\vendor\\composer\\ClassLoader.php(576): include()
#1 C:\\Users\\laity\\Desktop\\innosoft\\backend\\vendor\\composer\\ClassLoader.php(427): Composer\\Autoload\\{closure}('C:\\\\Users\\\\laity\\\\...')
#2 [internal function]: Composer\\Autoload\\ClassLoader->loadClass('App\\\\Http\\\\Contro...')
#3 C:\\Users\\laity\\Desktop\\innosoft\\backend\\vendor\\laravel\\framework\\src\\Illuminate\\Routing\\Route.php(1096): is_a('App\\\\Http\\\\Contro...', 'Illuminate\\\\Rout...', true)
#4 C:\\Users\\laity\\Desktop\\innosoft\\backend\\vendor\\laravel\\framework\\src\\Illuminate\\Routing\\Route.php(1035): Illuminate\\Routing\\Route->controllerMiddleware()
#5 C:\\Users\\laity\\Desktop\\innosoft\\backend\\vendor\\laravel\\framework\\src\\Illuminate\\Routing\\Router.php(818): Illuminate\\Routing\\Route->gatherMiddleware()
#6 C:\\Users\\laity\\Desktop\\innosoft\\backend\\vendor\\laravel\\framework\\src\\Illuminate\\Routing\\Router.php(800): Illuminate\\Routing\\Router->gatherRouteMiddleware(Object(Illuminate\\Routing\\Route))
#7 C:\\Users\\laity\\Desktop\\innosoft\\backend\\vendor\\laravel\\framework\\src\\Illuminate\\Routing\\Router.php(784): Illuminate\\Routing\\Router->runRouteWithinStack(Object(Illuminate\\Routing\\Route), Object(Illuminate\\Http\\Request))
#8 C:\\Users\\laity\\Desktop\\innosoft\\backend\\vendor\\laravel\\framework\\src\\Illuminate\\Routing\\Router.php(748): Illuminate\\Routing\\Router->runRoute(Object(Illuminate\\Http\\Request), Object(Illuminate\\Routing\\Route))
#9 C:\\Users\\laity\\Desktop\\innosoft\\backend\\vendor\\laravel\\framework\\src\\Illuminate\\Routing\\Router.php(737): Illuminate\\Routing\\Router->dispatchToRoute(Object(Illuminate\\Http\\Request))
#10 C:\\Users\\laity\\Desktop\\innosoft\\backend\\vendor\\laravel\\framework\\src\\Illuminate\\Foundation\\Http\\Kernel.php(200): Illuminate\\Routing\\Router->dispatch(Object(Illuminate\\Http\\Request))
#11 C:\\Users\\laity\\Desktop\\innosoft\\backend\\vendor\\laravel\\framework\\src\\Illuminate\\Pipeline\\Pipeline.php(144): Illuminate\\Foundation\\Http\\Kernel->Illuminate\\Foundation\\Http\\{closure}(Object(Illuminate\\Http\\Request))
#12 C:\\Users\\laity\\Desktop\\innosoft\\backend\\vendor\\laravel\\framework\\src\\Illuminate\\Foundation\\Http\\Middleware\\TransformsRequest.php(21): Illuminate\\Pipeline\\Pipeline->Illuminate\\Pipeline\\{closure}(Object(Illuminate\\Http\\Request))
#13 C:\\Users\\laity\\Desktop\\innosoft\\backend\\vendor\\laravel\\framework\\src\\Illuminate\\Foundation\\Http\\Middleware\\ConvertEmptyStringsToNull.php(31): Illuminate\\Foundation\\Http\\Middleware\\TransformsRequest->handle(Object(Illuminate\\Http\\Request), Object(Closure))
#14 C:\\Users\\laity\\Desktop\\innosoft\\backend\\vendor\\laravel\\framework\\src\\Illuminate\\Pipeline\\Pipeline.php(183): Illuminate\\Foundation\\Http\\Middleware\\ConvertEmptyStringsToNull->handle(Object(Illuminate\\Http\\Request), Object(Closure))
#15 C:\\Users\\laity\\Desktop\\innosoft\\backend\\vendor\\laravel\\framework\\src\\Illuminate\\Foundation\\Http\\Middleware\\TransformsRequest.php(21): Illuminate\\Pipeline\\Pipeline->Illuminate\\Pipeline\\{closure}(Object(Illuminate\\Http\\Request))
#16 C:\\Users\\laity\\Desktop\\innosoft\\backend\\vendor\\laravel\\framework\\src\\Illuminate\\Foundation\\Http\\Middleware\\TrimStrings.php(40): Illuminate\\Foundation\\Http\\Middleware\\TransformsRequest->handle(Object(Illuminate\\Http\\Request), Object(Closure))
#17 C:\\Users\\laity\\Desktop\\innosoft\\backend\\vendor\\laravel\\framework\\src\\Illuminate\\Pipeline\\Pipeline.php(183): Illuminate\\Foundation\\Http\\Middleware\\TrimStrings->handle(Object(Illuminate\\Http\\Request), Object(Closure))
#18 C:\\Users\\laity\\Desktop\\innosoft\\backend\\vendor\\laravel\\framework\\src\\Illuminate\\Foundation\\Http\\Middleware\\ValidatePostSize.php(27): Illuminate\\Pipeline\\Pipeline->Illuminate\\Pipeline\\{closure}(Object(Illuminate\\Http\\Request))
#19 C:\\Users\\laity\\Desktop\\innosoft\\backend\\vendor\\laravel\\framework\\src\\Illuminate\\Pipeline\\Pipeline.php(183): Illuminate\\Foundation\\Http\\Middleware\\ValidatePostSize->handle(Object(Illuminate\\Http\\Request), Object(Closure))
#20 C:\\Users\\laity\\Desktop\\innosoft\\backend\\vendor\\laravel\\framework\\src\\Illuminate\\Foundation\\Http\\Middleware\\PreventRequestsDuringMaintenance.php(99): Illuminate\\Pipeline\\Pipeline->Illuminate\\Pipeline\\{closure}(Object(Illuminate\\Http\\Request))
#21 C:\\Users\\laity\\Desktop\\innosoft\\backend\\vendor\\laravel\\framework\\src\\Illuminate\\Pipeline\\Pipeline.php(183): Illuminate\\Foundation\\Http\\Middleware\\PreventRequestsDuringMaintenance->handle(Object(Illuminate\\Http\\Request), Object(Closure))
#22 C:\\Users\\laity\\Desktop\\innosoft\\backend\\vendor\\laravel\\framework\\src\\Illuminate\\Http\\Middleware\\HandleCors.php(62): Illuminate\\Pipeline\\Pipeline->Illuminate\\Pipeline\\{closure}(Object(Illuminate\\Http\\Request))
#23 C:\\Users\\laity\\Desktop\\innosoft\\backend\\vendor\\laravel\\framework\\src\\Illuminate\\Pipeline\\Pipeline.php(183): Illuminate\\Http\\Middleware\\HandleCors->handle(Object(Illuminate\\Http\\Request), Object(Closure))
#24 C:\\Users\\laity\\Desktop\\innosoft\\backend\\vendor\\laravel\\framework\\src\\Illuminate\\Http\\Middleware\\TrustProxies.php(39): Illuminate\\Pipeline\\Pipeline->Illuminate\\Pipeline\\{closure}(Object(Illuminate\\Http\\Request))
#25 C:\\Users\\laity\\Desktop\\innosoft\\backend\\vendor\\laravel\\framework\\src\\Illuminate\\Pipeline\\Pipeline.php(183): Illuminate\\Http\\Middleware\\TrustProxies->handle(Object(Illuminate\\Http\\Request), Object(Closure))
#26 C:\\Users\\laity\\Desktop\\innosoft\\backend\\vendor\\laravel\\framework\\src\\Illuminate\\Pipeline\\Pipeline.php(119): Illuminate\\Pipeline\\Pipeline->Illuminate\\Pipeline\\{closure}(Object(Illuminate\\Http\\Request))
#27 C:\\Users\\laity\\Desktop\\innosoft\\backend\\vendor\\laravel\\framework\\src\\Illuminate\\Foundation\\Http\\Kernel.php(175): Illuminate\\Pipeline\\Pipeline->then(Object(Closure))
#28 C:\\Users\\laity\\Desktop\\innosoft\\backend\\vendor\\laravel\\framework\\src\\Illuminate\\Foundation\\Http\\Kernel.php(144): Illuminate\\Foundation\\Http\\Kernel->sendRequestThroughRouter(Object(Illuminate\\Http\\Request))
#29 C:\\Users\\laity\\Desktop\\innosoft\\backend\\public\\index.php(51): Illuminate\\Foundation\\Http\\Kernel->handle(Object(Illuminate\\Http\\Request))
#30 C:\\Users\\laity\\Desktop\\innosoft\\backend\\vendor\\laravel\\framework\\src\\Illuminate\\Foundation\\resources\\server.php(16): require_once('C:\\\\Users\\\\laity\\\\...')
#31 {main}
"} 
[2025-11-28 02:04:50] local.ERROR: Auth guard [] is not defined. {"exception":"[object] (InvalidArgumentException(code: 0): Auth guard [] is not defined. at C:\\Users\\laity\\Desktop\\innosoft\\backend\\vendor\\laravel\\framework\\src\\Illuminate\\Auth\\AuthManager.php:86)
[stacktrace]
#0 C:\\Users\\laity\\Desktop\\innosoft\\backend\\vendor\\laravel\\framework\\src\\Illuminate\\Auth\\AuthManager.php(70): Illuminate\\Auth\\AuthManager->resolve(NULL)
#1 C:\\Users\\laity\\Desktop\\innosoft\\backend\\vendor\\laravel\\framework\\src\\Illuminate\\Auth\\AuthManager.php(57): Illuminate\\Auth\\AuthManager->guard(NULL)
#2 [internal function]: Illuminate\\Auth\\AuthManager->Illuminate\\Auth\\{closure}(NULL)
#3 C:\\Users\\laity\\Desktop\\innosoft\\backend\\vendor\\laravel\\framework\\src\\Illuminate\\Auth\\AuthServiceProvider.php(89): call_user_func(Object(Closure), NULL)
#4 [internal function]: Illuminate\\Auth\\AuthServiceProvider->Illuminate\\Auth\\{closure}(NULL)
#5 C:\\Users\\laity\\Desktop\\innosoft\\backend\\vendor\\laravel\\framework\\src\\Illuminate\\Http\\Request.php(607): call_user_func(Object(Closure), NULL)
#6 C:\\Users\\laity\\Desktop\\innosoft\\backend\\app\\Providers\\RouteServiceProvider.php(28): Illuminate\\Http\\Request->user()
#7 C:\\Users\\laity\\Desktop\\innosoft\\backend\\vendor\\laravel\\framework\\src\\Illuminate\\Routing\\Middleware\\ThrottleRequests.php(117): App\\Providers\\RouteServiceProvider->App\\Providers\\{closure}(Object(Illuminate\\Http\\Request))
#8 C:\\Users\\laity\\Desktop\\innosoft\\backend\\vendor\\laravel\\framework\\src\\Illuminate\\Routing\\Middleware\\ThrottleRequests.php(87): Illuminate\\Routing\\Middleware\\ThrottleRequests->handleRequestUsingNamedLimiter(Object(Illuminate\\Http\\Request), Object(Closure), 'api', Object(Closure))
#9 C:\\Users\\laity\\Desktop\\innosoft\\backend\\vendor\\laravel\\framework\\src\\Illuminate\\Pipeline\\Pipeline.php(183): Illuminate\\Routing\\Middleware\\ThrottleRequests->handle(Object(Illuminate\\Http\\Request), Object(Closure), 'api')
#10 C:\\Users\\laity\\Desktop\\innosoft\\backend\\vendor\\laravel\\framework\\src\\Illuminate\\Pipeline\\Pipeline.php(119): Illuminate\\Pipeline\\Pipeline->Illuminate\\Pipeline\\{closure}(Object(Illuminate\\Http\\Request))
#11 C:\\Users\\laity\\Desktop\\innosoft\\backend\\vendor\\laravel\\framework\\src\\Illuminate\\Routing\\Router.php(805): Illuminate\\Pipeline\\Pipeline->then(Object(Closure))
#12 C:\\Users\\laity\\Desktop\\innosoft\\backend\\vendor\\laravel\\framework\\src\\Illuminate\\Routing\\Router.php(784): Illuminate\\Routing\\Router->runRouteWithinStack(Object(Illuminate\\Routing\\Route), Object(Illuminate\\Http\\Request))
#13 C:\\Users\\laity\\Desktop\\innosoft\\backend\\vendor\\laravel\\framework\\src\\Illuminate\\Routing\\Router.php(748): Illuminate\\Routing\\Router->runRoute(Object(Illuminate\\Http\\Request), Object(Illuminate\\Routing\\Route))
#14 C:\\Users\\laity\\Desktop\\innosoft\\backend\\vendor\\laravel\\framework\\src\\Illuminate\\Routing\\Router.php(737): Illuminate\\Routing\\Router->dispatchToRoute(Object(Illuminate\\Http\\Request))
#15 C:\\Users\\laity\\Desktop\\innosoft\\backend\\vendor\\laravel\\framework\\src\\Illuminate\\Foundation\\Http\\Kernel.php(200): Illuminate\\Routing\\Router->dispatch(Object(Illuminate\\Http\\Request))
#16 C:\\Users\\laity\\Desktop\\innosoft\\backend\\vendor\\laravel\\framework\\src\\Illuminate\\Pipeline\\Pipeline.php(144): Illuminate\\Foundation\\Http\\Kernel->Illuminate\\Foundation\\Http\\{closure}(Object(Illuminate\\Http\\Request))
#17 C:\\Users\\laity\\Desktop\\innosoft\\backend\\vendor\\laravel\\framework\\src\\Illuminate\\Foundation\\Http\\Middleware\\TransformsRequest.php(21): Illuminate\\Pipeline\\Pipeline->Illuminate\\Pipeline\\{closure}(Object(Illuminate\\Http\\Request))
#18 C:\\Users\\laity\\Desktop\\innosoft\\backend\\vendor\\laravel\\framework\\src\\Illuminate\\Foundation\\Http\\Middleware\\ConvertEmptyStringsToNull.php(31): Illuminate\\Foundation\\Http\\Middleware\\TransformsRequest->handle(Object(Illuminate\\Http\\Request), Object(Closure))
#19 C:\\Users\\laity\\Desktop\\innosoft\\backend\\vendor\\laravel\\framework\\src\\Illuminate\\Pipeline\\Pipeline.php(183): Illuminate\\Foundation\\Http\\Middleware\\ConvertEmptyStringsToNull->handle(Object(Illuminate\\Http\\Request), Object(Closure))
#20 C:\\Users\\laity\\Desktop\\innosoft\\backend\\vendor\\laravel\\framework\\src\\Illuminate\\Foundation\\Http\\Middleware\\TransformsRequest.php(21): Illuminate\\Pipeline\\Pipeline->Illuminate\\Pipeline\\{closure}(Object(Illuminate\\Http\\Request))
#21 C:\\Users\\laity\\Desktop\\innosoft\\backend\\vendor\\laravel\\framework\\src\\Illuminate\\Foundation\\Http\\Middleware\\TrimStrings.php(40): Illuminate\\Foundation\\Http\\Middleware\\TransformsRequest->handle(Object(Illuminate\\Http\\Request), Object(Closure))
#22 C:\\Users\\laity\\Desktop\\innosoft\\backend\\vendor\\laravel\\framework\\src\\Illuminate\\Pipeline\\Pipeline.php(183): Illuminate\\Foundation\\Http\\Middleware\\TrimStrings->handle(Object(Illuminate\\Http\\Request), Object(Closure))
#23 C:\\Users\\laity\\Desktop\\innosoft\\backend\\vendor\\laravel\\framework\\src\\Illuminate\\Foundation\\Http\\Middleware\\ValidatePostSize.php(27): Illuminate\\Pipeline\\Pipeline->Illuminate\\Pipeline\\{closure}(Object(Illuminate\\Http\\Request))
#24 C:\\Users\\laity\\Desktop\\innosoft\\backend\\vendor\\laravel\\framework\\src\\Illuminate\\Pipeline\\Pipeline.php(183): Illuminate\\Foundation\\Http\\Middleware\\ValidatePostSize->handle(Object(Illuminate\\Http\\Request), Object(Closure))
#25 C:\\Users\\laity\\Desktop\\innosoft\\backend\\vendor\\laravel\\framework\\src\\Illuminate\\Foundation\\Http\\Middleware\\PreventRequestsDuringMaintenance.php(99): Illuminate\\Pipeline\\Pipeline->Illuminate\\Pipeline\\{closure}(Object(Illuminate\\Http\\Request))
#26 C:\\Users\\laity\\Desktop\\innosoft\\backend\\vendor\\laravel\\framework\\src\\Illuminate\\Pipeline\\Pipeline.php(183): Illuminate\\Foundation\\Http\\Middleware\\PreventRequestsDuringMaintenance->handle(Object(Illuminate\\Http\\Request), Object(Closure))
#27 C:\\Users\\laity\\Desktop\\innosoft\\backend\\vendor\\laravel\\framework\\src\\Illuminate\\Http\\Middleware\\HandleCors.php(62): Illuminate\\Pipeline\\Pipeline->Illuminate\\Pipeline\\{closure}(Object(Illuminate\\Http\\Request))
#28 C:\\Users\\laity\\Desktop\\innosoft\\backend\\vendor\\laravel\\framework\\src\\Illuminate\\Pipeline\\Pipeline.php(183): Illuminate\\Http\\Middleware\\HandleCors->handle(Object(Illuminate\\Http\\Request), Object(Closure))
#29 C:\\Users\\laity\\Desktop\\innosoft\\backend\\vendor\\laravel\\framework\\src\\Illuminate\\Http\\Middleware\\TrustProxies.php(39): Illuminate\\Pipeline\\Pipeline->Illuminate\\Pipeline\\{closure}(Object(Illuminate\\Http\\Request))
#30 C:\\Users\\laity\\Desktop\\innosoft\\backend\\vendor\\laravel\\framework\\src\\Illuminate\\Pipeline\\Pipeline.php(183): Illuminate\\Http\\Middleware\\TrustProxies->handle(Object(Illuminate\\Http\\Request), Object(Closure))
#31 C:\\Users\\laity\\Desktop\\innosoft\\backend\\vendor\\laravel\\framework\\src\\Illuminate\\Pipeline\\Pipeline.php(119): Illuminate\\Pipeline\\Pipeline->Illuminate\\Pipeline\\{closure}(Object(Illuminate\\Http\\Request))
#32 C:\\Users\\laity\\Desktop\\innosoft\\backend\\vendor\\laravel\\framework\\src\\Illuminate\\Foundation\\Http\\Kernel.php(175): Illuminate\\Pipeline\\Pipeline->then(Object(Closure))
#33 C:\\Users\\laity\\Desktop\\innosoft\\backend\\vendor\\laravel\\framework\\src\\Illuminate\\Foundation\\Http\\Kernel.php(144): Illuminate\\Foundation\\Http\\Kernel->sendRequestThroughRouter(Object(Illuminate\\Http\\Request))
#34 C:\\Users\\laity\\Desktop\\innosoft\\backend\\public\\index.php(51): Illuminate\\Foundation\\Http\\Kernel->handle(Object(Illuminate\\Http\\Request))
#35 C:\\Users\\laity\\Desktop\\innosoft\\backend\\vendor\\laravel\\framework\\src\\Illuminate\\Foundation\\resources\\server.php(16): require_once('C:\\\\Users\\\\laity\\\\...')
#36 {main}
"} 
[2025-11-28 02:04:50] local.ERROR: Uncaught InvalidArgumentException: Please provide a valid cache path. in C:\Users\laity\Desktop\innosoft\backend\vendor\laravel\framework\src\Illuminate\View\Compilers\Compiler.php:67
Stack trace:
#0 C:\Users\laity\Desktop\innosoft\backend\vendor\laravel\framework\src\Illuminate\View\ViewServiceProvider.php(97): Illuminate\View\Compilers\Compiler->__construct(Object(Illuminate\Filesystem\Filesystem), NULL, '', true, 'php')
#1 C:\Users\laity\Desktop\innosoft\backend\vendor\laravel\framework\src\Illuminate\Container\Container.php(908): Illuminate\View\ViewServiceProvider->Illuminate\View\{closure}(Object(Illuminate\Foundation\Application), Array)
#2 C:\Users\laity\Desktop\innosoft\backend\vendor\laravel\framework\src\Illuminate\Container\Container.php(795): Illuminate\Container\Container->build(Object(Closure))
#3 C:\Users\laity\Desktop\innosoft\backend\vendor\laravel\framework\src\Illuminate\Foundation\Application.php(986): Illuminate\Container\Container->resolve('blade.compiler', Array, true)
#4 C:\Users\laity\Desktop\innosoft\backend\vendor\laravel\framework\src\Illuminate\Container\Container.php(731): Illuminate\Foundation\Application->resolve('blade.compiler', Array)
#5 C:\Users\laity\Desktop\innosoft\backend\vendor\laravel\framework\src\Illuminate\Foundation\Application.php(971): Illuminate\Container\Container->make('blade.compiler', Array)
#6 C:\Users\laity\Desktop\innosoft\backend\vendor\laravel\framework\src\Illuminate\Foundation\helpers.php(120): Illuminate\Foundation\Application->make('blade.compiler', Array)
#7 Command line code(1): app('Illuminate\\View...')
#8 {main}
  thrown {"exception":"[object] (Symfony\\Component\\ErrorHandler\\Error\\FatalError(code: 0): Uncaught InvalidArgumentException: Please provide a valid cache path. in C:\\Users\\laity\\Desktop\\innosoft\\backend\\vendor\\laravel\\framework\\src\\Illuminate\\View\\Compilers\\Compiler.php:67
Stack trace:
#0 C:\\Users\\laity\\Desktop\\innosoft\\backend\\vendor\\laravel\\framework\\src\\Illuminate\\View\\ViewServiceProvider.php(97): Illuminate\\View\\Compilers\\Compiler->__construct(Object(Illuminate\\Filesystem\\Filesystem), NULL, '', true, 'php')
#1 C:\\Users\\laity\\Desktop\\innosoft\\backend\\vendor\\laravel\\framework\\src\\Illuminate\\Container\\Container.php(908): Illuminate\\View\\ViewServiceProvider->Illuminate\\View\\{closure}(Object(Illuminate\\Foundation\\Application), Array)
#2 C:\\Users\\laity\\Desktop\\innosoft\\backend\\vendor\\laravel\\framework\\src\\Illuminate\\Container\\Container.php(795): Illuminate\\Container\\Container->build(Object(Closure))
#3 C:\\Users\\laity\\Desktop\\innosoft\\backend\\vendor\\laravel\\framework\\src\\Illuminate\\Foundation\\Application.php(986): Illuminate\\Container\\Container->resolve('blade.compiler', Array, true)
#4 C:\\Users\\laity\\Desktop\\innosoft\\backend\\vendor\\laravel\\framework\\src\\Illuminate\\Container\\Container.php(731): Illuminate\\Foundation\\Application->resolve('blade.compiler', Array)
#5 C:\\Users\\laity\\Desktop\\innosoft\\backend\\vendor\\laravel\\framework\\src\\Illuminate\\Foundation\\Application.php(971): Illuminate\\Container\\Container->make('blade.compiler', Array)
#6 C:\\Users\\laity\\Desktop\\innosoft\\backend\\vendor\\laravel\\framework\\src\\Illuminate\\Foundation\\helpers.php(120): Illuminate\\Foundation\\Application->make('blade.compiler', Array)
#7 Command line code(1): app('Illuminate\\\\View...')
#8 {main}
  thrown at C:\\Users\\laity\\Desktop\\innosoft\\backend\\vendor\\laravel\\framework\\src\\Illuminate\\View\\Compilers\\Compiler.php:67)
[stacktrace]
#0 {main}
"} 
[2025-11-28 02:04:51] local.ERROR: Auth guard [] is not defined. {"exception":"[object] (InvalidArgumentException(code: 0): Auth guard [] is not defined. at C:\\Users\\laity\\Desktop\\innosoft\\backend\\vendor\\laravel\\framework\\src\\Illuminate\\Auth\\AuthManager.php:86)
[stacktrace]
#0 C:\\Users\\laity\\Desktop\\innosoft\\backend\\vendor\\laravel\\framework\\src\\Illuminate\\Auth\\AuthManager.php(70): Illuminate\\Auth\\AuthManager->resolve(NULL)
#1 C:\\Users\\laity\\Desktop\\innosoft\\backend\\vendor\\laravel\\framework\\src\\Illuminate\\Auth\\AuthManager.php(57): Illuminate\\Auth\\AuthManager->guard(NULL)
#2 [internal function]: Illuminate\\Auth\\AuthManager->Illuminate\\Auth\\{closure}(NULL)
#3 C:\\Users\\laity\\Desktop\\innosoft\\backend\\vendor\\laravel\\framework\\src\\Illuminate\\Auth\\AuthServiceProvider.php(89): call_user_func(Object(Closure), NULL)
#4 [internal function]: Illuminate\\Auth\\AuthServiceProvider->Illuminate\\Auth\\{closure}(NULL)
#5 C:\\Users\\laity\\Desktop\\innosoft\\backend\\vendor\\laravel\\framework\\src\\Illuminate\\Http\\Request.php(607): call_user_func(Object(Closure), NULL)
#6 C:\\Users\\laity\\Desktop\\innosoft\\backend\\app\\Providers\\RouteServiceProvider.php(28): Illuminate\\Http\\Request->user()
#7 C:\\Users\\laity\\Desktop\\innosoft\\backend\\vendor\\laravel\\framework\\src\\Illuminate\\Routing\\Middleware\\ThrottleRequests.php(117): App\\Providers\\RouteServiceProvider->App\\Providers\\{closure}(Object(Illuminate\\Http\\Request))
#8 C:\\Users\\laity\\Desktop\\innosoft\\backend\\vendor\\laravel\\framework\\src\\Illuminate\\Routing\\Middleware\\ThrottleRequests.php(87): Illuminate\\Routing\\Middleware\\ThrottleRequests->handleRequestUsingNamedLimiter(Object(Illuminate\\Http\\Request), Object(Closure), 'api', Object(Closure))
#9 C:\\Users\\laity\\Desktop\\innosoft\\backend\\vendor\\laravel\\framework\\src\\Illuminate\\Pipeline\\Pipeline.php(183): Illuminate\\Routing\\Middleware\\ThrottleRequests->handle(Object(Illuminate\\Http\\Request), Object(Closure), 'api')
#10 C:\\Users\\laity\\Desktop\\innosoft\\backend\\vendor\\laravel\\framework\\src\\Illuminate\\Pipeline\\Pipeline.php(119): Illuminate\\Pipeline\\Pipeline->Illuminate\\Pipeline\\{closure}(Object(Illuminate\\Http\\Request))
#11 C:\\Users\\laity\\Desktop\\innosoft\\backend\\vendor\\laravel\\framework\\src\\Illuminate\\Routing\\Router.php(805): Illuminate\\Pipeline\\Pipeline->then(Object(Closure))
#12 C:\\Users\\laity\\Desktop\\innosoft\\backend\\vendor\\laravel\\framework\\src\\Illuminate\\Routing\\Router.php(784): Illuminate\\Routing\\Router->runRouteWithinStack(Object(Illuminate\\Routing\\Route), Object(Illuminate\\Http\\Request))
#13 C:\\Users\\laity\\Desktop\\innosoft\\backend\\vendor\\laravel\\framework\\src\\Illuminate\\Routing\\Router.php(748): Illuminate\\Routing\\Router->runRoute(Object(Illuminate\\Http\\Request), Object(Illuminate\\Routing\\Route))
#14 C:\\Users\\laity\\Desktop\\innosoft\\backend\\vendor\\laravel\\framework\\src\\Illuminate\\Routing\\Router.php(737): Illuminate\\Routing\\Router->dispatchToRoute(Object(Illuminate\\Http\\Request))
#15 C:\\Users\\laity\\Desktop\\innosoft\\backend\\vendor\\laravel\\framework\\src\\Illuminate\\Foundation\\Http\\Kernel.php(200): Illuminate\\Routing\\Router->dispatch(Object(Illuminate\\Http\\Request))
#16 C:\\Users\\laity\\Desktop\\innosoft\\backend\\vendor\\laravel\\framework\\src\\Illuminate\\Pipeline\\Pipeline.php(144): Illuminate\\Foundation\\Http\\Kernel->Illuminate\\Foundation\\Http\\{closure}(Object(Illuminate\\Http\\Request))
#17 C:\\Users\\laity\\Desktop\\innosoft\\backend\\vendor\\laravel\\framework\\src\\Illuminate\\Foundation\\Http\\Middleware\\TransformsRequest.php(21): Illuminate\\Pipeline\\Pipeline->Illuminate\\Pipeline\\{closure}(Object(Illuminate\\Http\\Request))
#18 C:\\Users\\laity\\Desktop\\innosoft\\backend\\vendor\\laravel\\framework\\src\\Illuminate\\Foundation\\Http\\Middleware\\ConvertEmptyStringsToNull.php(31): Illuminate\\Foundation\\Http\\Middleware\\TransformsRequest->handle(Object(Illuminate\\Http\\Request), Object(Closure))
#19 C:\\Users\\laity\\Desktop\\innosoft\\backend\\vendor\\laravel\\framework\\src\\Illuminate\\Pipeline\\Pipeline.php(183): Illuminate\\Foundation\\Http\\Middleware\\ConvertEmptyStringsToNull->handle(Object(Illuminate\\Http\\Request), Object(Closure))
#20 C:\\Users\\laity\\Desktop\\innosoft\\backend\\vendor\\laravel\\framework\\src\\Illuminate\\Foundation\\Http\\Middleware\\TransformsRequest.php(21): Illuminate\\Pipeline\\Pipeline->Illuminate\\Pipeline\\{closure}(Object(Illuminate\\Http\\Request))
#21 C:\\Users\\laity\\Desktop\\innosoft\\backend\\vendor\\laravel\\framework\\src\\Illuminate\\Foundation\\Http\\Middleware\\TrimStrings.php(40): Illuminate\\Foundation\\Http\\Middleware\\TransformsRequest->handle(Object(Illuminate\\Http\\Request), Object(Closure))
#22 C:\\Users\\laity\\Desktop\\innosoft\\backend\\vendor\\laravel\\framework\\src\\Illuminate\\Pipeline\\Pipeline.php(183): Illuminate\\Foundation\\Http\\Middleware\\TrimStrings->handle(Object(Illuminate\\Http\\Request), Object(Closure))
#23 C:\\Users\\laity\\Desktop\\innosoft\\backend\\vendor\\laravel\\framework\\src\\Illuminate\\Foundation\\Http\\Middleware\\ValidatePostSize.php(27): Illuminate\\Pipeline\\Pipeline->Illuminate\\Pipeline\\{closure}(Object(Illuminate\\Http\\Request))
#24 C:\\Users\\laity\\Desktop\\innosoft\\backend\\vendor\\laravel\\framework\\src\\Illuminate\\Pipeline\\Pipeline.php(183): Illuminate\\Foundation\\Http\\Middleware\\ValidatePostSize->handle(Object(Illuminate\\Http\\Request), Object(Closure))
#25 C:\\Users\\laity\\Desktop\\innosoft\\backend\\vendor\\laravel\\framework\\src\\Illuminate\\Foundation\\Http\\Middleware\\PreventRequestsDuringMaintenance.php(99): Illuminate\\Pipeline\\Pipeline->Illuminate\\Pipeline\\{closure}(Object(Illuminate\\Http\\Request))
#26 C:\\Users\\laity\\Desktop\\innosoft\\backend\\vendor\\laravel\\framework\\src\\Illuminate\\Pipeline\\Pipeline.php(183): Illuminate\\Foundation\\Http\\Middleware\\PreventRequestsDuringMaintenance->handle(Object(Illuminate\\Http\\Request), Object(Closure))
#27 C:\\Users\\laity\\Desktop\\innosoft\\backend\\vendor\\laravel\\framework\\src\\Illuminate\\Http\\Middleware\\HandleCors.php(62): Illuminate\\Pipeline\\Pipeline->Illuminate\\Pipeline\\{closure}(Object(Illuminate\\Http\\Request))
#28 C:\\Users\\laity\\Desktop\\innosoft\\backend\\vendor\\laravel\\framework\\src\\Illuminate\\Pipeline\\Pipeline.php(183): Illuminate\\Http\\Middleware\\HandleCors->handle(Object(Illuminate\\Http\\Request), Object(Closure))
#29 C:\\Users\\laity\\Desktop\\innosoft\\backend\\vendor\\laravel\\framework\\src\\Illuminate\\Http\\Middleware\\TrustProxies.php(39): Illuminate\\Pipeline\\Pipeline->Illuminate\\Pipeline\\{closure}(Object(Illuminate\\Http\\Request))
#30 C:\\Users\\laity\\Desktop\\innosoft\\backend\\vendor\\laravel\\framework\\src\\Illuminate\\Pipeline\\Pipeline.php(183): Illuminate\\Http\\Middleware\\TrustProxies->handle(Object(Illuminate\\Http\\Request), Object(Closure))
#31 C:\\Users\\laity\\Desktop\\innosoft\\backend\\vendor\\laravel\\framework\\src\\Illuminate\\Pipeline\\Pipeline.php(119): Illuminate\\Pipeline\\Pipeline->Illuminate\\Pipeline\\{closure}(Object(Illuminate\\Http\\Request))
#32 C:\\Users\\laity\\Desktop\\innosoft\\backend\\vendor\\laravel\\framework\\src\\Illuminate\\Foundation\\Http\\Kernel.php(175): Illuminate\\Pipeline\\Pipeline->then(Object(Closure))
#33 C:\\Users\\laity\\Desktop\\innosoft\\backend\\vendor\\laravel\\framework\\src\\Illuminate\\Foundation\\Http\\Kernel.php(144): Illuminate\\Foundation\\Http\\Kernel->sendRequestThroughRouter(Object(Illuminate\\Http\\Request))
#34 C:\\Users\\laity\\Desktop\\innosoft\\backend\\public\\index.php(51): Illuminate\\Foundation\\Http\\Kernel->handle(Object(Illuminate\\Http\\Request))
#35 C:\\Users\\laity\\Desktop\\innosoft\\backend\\vendor\\laravel\\framework\\src\\Illuminate\\Foundation\\resources\\server.php(16): require_once('C:\\\\Users\\\\laity\\\\...')
#36 {main}
"} 
[2025-11-28 02:04:52] local.ERROR: Auth guard [] is not defined. {"exception":"[object] (InvalidArgumentException(code: 0): Auth guard [] is not defined. at C:\\Users\\laity\\Desktop\\innosoft\\backend\\vendor\\laravel\\framework\\src\\Illuminate\\Auth\\AuthManager.php:86)
[stacktrace]
#0 C:\\Users\\laity\\Desktop\\innosoft\\backend\\vendor\\laravel\\framework\\src\\Illuminate\\Auth\\AuthManager.php(70): Illuminate\\Auth\\AuthManager->resolve(NULL)
#1 C:\\Users\\laity\\Desktop\\innosoft\\backend\\vendor\\laravel\\framework\\src\\Illuminate\\Auth\\AuthManager.php(57): Illuminate\\Auth\\AuthManager->guard(NULL)
#2 [internal function]: Illuminate\\Auth\\AuthManager->Illuminate\\Auth\\{closure}(NULL)
#3 C:\\Users\\laity\\Desktop\\innosoft\\backend\\vendor\\laravel\\framework\\src\\Illuminate\\Auth\\AuthServiceProvider.php(89): call_user_func(Object(Closure), NULL)
#4 [internal function]: Illuminate\\Auth\\AuthServiceProvider->Illuminate\\Auth\\{closure}(NULL)
#5 C:\\Users\\laity\\Desktop\\innosoft\\backend\\vendor\\laravel\\framework\\src\\Illuminate\\Http\\Request.php(607): call_user_func(Object(Closure), NULL)
#6 C:\\Users\\laity\\Desktop\\innosoft\\backend\\app\\Providers\\RouteServiceProvider.php(28): Illuminate\\Http\\Request->user()
#7 C:\\Users\\laity\\Desktop\\innosoft\\backend\\vendor\\laravel\\framework\\src\\Illuminate\\Routing\\Middleware\\ThrottleRequests.php(117): App\\Providers\\RouteServiceProvider->App\\Providers\\{closure}(Object(Illuminate\\Http\\Request))
#8 C:\\Users\\laity\\Desktop\\innosoft\\backend\\vendor\\laravel\\framework\\src\\Illuminate\\Routing\\Middleware\\ThrottleRequests.php(87): Illuminate\\Routing\\Middleware\\ThrottleRequests->handleRequestUsingNamedLimiter(Object(Illuminate\\Http\\Request), Object(Closure), 'api', Object(Closure))
#9 C:\\Users\\laity\\Desktop\\innosoft\\backend\\vendor\\laravel\\framework\\src\\Illuminate\\Pipeline\\Pipeline.php(183): Illuminate\\Routing\\Middleware\\ThrottleRequests->handle(Object(Illuminate\\Http\\Request), Object(Closure), 'api')
#10 C:\\Users\\laity\\Desktop\\innosoft\\backend\\vendor\\laravel\\framework\\src\\Illuminate\\Pipeline\\Pipeline.php(119): Illuminate\\Pipeline\\Pipeline->Illuminate\\Pipeline\\{closure}(Object(Illuminate\\Http\\Request))
#11 C:\\Users\\laity\\Desktop\\innosoft\\backend\\vendor\\laravel\\framework\\src\\Illuminate\\Routing\\Router.php(805): Illuminate\\Pipeline\\Pipeline->then(Object(Closure))
#12 C:\\Users\\laity\\Desktop\\innosoft\\backend\\vendor\\laravel\\framework\\src\\Illuminate\\Routing\\Router.php(784): Illuminate\\Routing\\Router->runRouteWithinStack(Object(Illuminate\\Routing\\Route), Object(Illuminate\\Http\\Request))
#13 C:\\Users\\laity\\Desktop\\innosoft\\backend\\vendor\\laravel\\framework\\src\\Illuminate\\Routing\\Router.php(748): Illuminate\\Routing\\Router->runRoute(Object(Illuminate\\Http\\Request), Object(Illuminate\\Routing\\Route))
#14 C:\\Users\\laity\\Desktop\\innosoft\\backend\\vendor\\laravel\\framework\\src\\Illuminate\\Routing\\Router.php(737): Illuminate\\Routing\\Router->dispatchToRoute(Object(Illuminate\\Http\\Request))
#15 C:\\Users\\laity\\Desktop\\innosoft\\backend\\vendor\\laravel\\framework\\src\\Illuminate\\Foundation\\Http\\Kernel.php(200): Illuminate\\Routing\\Router->dispatch(Object(Illuminate\\Http\\Request))
#16 C:\\Users\\laity\\Desktop\\innosoft\\backend\\vendor\\laravel\\framework\\src\\Illuminate\\Pipeline\\Pipeline.php(144): Illuminate\\Foundation\\Http\\Kernel->Illuminate\\Foundation\\Http\\{closure}(Object(Illuminate\\Http\\Request))
#17 C:\\Users\\laity\\Desktop\\innosoft\\backend\\vendor\\laravel\\framework\\src\\Illuminate\\Foundation\\Http\\Middleware\\TransformsRequest.php(21): Illuminate\\Pipeline\\Pipeline->Illuminate\\Pipeline\\{closure}(Object(Illuminate\\Http\\Request))
#18 C:\\Users\\laity\\Desktop\\innosoft\\backend\\vendor\\laravel\\framework\\src\\Illuminate\\Foundation\\Http\\Middleware\\ConvertEmptyStringsToNull.php(31): Illuminate\\Foundation\\Http\\Middleware\\TransformsRequest->handle(Object(Illuminate\\Http\\Request), Object(Closure))
#19 C:\\Users\\laity\\Desktop\\innosoft\\backend\\vendor\\laravel\\framework\\src\\Illuminate\\Pipeline\\Pipeline.php(183): Illuminate\\Foundation\\Http\\Middleware\\ConvertEmptyStringsToNull->handle(Object(Illuminate\\Http\\Request), Object(Closure))
#20 C:\\Users\\laity\\Desktop\\innosoft\\backend\\vendor\\laravel\\framework\\src\\Illuminate\\Foundation\\Http\\Middleware\\TransformsRequest.php(21): Illuminate\\Pipeline\\Pipeline->Illuminate\\Pipeline\\{closure}(Object(Illuminate\\Http\\Request))
#21 C:\\Users\\laity\\Desktop\\innosoft\\backend\\vendor\\laravel\\framework\\src\\Illuminate\\Foundation\\Http\\Middleware\\TrimStrings.php(40): Illuminate\\Foundation\\Http\\Middleware\\TransformsRequest->handle(Object(Illuminate\\Http\\Request), Object(Closure))
#22 C:\\Users\\laity\\Desktop\\innosoft\\backend\\vendor\\laravel\\framework\\src\\Illuminate\\Pipeline\\Pipeline.php(183): Illuminate\\Foundation\\Http\\Middleware\\TrimStrings->handle(Object(Illuminate\\Http\\Request), Object(Closure))
#23 C:\\Users\\laity\\Desktop\\innosoft\\backend\\vendor\\laravel\\framework\\src\\Illuminate\\Foundation\\Http\\Middleware\\ValidatePostSize.php(27): Illuminate\\Pipeline\\Pipeline->Illuminate\\Pipeline\\{closure}(Object(Illuminate\\Http\\Request))
#24 C:\\Users\\laity\\Desktop\\innosoft\\backend\\vendor\\laravel\\framework\\src\\Illuminate\\Pipeline\\Pipeline.php(183): Illuminate\\Foundation\\Http\\Middleware\\ValidatePostSize->handle(Object(Illuminate\\Http\\Request), Object(Closure))
#25 C:\\Users\\laity\\Desktop\\innosoft\\backend\\vendor\\laravel\\framework\\src\\Illuminate\\Foundation\\Http\\Middleware\\PreventRequestsDuringMaintenance.php(99): Illuminate\\Pipeline\\Pipeline->Illuminate\\Pipeline\\{closure}(Object(Illuminate\\Http\\Request))
#26 C:\\Users\\laity\\Desktop\\innosoft\\backend\\vendor\\laravel\\framework\\src\\Illuminate\\Pipeline\\Pipeline.php(183): Illuminate\\Foundation\\Http\\Middleware\\PreventRequestsDuringMaintenance->handle(Object(Illuminate\\Http\\Request), Object(Closure))
#27 C:\\Users\\laity\\Desktop\\innosoft\\backend\\vendor\\laravel\\framework\\src\\Illuminate\\Http\\Middleware\\HandleCors.php(62): Illuminate\\Pipeline\\Pipeline->Illuminate\\Pipeline\\{closure}(Object(Illuminate\\Http\\Request))
#28 C:\\Users\\laity\\Desktop\\innosoft\\backend\\vendor\\laravel\\framework\\src\\Illuminate\\Pipeline\\Pipeline.php(183): Illuminate\\Http\\Middleware\\HandleCors->handle(Object(Illuminate\\Http\\Request), Object(Closure))
#29 C:\\Users\\laity\\Desktop\\innosoft\\backend\\vendor\\laravel\\framework\\src\\Illuminate\\Http\\Middleware\\TrustProxies.php(39): Illuminate\\Pipeline\\Pipeline->Illuminate\\Pipeline\\{closure}(Object(Illuminate\\Http\\Request))
#30 C:\\Users\\laity\\Desktop\\innosoft\\backend\\vendor\\laravel\\framework\\src\\Illuminate\\Pipeline\\Pipeline.php(183): Illuminate\\Http\\Middleware\\TrustProxies->handle(Object(Illuminate\\Http\\Request), Object(Closure))
#31 C:\\Users\\laity\\Desktop\\innosoft\\backend\\vendor\\laravel\\framework\\src\\Illuminate\\Pipeline\\Pipeline.php(119): Illuminate\\Pipeline\\Pipeline->Illuminate\\Pipeline\\{closure}(Object(Illuminate\\Http\\Request))
#32 C:\\Users\\laity\\Desktop\\innosoft\\backend\\vendor\\laravel\\framework\\src\\Illuminate\\Foundation\\Http\\Kernel.php(175): Illuminate\\Pipeline\\Pipeline->then(Object(Closure))
#33 C:\\Users\\laity\\Desktop\\innosoft\\backend\\vendor\\laravel\\framework\\src\\Illuminate\\Foundation\\Http\\Kernel.php(144): Illuminate\\Foundation\\Http\\Kernel->sendRequestThroughRouter(Object(Illuminate\\Http\\Request))
#34 C:\\Users\\laity\\Desktop\\innosoft\\backend\\public\\index.php(51): Illuminate\\Foundation\\Http\\Kernel->handle(Object(Illuminate\\Http\\Request))
#35 C:\\Users\\laity\\Desktop\\innosoft\\backend\\vendor\\laravel\\framework\\src\\Illuminate\\Foundation\\resources\\server.php(16): require_once('C:\\\\Users\\\\laity\\\\...')
#36 {main}
"} 
[2025-11-28 02:04:52] local.ERROR: Auth guard [] is not defined. {"exception":"[object] (InvalidArgumentException(code: 0): Auth guard [] is not defined. at C:\\Users\\laity\\Desktop\\innosoft\\backend\\vendor\\laravel\\framework\\src\\Illuminate\\Auth\\AuthManager.php:86)
[stacktrace]
#0 C:\\Users\\laity\\Desktop\\innosoft\\backend\\vendor\\laravel\\framework\\src\\Illuminate\\Auth\\AuthManager.php(70): Illuminate\\Auth\\AuthManager->resolve(NULL)
#1 C:\\Users\\laity\\Desktop\\innosoft\\backend\\vendor\\laravel\\framework\\src\\Illuminate\\Auth\\AuthManager.php(57): Illuminate\\Auth\\AuthManager->guard(NULL)
#2 [internal function]: Illuminate\\Auth\\AuthManager->Illuminate\\Auth\\{closure}(NULL)
#3 C:\\Users\\laity\\Desktop\\innosoft\\backend\\vendor\\laravel\\framework\\src\\Illuminate\\Auth\\AuthServiceProvider.php(89): call_user_func(Object(Closure), NULL)
#4 [internal function]: Illuminate\\Auth\\AuthServiceProvider->Illuminate\\Auth\\{closure}(NULL)
#5 C:\\Users\\laity\\Desktop\\innosoft\\backend\\vendor\\laravel\\framework\\src\\Illuminate\\Http\\Request.php(607): call_user_func(Object(Closure), NULL)
#6 C:\\Users\\laity\\Desktop\\innosoft\\backend\\app\\Providers\\RouteServiceProvider.php(28): Illuminate\\Http\\Request->user()
#7 C:\\Users\\laity\\Desktop\\innosoft\\backend\\vendor\\laravel\\framework\\src\\Illuminate\\Routing\\Middleware\\ThrottleRequests.php(117): App\\Providers\\RouteServiceProvider->App\\Providers\\{closure}(Object(Illuminate\\Http\\Request))
#8 C:\\Users\\laity\\Desktop\\innosoft\\backend\\vendor\\laravel\\framework\\src\\Illuminate\\Routing\\Middleware\\ThrottleRequests.php(87): Illuminate\\Routing\\Middleware\\ThrottleRequests->handleRequestUsingNamedLimiter(Object(Illuminate\\Http\\Request), Object(Closure), 'api', Object(Closure))
#9 C:\\Users\\laity\\Desktop\\innosoft\\backend\\vendor\\laravel\\framework\\src\\Illuminate\\Pipeline\\Pipeline.php(183): Illuminate\\Routing\\Middleware\\ThrottleRequests->handle(Object(Illuminate\\Http\\Request), Object(Closure), 'api')
#10 C:\\Users\\laity\\Desktop\\innosoft\\backend\\vendor\\laravel\\framework\\src\\Illuminate\\Pipeline\\Pipeline.php(119): Illuminate\\Pipeline\\Pipeline->Illuminate\\Pipeline\\{closure}(Object(Illuminate\\Http\\Request))
#11 C:\\Users\\laity\\Desktop\\innosoft\\backend\\vendor\\laravel\\framework\\src\\Illuminate\\Routing\\Router.php(805): Illuminate\\Pipeline\\Pipeline->then(Object(Closure))
#12 C:\\Users\\laity\\Desktop\\innosoft\\backend\\vendor\\laravel\\framework\\src\\Illuminate\\Routing\\Router.php(784): Illuminate\\Routing\\Router->runRouteWithinStack(Object(Illuminate\\Routing\\Route), Object(Illuminate\\Http\\Request))
#13 C:\\Users\\laity\\Desktop\\innosoft\\backend\\vendor\\laravel\\framework\\src\\Illuminate\\Routing\\Router.php(748): Illuminate\\Routing\\Router->runRoute(Object(Illuminate\\Http\\Request), Object(Illuminate\\Routing\\Route))
#14 C:\\Users\\laity\\Desktop\\innosoft\\backend\\vendor\\laravel\\framework\\src\\Illuminate\\Routing\\Router.php(737): Illuminate\\Routing\\Router->dispatchToRoute(Object(Illuminate\\Http\\Request))
#15 C:\\Users\\laity\\Desktop\\innosoft\\backend\\vendor\\laravel\\framework\\src\\Illuminate\\Foundation\\Http\\Kernel.php(200): Illuminate\\Routing\\Router->dispatch(Object(Illuminate\\Http\\Request))
#16 C:\\Users\\laity\\Desktop\\innosoft\\backend\\vendor\\laravel\\framework\\src\\Illuminate\\Pipeline\\Pipeline.php(144): Illuminate\\Foundation\\Http\\Kernel->Illuminate\\Foundation\\Http\\{closure}(Object(Illuminate\\Http\\Request))
#17 C:\\Users\\laity\\Desktop\\innosoft\\backend\\vendor\\laravel\\framework\\src\\Illuminate\\Foundation\\Http\\Middleware\\TransformsRequest.php(21): Illuminate\\Pipeline\\Pipeline->Illuminate\\Pipeline\\{closure}(Object(Illuminate\\Http\\Request))
#18 C:\\Users\\laity\\Desktop\\innosoft\\backend\\vendor\\laravel\\framework\\src\\Illuminate\\Foundation\\Http\\Middleware\\ConvertEmptyStringsToNull.php(31): Illuminate\\Foundation\\Http\\Middleware\\TransformsRequest->handle(Object(Illuminate\\Http\\Request), Object(Closure))
#19 C:\\Users\\laity\\Desktop\\innosoft\\backend\\vendor\\laravel\\framework\\src\\Illuminate\\Pipeline\\Pipeline.php(183): Illuminate\\Foundation\\Http\\Middleware\\ConvertEmptyStringsToNull->handle(Object(Illuminate\\Http\\Request), Object(Closure))
#20 C:\\Users\\laity\\Desktop\\innosoft\\backend\\vendor\\laravel\\framework\\src\\Illuminate\\Foundation\\Http\\Middleware\\TransformsRequest.php(21): Illuminate\\Pipeline\\Pipeline->Illuminate\\Pipeline\\{closure}(Object(Illuminate\\Http\\Request))
#21 C:\\Users\\laity\\Desktop\\innosoft\\backend\\vendor\\laravel\\framework\\src\\Illuminate\\Foundation\\Http\\Middleware\\TrimStrings.php(40): Illuminate\\Foundation\\Http\\Middleware\\TransformsRequest->handle(Object(Illuminate\\Http\\Request), Object(Closure))
#22 C:\\Users\\laity\\Desktop\\innosoft\\backend\\vendor\\laravel\\framework\\src\\Illuminate\\Pipeline\\Pipeline.php(183): Illuminate\\Foundation\\Http\\Middleware\\TrimStrings->handle(Object(Illuminate\\Http\\Request), Object(Closure))
#23 C:\\Users\\laity\\Desktop\\innosoft\\backend\\vendor\\laravel\\framework\\src\\Illuminate\\Foundation\\Http\\Middleware\\ValidatePostSize.php(27): Illuminate\\Pipeline\\Pipeline->Illuminate\\Pipeline\\{closure}(Object(Illuminate\\Http\\Request))
#24 C:\\Users\\laity\\Desktop\\innosoft\\backend\\vendor\\laravel\\framework\\src\\Illuminate\\Pipeline\\Pipeline.php(183): Illuminate\\Foundation\\Http\\Middleware\\ValidatePostSize->handle(Object(Illuminate\\Http\\Request), Object(Closure))
#25 C:\\Users\\laity\\Desktop\\innosoft\\backend\\vendor\\laravel\\framework\\src\\Illuminate\\Foundation\\Http\\Middleware\\PreventRequestsDuringMaintenance.php(99): Illuminate\\Pipeline\\Pipeline->Illuminate\\Pipeline\\{closure}(Object(Illuminate\\Http\\Request))
#26 C:\\Users\\laity\\Desktop\\innosoft\\backend\\vendor\\laravel\\framework\\src\\Illuminate\\Pipeline\\Pipeline.php(183): Illuminate\\Foundation\\Http\\Middleware\\PreventRequestsDuringMaintenance->handle(Object(Illuminate\\Http\\Request), Object(Closure))
#27 C:\\Users\\laity\\Desktop\\innosoft\\backend\\vendor\\laravel\\framework\\src\\Illuminate\\Http\\Middleware\\HandleCors.php(62): Illuminate\\Pipeline\\Pipeline->Illuminate\\Pipeline\\{closure}(Object(Illuminate\\Http\\Request))
#28 C:\\Users\\laity\\Desktop\\innosoft\\backend\\vendor\\laravel\\framework\\src\\Illuminate\\Pipeline\\Pipeline.php(183): Illuminate\\Http\\Middleware\\HandleCors->handle(Object(Illuminate\\Http\\Request), Object(Closure))
#29 C:\\Users\\laity\\Desktop\\innosoft\\backend\\vendor\\laravel\\framework\\src\\Illuminate\\Http\\Middleware\\TrustProxies.php(39): Illuminate\\Pipeline\\Pipeline->Illuminate\\Pipeline\\{closure}(Object(Illuminate\\Http\\Request))
#30 C:\\Users\\laity\\Desktop\\innosoft\\backend\\vendor\\laravel\\framework\\src\\Illuminate\\Pipeline\\Pipeline.php(183): Illuminate\\Http\\Middleware\\TrustProxies->handle(Object(Illuminate\\Http\\Request), Object(Closure))
#31 C:\\Users\\laity\\Desktop\\innosoft\\backend\\vendor\\laravel\\framework\\src\\Illuminate\\Pipeline\\Pipeline.php(119): Illuminate\\Pipeline\\Pipeline->Illuminate\\Pipeline\\{closure}(Object(Illuminate\\Http\\Request))
#32 C:\\Users\\laity\\Desktop\\innosoft\\backend\\vendor\\laravel\\framework\\src\\Illuminate\\Foundation\\Http\\Kernel.php(175): Illuminate\\Pipeline\\Pipeline->then(Object(Closure))
#33 C:\\Users\\laity\\Desktop\\innosoft\\backend\\vendor\\laravel\\framework\\src\\Illuminate\\Foundation\\Http\\Kernel.php(144): Illuminate\\Foundation\\Http\\Kernel->sendRequestThroughRouter(Object(Illuminate\\Http\\Request))
#34 C:\\Users\\laity\\Desktop\\innosoft\\backend\\public\\index.php(51): Illuminate\\Foundation\\Http\\Kernel->handle(Object(Illuminate\\Http\\Request))
#35 C:\\Users\\laity\\Desktop\\innosoft\\backend\\vendor\\laravel\\framework\\src\\Illuminate\\Foundation\\resources\\server.php(16): require_once('C:\\\\Users\\\\laity\\\\...')
#36 {main}
"} 
[2025-11-28 02:04:57] local.ERROR: Auth guard [] is not defined. {"exception":"[object] (InvalidArgumentException(code: 0): Auth guard [] is not defined. at C:\\Users\\laity\\Desktop\\innosoft\\backend\\vendor\\laravel\\framework\\src\\Illuminate\\Auth\\AuthManager.php:86)
[stacktrace]
#0 C:\\Users\\laity\\Desktop\\innosoft\\backend\\vendor\\laravel\\framework\\src\\Illuminate\\Auth\\AuthManager.php(70): Illuminate\\Auth\\AuthManager->resolve(NULL)
#1 C:\\Users\\laity\\Desktop\\innosoft\\backend\\vendor\\laravel\\framework\\src\\Illuminate\\Auth\\AuthManager.php(57): Illuminate\\Auth\\AuthManager->guard(NULL)
#2 [internal function]: Illuminate\\Auth\\AuthManager->Illuminate\\Auth\\{closure}(NULL)
#3 C:\\Users\\laity\\Desktop\\innosoft\\backend\\vendor\\laravel\\framework\\src\\Illuminate\\Auth\\AuthServiceProvider.php(89): call_user_func(Object(Closure), NULL)
#4 [internal function]: Illuminate\\Auth\\AuthServiceProvider->Illuminate\\Auth\\{closure}(NULL)
#5 C:\\Users\\laity\\Desktop\\innosoft\\backend\\vendor\\laravel\\framework\\src\\Illuminate\\Http\\Request.php(607): call_user_func(Object(Closure), NULL)
#6 C:\\Users\\laity\\Desktop\\innosoft\\backend\\app\\Providers\\RouteServiceProvider.php(28): Illuminate\\Http\\Request->user()
#7 C:\\Users\\laity\\Desktop\\innosoft\\backend\\vendor\\laravel\\framework\\src\\Illuminate\\Routing\\Middleware\\ThrottleRequests.php(117): App\\Providers\\RouteServiceProvider->App\\Providers\\{closure}(Object(Illuminate\\Http\\Request))
#8 C:\\Users\\laity\\Desktop\\innosoft\\backend\\vendor\\laravel\\framework\\src\\Illuminate\\Routing\\Middleware\\ThrottleRequests.php(87): Illuminate\\Routing\\Middleware\\ThrottleRequests->handleRequestUsingNamedLimiter(Object(Illuminate\\Http\\Request), Object(Closure), 'api', Object(Closure))
#9 C:\\Users\\laity\\Desktop\\innosoft\\backend\\vendor\\laravel\\framework\\src\\Illuminate\\Pipeline\\Pipeline.php(183): Illuminate\\Routing\\Middleware\\ThrottleRequests->handle(Object(Illuminate\\Http\\Request), Object(Closure), 'api')
#10 C:\\Users\\laity\\Desktop\\innosoft\\backend\\vendor\\laravel\\framework\\src\\Illuminate\\Pipeline\\Pipeline.php(119): Illuminate\\Pipeline\\Pipeline->Illuminate\\Pipeline\\{closure}(Object(Illuminate\\Http\\Request))
#11 C:\\Users\\laity\\Desktop\\innosoft\\backend\\vendor\\laravel\\framework\\src\\Illuminate\\Routing\\Router.php(805): Illuminate\\Pipeline\\Pipeline->then(Object(Closure))
#12 C:\\Users\\laity\\Desktop\\innosoft\\backend\\vendor\\laravel\\framework\\src\\Illuminate\\Routing\\Router.php(784): Illuminate\\Routing\\Router->runRouteWithinStack(Object(Illuminate\\Routing\\Route), Object(Illuminate\\Http\\Request))
#13 C:\\Users\\laity\\Desktop\\innosoft\\backend\\vendor\\laravel\\framework\\src\\Illuminate\\Routing\\Router.php(748): Illuminate\\Routing\\Router->runRoute(Object(Illuminate\\Http\\Request), Object(Illuminate\\Routing\\Route))
#14 C:\\Users\\laity\\Desktop\\innosoft\\backend\\vendor\\laravel\\framework\\src\\Illuminate\\Routing\\Router.php(737): Illuminate\\Routing\\Router->dispatchToRoute(Object(Illuminate\\Http\\Request))
#15 C:\\Users\\laity\\Desktop\\innosoft\\backend\\vendor\\laravel\\framework\\src\\Illuminate\\Foundation\\Http\\Kernel.php(200): Illuminate\\Routing\\Router->dispatch(Object(Illuminate\\Http\\Request))
#16 C:\\Users\\laity\\Desktop\\innosoft\\backend\\vendor\\laravel\\framework\\src\\Illuminate\\Pipeline\\Pipeline.php(144): Illuminate\\Foundation\\Http\\Kernel->Illuminate\\Foundation\\Http\\{closure}(Object(Illuminate\\Http\\Request))
#17 C:\\Users\\laity\\Desktop\\innosoft\\backend\\vendor\\laravel\\framework\\src\\Illuminate\\Foundation\\Http\\Middleware\\TransformsRequest.php(21): Illuminate\\Pipeline\\Pipeline->Illuminate\\Pipeline\\{closure}(Object(Illuminate\\Http\\Request))
#18 C:\\Users\\laity\\Desktop\\innosoft\\backend\\vendor\\laravel\\framework\\src\\Illuminate\\Foundation\\Http\\Middleware\\ConvertEmptyStringsToNull.php(31): Illuminate\\Foundation\\Http\\Middleware\\TransformsRequest->handle(Object(Illuminate\\Http\\Request), Object(Closure))
#19 C:\\Users\\laity\\Desktop\\innosoft\\backend\\vendor\\laravel\\framework\\src\\Illuminate\\Pipeline\\Pipeline.php(183): Illuminate\\Foundation\\Http\\Middleware\\ConvertEmptyStringsToNull->handle(Object(Illuminate\\Http\\Request), Object(Closure))
#20 C:\\Users\\laity\\Desktop\\innosoft\\backend\\vendor\\laravel\\framework\\src\\Illuminate\\Foundation\\Http\\Middleware\\TransformsRequest.php(21): Illuminate\\Pipeline\\Pipeline->Illuminate\\Pipeline\\{closure}(Object(Illuminate\\Http\\Request))
#21 C:\\Users\\laity\\Desktop\\innosoft\\backend\\vendor\\laravel\\framework\\src\\Illuminate\\Foundation\\Http\\Middleware\\TrimStrings.php(40): Illuminate\\Foundation\\Http\\Middleware\\TransformsRequest->handle(Object(Illuminate\\Http\\Request), Object(Closure))
#22 C:\\Users\\laity\\Desktop\\innosoft\\backend\\vendor\\laravel\\framework\\src\\Illuminate\\Pipeline\\Pipeline.php(183): Illuminate\\Foundation\\Http\\Middleware\\TrimStrings->handle(Object(Illuminate\\Http\\Request), Object(Closure))
#23 C:\\Users\\laity\\Desktop\\innosoft\\backend\\vendor\\laravel\\framework\\src\\Illuminate\\Foundation\\Http\\Middleware\\ValidatePostSize.php(27): Illuminate\\Pipeline\\Pipeline->Illuminate\\Pipeline\\{closure}(Object(Illuminate\\Http\\Request))
#24 C:\\Users\\laity\\Desktop\\innosoft\\backend\\vendor\\laravel\\framework\\src\\Illuminate\\Pipeline\\Pipeline.php(183): Illuminate\\Foundation\\Http\\Middleware\\ValidatePostSize->handle(Object(Illuminate\\Http\\Request), Object(Closure))
#25 C:\\Users\\laity\\Desktop\\innosoft\\backend\\vendor\\laravel\\framework\\src\\Illuminate\\Foundation\\Http\\Middleware\\PreventRequestsDuringMaintenance.php(99): Illuminate\\Pipeline\\Pipeline->Illuminate\\Pipeline\\{closure}(Object(Illuminate\\Http\\Request))
#26 C:\\Users\\laity\\Desktop\\innosoft\\backend\\vendor\\laravel\\framework\\src\\Illuminate\\Pipeline\\Pipeline.php(183): Illuminate\\Foundation\\Http\\Middleware\\PreventRequestsDuringMaintenance->handle(Object(Illuminate\\Http\\Request), Object(Closure))
#27 C:\\Users\\laity\\Desktop\\innosoft\\backend\\vendor\\laravel\\framework\\src\\Illuminate\\Http\\Middleware\\HandleCors.php(62): Illuminate\\Pipeline\\Pipeline->Illuminate\\Pipeline\\{closure}(Object(Illuminate\\Http\\Request))
#28 C:\\Users\\laity\\Desktop\\innosoft\\backend\\vendor\\laravel\\framework\\src\\Illuminate\\Pipeline\\Pipeline.php(183): Illuminate\\Http\\Middleware\\HandleCors->handle(Object(Illuminate\\Http\\Request), Object(Closure))
#29 C:\\Users\\laity\\Desktop\\innosoft\\backend\\vendor\\laravel\\framework\\src\\Illuminate\\Http\\Middleware\\TrustProxies.php(39): Illuminate\\Pipeline\\Pipeline->Illuminate\\Pipeline\\{closure}(Object(Illuminate\\Http\\Request))
#30 C:\\Users\\laity\\Desktop\\innosoft\\backend\\vendor\\laravel\\framework\\src\\Illuminate\\Pipeline\\Pipeline.php(183): Illuminate\\Http\\Middleware\\TrustProxies->handle(Object(Illuminate\\Http\\Request), Object(Closure))
#31 C:\\Users\\laity\\Desktop\\innosoft\\backend\\vendor\\laravel\\framework\\src\\Illuminate\\Pipeline\\Pipeline.php(119): Illuminate\\Pipeline\\Pipeline->Illuminate\\Pipeline\\{closure}(Object(Illuminate\\Http\\Request))
#32 C:\\Users\\laity\\Desktop\\innosoft\\backend\\vendor\\laravel\\framework\\src\\Illuminate\\Foundation\\Http\\Kernel.php(175): Illuminate\\Pipeline\\Pipeline->then(Object(Closure))
#33 C:\\Users\\laity\\Desktop\\innosoft\\backend\\vendor\\laravel\\framework\\src\\Illuminate\\Foundation\\Http\\Kernel.php(144): Illuminate\\Foundation\\Http\\Kernel->sendRequestThroughRouter(Object(Illuminate\\Http\\Request))
#34 C:\\Users\\laity\\Desktop\\innosoft\\backend\\public\\index.php(51): Illuminate\\Foundation\\Http\\Kernel->handle(Object(Illuminate\\Http\\Request))
#35 C:\\Users\\laity\\Desktop\\innosoft\\backend\\vendor\\laravel\\framework\\src\\Illuminate\\Foundation\\resources\\server.php(16): require_once('C:\\\\Users\\\\laity\\\\...')
#36 {main}
"} 
[2025-11-28 02:04:59] local.ERROR: Auth guard [] is not defined. {"exception":"[object] (InvalidArgumentException(code: 0): Auth guard [] is not defined. at C:\\Users\\laity\\Desktop\\innosoft\\backend\\vendor\\laravel\\framework\\src\\Illuminate\\Auth\\AuthManager.php:86)
[stacktrace]
#0 C:\\Users\\laity\\Desktop\\innosoft\\backend\\vendor\\laravel\\framework\\src\\Illuminate\\Auth\\AuthManager.php(70): Illuminate\\Auth\\AuthManager->resolve(NULL)
#1 C:\\Users\\laity\\Desktop\\innosoft\\backend\\vendor\\laravel\\framework\\src\\Illuminate\\Auth\\AuthManager.php(57): Illuminate\\Auth\\AuthManager->guard(NULL)
#2 [internal function]: Illuminate\\Auth\\AuthManager->Illuminate\\Auth\\{closure}(NULL)
#3 C:\\Users\\laity\\Desktop\\innosoft\\backend\\vendor\\laravel\\framework\\src\\Illuminate\\Auth\\AuthServiceProvider.php(89): call_user_func(Object(Closure), NULL)
#4 [internal function]: Illuminate\\Auth\\AuthServiceProvider->Illuminate\\Auth\\{closure}(NULL)
#5 C:\\Users\\laity\\Desktop\\innosoft\\backend\\vendor\\laravel\\framework\\src\\Illuminate\\Http\\Request.php(607): call_user_func(Object(Closure), NULL)
#6 C:\\Users\\laity\\Desktop\\innosoft\\backend\\app\\Providers\\RouteServiceProvider.php(28): Illuminate\\Http\\Request->user()
#7 C:\\Users\\laity\\Desktop\\innosoft\\backend\\vendor\\laravel\\framework\\src\\Illuminate\\Routing\\Middleware\\ThrottleRequests.php(117): App\\Providers\\RouteServiceProvider->App\\Providers\\{closure}(Object(Illuminate\\Http\\Request))
#8 C:\\Users\\laity\\Desktop\\innosoft\\backend\\vendor\\laravel\\framework\\src\\Illuminate\\Routing\\Middleware\\ThrottleRequests.php(87): Illuminate\\Routing\\Middleware\\ThrottleRequests->handleRequestUsingNamedLimiter(Object(Illuminate\\Http\\Request), Object(Closure), 'api', Object(Closure))
#9 C:\\Users\\laity\\Desktop\\innosoft\\backend\\vendor\\laravel\\framework\\src\\Illuminate\\Pipeline\\Pipeline.php(183): Illuminate\\Routing\\Middleware\\ThrottleRequests->handle(Object(Illuminate\\Http\\Request), Object(Closure), 'api')
#10 C:\\Users\\laity\\Desktop\\innosoft\\backend\\vendor\\laravel\\framework\\src\\Illuminate\\Pipeline\\Pipeline.php(119): Illuminate\\Pipeline\\Pipeline->Illuminate\\Pipeline\\{closure}(Object(Illuminate\\Http\\Request))
#11 C:\\Users\\laity\\Desktop\\innosoft\\backend\\vendor\\laravel\\framework\\src\\Illuminate\\Routing\\Router.php(805): Illuminate\\Pipeline\\Pipeline->then(Object(Closure))
#12 C:\\Users\\laity\\Desktop\\innosoft\\backend\\vendor\\laravel\\framework\\src\\Illuminate\\Routing\\Router.php(784): Illuminate\\Routing\\Router->runRouteWithinStack(Object(Illuminate\\Routing\\Route), Object(Illuminate\\Http\\Request))
#13 C:\\Users\\laity\\Desktop\\innosoft\\backend\\vendor\\laravel\\framework\\src\\Illuminate\\Routing\\Router.php(748): Illuminate\\Routing\\Router->runRoute(Object(Illuminate\\Http\\Request), Object(Illuminate\\Routing\\Route))
#14 C:\\Users\\laity\\Desktop\\innosoft\\backend\\vendor\\laravel\\framework\\src\\Illuminate\\Routing\\Router.php(737): Illuminate\\Routing\\Router->dispatchToRoute(Object(Illuminate\\Http\\Request))
#15 C:\\Users\\laity\\Desktop\\innosoft\\backend\\vendor\\laravel\\framework\\src\\Illuminate\\Foundation\\Http\\Kernel.php(200): Illuminate\\Routing\\Router->dispatch(Object(Illuminate\\Http\\Request))
#16 C:\\Users\\laity\\Desktop\\innosoft\\backend\\vendor\\laravel\\framework\\src\\Illuminate\\Pipeline\\Pipeline.php(144): Illuminate\\Foundation\\Http\\Kernel->Illuminate\\Foundation\\Http\\{closure}(Object(Illuminate\\Http\\Request))
#17 C:\\Users\\laity\\Desktop\\innosoft\\backend\\vendor\\laravel\\framework\\src\\Illuminate\\Foundation\\Http\\Middleware\\TransformsRequest.php(21): Illuminate\\Pipeline\\Pipeline->Illuminate\\Pipeline\\{closure}(Object(Illuminate\\Http\\Request))
#18 C:\\Users\\laity\\Desktop\\innosoft\\backend\\vendor\\laravel\\framework\\src\\Illuminate\\Foundation\\Http\\Middleware\\ConvertEmptyStringsToNull.php(31): Illuminate\\Foundation\\Http\\Middleware\\TransformsRequest->handle(Object(Illuminate\\Http\\Request), Object(Closure))
#19 C:\\Users\\laity\\Desktop\\innosoft\\backend\\vendor\\laravel\\framework\\src\\Illuminate\\Pipeline\\Pipeline.php(183): Illuminate\\Foundation\\Http\\Middleware\\ConvertEmptyStringsToNull->handle(Object(Illuminate\\Http\\Request), Object(Closure))
#20 C:\\Users\\laity\\Desktop\\innosoft\\backend\\vendor\\laravel\\framework\\src\\Illuminate\\Foundation\\Http\\Middleware\\TransformsRequest.php(21): Illuminate\\Pipeline\\Pipeline->Illuminate\\Pipeline\\{closure}(Object(Illuminate\\Http\\Request))
#21 C:\\Users\\laity\\Desktop\\innosoft\\backend\\vendor\\laravel\\framework\\src\\Illuminate\\Foundation\\Http\\Middleware\\TrimStrings.php(40): Illuminate\\Foundation\\Http\\Middleware\\TransformsRequest->handle(Object(Illuminate\\Http\\Request), Object(Closure))
#22 C:\\Users\\laity\\Desktop\\innosoft\\backend\\vendor\\laravel\\framework\\src\\Illuminate\\Pipeline\\Pipeline.php(183): Illuminate\\Foundation\\Http\\Middleware\\TrimStrings->handle(Object(Illuminate\\Http\\Request), Object(Closure))
#23 C:\\Users\\laity\\Desktop\\innosoft\\backend\\vendor\\laravel\\framework\\src\\Illuminate\\Foundation\\Http\\Middleware\\ValidatePostSize.php(27): Illuminate\\Pipeline\\Pipeline->Illuminate\\Pipeline\\{closure}(Object(Illuminate\\Http\\Request))
#24 C:\\Users\\laity\\Desktop\\innosoft\\backend\\vendor\\laravel\\framework\\src\\Illuminate\\Pipeline\\Pipeline.php(183): Illuminate\\Foundation\\Http\\Middleware\\ValidatePostSize->handle(Object(Illuminate\\Http\\Request), Object(Closure))
#25 C:\\Users\\laity\\Desktop\\innosoft\\backend\\vendor\\laravel\\framework\\src\\Illuminate\\Foundation\\Http\\Middleware\\PreventRequestsDuringMaintenance.php(99): Illuminate\\Pipeline\\Pipeline->Illuminate\\Pipeline\\{closure}(Object(Illuminate\\Http\\Request))
#26 C:\\Users\\laity\\Desktop\\innosoft\\backend\\vendor\\laravel\\framework\\src\\Illuminate\\Pipeline\\Pipeline.php(183): Illuminate\\Foundation\\Http\\Middleware\\PreventRequestsDuringMaintenance->handle(Object(Illuminate\\Http\\Request), Object(Closure))
#27 C:\\Users\\laity\\Desktop\\innosoft\\backend\\vendor\\laravel\\framework\\src\\Illuminate\\Http\\Middleware\\HandleCors.php(62): Illuminate\\Pipeline\\Pipeline->Illuminate\\Pipeline\\{closure}(Object(Illuminate\\Http\\Request))
#28 C:\\Users\\laity\\Desktop\\innosoft\\backend\\vendor\\laravel\\framework\\src\\Illuminate\\Pipeline\\Pipeline.php(183): Illuminate\\Http\\Middleware\\HandleCors->handle(Object(Illuminate\\Http\\Request), Object(Closure))
#29 C:\\Users\\laity\\Desktop\\innosoft\\backend\\vendor\\laravel\\framework\\src\\Illuminate\\Http\\Middleware\\TrustProxies.php(39): Illuminate\\Pipeline\\Pipeline->Illuminate\\Pipeline\\{closure}(Object(Illuminate\\Http\\Request))
#30 C:\\Users\\laity\\Desktop\\innosoft\\backend\\vendor\\laravel\\framework\\src\\Illuminate\\Pipeline\\Pipeline.php(183): Illuminate\\Http\\Middleware\\TrustProxies->handle(Object(Illuminate\\Http\\Request), Object(Closure))
#31 C:\\Users\\laity\\Desktop\\innosoft\\backend\\vendor\\laravel\\framework\\src\\Illuminate\\Pipeline\\Pipeline.php(119): Illuminate\\Pipeline\\Pipeline->Illuminate\\Pipeline\\{closure}(Object(Illuminate\\Http\\Request))
#32 C:\\Users\\laity\\Desktop\\innosoft\\backend\\vendor\\laravel\\framework\\src\\Illuminate\\Foundation\\Http\\Kernel.php(175): Illuminate\\Pipeline\\Pipeline->then(Object(Closure))
#33 C:\\Users\\laity\\Desktop\\innosoft\\backend\\vendor\\laravel\\framework\\src\\Illuminate\\Foundation\\Http\\Kernel.php(144): Illuminate\\Foundation\\Http\\Kernel->sendRequestThroughRouter(Object(Illuminate\\Http\\Request))
#34 C:\\Users\\laity\\Desktop\\innosoft\\backend\\public\\index.php(51): Illuminate\\Foundation\\Http\\Kernel->handle(Object(Illuminate\\Http\\Request))
#35 C:\\Users\\laity\\Desktop\\innosoft\\backend\\vendor\\laravel\\framework\\src\\Illuminate\\Foundation\\resources\\server.php(16): require_once('C:\\\\Users\\\\laity\\\\...')
#36 {main}
"} 
[2025-11-28 02:06:41] local.ERROR: Auth guard [] is not defined. {"exception":"[object] (InvalidArgumentException(code: 0): Auth guard [] is not defined. at C:\\Users\\laity\\Desktop\\innosoft\\backend\\vendor\\laravel\\framework\\src\\Illuminate\\Auth\\AuthManager.php:86)
[stacktrace]
#0 C:\\Users\\laity\\Desktop\\innosoft\\backend\\vendor\\laravel\\framework\\src\\Illuminate\\Auth\\AuthManager.php(70): Illuminate\\Auth\\AuthManager->resolve(NULL)
#1 C:\\Users\\laity\\Desktop\\innosoft\\backend\\vendor\\laravel\\framework\\src\\Illuminate\\Auth\\AuthManager.php(57): Illuminate\\Auth\\AuthManager->guard(NULL)
#2 [internal function]: Illuminate\\Auth\\AuthManager->Illuminate\\Auth\\{closure}(NULL)
#3 C:\\Users\\laity\\Desktop\\innosoft\\backend\\vendor\\laravel\\framework\\src\\Illuminate\\Auth\\AuthServiceProvider.php(89): call_user_func(Object(Closure), NULL)
#4 [internal function]: Illuminate\\Auth\\AuthServiceProvider->Illuminate\\Auth\\{closure}(NULL)
#5 C:\\Users\\laity\\Desktop\\innosoft\\backend\\vendor\\laravel\\framework\\src\\Illuminate\\Http\\Request.php(607): call_user_func(Object(Closure), NULL)
#6 C:\\Users\\laity\\Desktop\\innosoft\\backend\\app\\Providers\\RouteServiceProvider.php(28): Illuminate\\Http\\Request->user()
#7 C:\\Users\\laity\\Desktop\\innosoft\\backend\\vendor\\laravel\\framework\\src\\Illuminate\\Routing\\Middleware\\ThrottleRequests.php(117): App\\Providers\\RouteServiceProvider->App\\Providers\\{closure}(Object(Illuminate\\Http\\Request))
#8 C:\\Users\\laity\\Desktop\\innosoft\\backend\\vendor\\laravel\\framework\\src\\Illuminate\\Routing\\Middleware\\ThrottleRequests.php(87): Illuminate\\Routing\\Middleware\\ThrottleRequests->handleRequestUsingNamedLimiter(Object(Illuminate\\Http\\Request), Object(Closure), 'api', Object(Closure))
#9 C:\\Users\\laity\\Desktop\\innosoft\\backend\\vendor\\laravel\\framework\\src\\Illuminate\\Pipeline\\Pipeline.php(183): Illuminate\\Routing\\Middleware\\ThrottleRequests->handle(Object(Illuminate\\Http\\Request), Object(Closure), 'api')
#10 C:\\Users\\laity\\Desktop\\innosoft\\backend\\vendor\\laravel\\framework\\src\\Illuminate\\Pipeline\\Pipeline.php(119): Illuminate\\Pipeline\\Pipeline->Illuminate\\Pipeline\\{closure}(Object(Illuminate\\Http\\Request))
#11 C:\\Users\\laity\\Desktop\\innosoft\\backend\\vendor\\laravel\\framework\\src\\Illuminate\\Routing\\Router.php(805): Illuminate\\Pipeline\\Pipeline->then(Object(Closure))
#12 C:\\Users\\laity\\Desktop\\innosoft\\backend\\vendor\\laravel\\framework\\src\\Illuminate\\Routing\\Router.php(784): Illuminate\\Routing\\Router->runRouteWithinStack(Object(Illuminate\\Routing\\Route), Object(Illuminate\\Http\\Request))
#13 C:\\Users\\laity\\Desktop\\innosoft\\backend\\vendor\\laravel\\framework\\src\\Illuminate\\Routing\\Router.php(748): Illuminate\\Routing\\Router->runRoute(Object(Illuminate\\Http\\Request), Object(Illuminate\\Routing\\Route))
#14 C:\\Users\\laity\\Desktop\\innosoft\\backend\\vendor\\laravel\\framework\\src\\Illuminate\\Routing\\Router.php(737): Illuminate\\Routing\\Router->dispatchToRoute(Object(Illuminate\\Http\\Request))
#15 C:\\Users\\laity\\Desktop\\innosoft\\backend\\vendor\\laravel\\framework\\src\\Illuminate\\Foundation\\Http\\Kernel.php(200): Illuminate\\Routing\\Router->dispatch(Object(Illuminate\\Http\\Request))
#16 C:\\Users\\laity\\Desktop\\innosoft\\backend\\vendor\\laravel\\framework\\src\\Illuminate\\Pipeline\\Pipeline.php(144): Illuminate\\Foundation\\Http\\Kernel->Illuminate\\Foundation\\Http\\{closure}(Object(Illuminate\\Http\\Request))
#17 C:\\Users\\laity\\Desktop\\innosoft\\backend\\vendor\\laravel\\framework\\src\\Illuminate\\Foundation\\Http\\Middleware\\TransformsRequest.php(21): Illuminate\\Pipeline\\Pipeline->Illuminate\\Pipeline\\{closure}(Object(Illuminate\\Http\\Request))
#18 C:\\Users\\laity\\Desktop\\innosoft\\backend\\vendor\\laravel\\framework\\src\\Illuminate\\Foundation\\Http\\Middleware\\ConvertEmptyStringsToNull.php(31): Illuminate\\Foundation\\Http\\Middleware\\TransformsRequest->handle(Object(Illuminate\\Http\\Request), Object(Closure))
#19 C:\\Users\\laity\\Desktop\\innosoft\\backend\\vendor\\laravel\\framework\\src\\Illuminate\\Pipeline\\Pipeline.php(183): Illuminate\\Foundation\\Http\\Middleware\\ConvertEmptyStringsToNull->handle(Object(Illuminate\\Http\\Request), Object(Closure))
#20 C:\\Users\\laity\\Desktop\\innosoft\\backend\\vendor\\laravel\\framework\\src\\Illuminate\\Foundation\\Http\\Middleware\\TransformsRequest.php(21): Illuminate\\Pipeline\\Pipeline->Illuminate\\Pipeline\\{closure}(Object(Illuminate\\Http\\Request))
#21 C:\\Users\\laity\\Desktop\\innosoft\\backend\\vendor\\laravel\\framework\\src\\Illuminate\\Foundation\\Http\\Middleware\\TrimStrings.php(40): Illuminate\\Foundation\\Http\\Middleware\\TransformsRequest->handle(Object(Illuminate\\Http\\Request), Object(Closure))
#22 C:\\Users\\laity\\Desktop\\innosoft\\backend\\vendor\\laravel\\framework\\src\\Illuminate\\Pipeline\\Pipeline.php(183): Illuminate\\Foundation\\Http\\Middleware\\TrimStrings->handle(Object(Illuminate\\Http\\Request), Object(Closure))
#23 C:\\Users\\laity\\Desktop\\innosoft\\backend\\vendor\\laravel\\framework\\src\\Illuminate\\Foundation\\Http\\Middleware\\ValidatePostSize.php(27): Illuminate\\Pipeline\\Pipeline->Illuminate\\Pipeline\\{closure}(Object(Illuminate\\Http\\Request))
#24 C:\\Users\\laity\\Desktop\\innosoft\\backend\\vendor\\laravel\\framework\\src\\Illuminate\\Pipeline\\Pipeline.php(183): Illuminate\\Foundation\\Http\\Middleware\\ValidatePostSize->handle(Object(Illuminate\\Http\\Request), Object(Closure))
#25 C:\\Users\\laity\\Desktop\\innosoft\\backend\\vendor\\laravel\\framework\\src\\Illuminate\\Foundation\\Http\\Middleware\\PreventRequestsDuringMaintenance.php(99): Illuminate\\Pipeline\\Pipeline->Illuminate\\Pipeline\\{closure}(Object(Illuminate\\Http\\Request))
#26 C:\\Users\\laity\\Desktop\\innosoft\\backend\\vendor\\laravel\\framework\\src\\Illuminate\\Pipeline\\Pipeline.php(183): Illuminate\\Foundation\\Http\\Middleware\\PreventRequestsDuringMaintenance->handle(Object(Illuminate\\Http\\Request), Object(Closure))
#27 C:\\Users\\laity\\Desktop\\innosoft\\backend\\vendor\\laravel\\framework\\src\\Illuminate\\Http\\Middleware\\HandleCors.php(62): Illuminate\\Pipeline\\Pipeline->Illuminate\\Pipeline\\{closure}(Object(Illuminate\\Http\\Request))
#28 C:\\Users\\laity\\Desktop\\innosoft\\backend\\vendor\\laravel\\framework\\src\\Illuminate\\Pipeline\\Pipeline.php(183): Illuminate\\Http\\Middleware\\HandleCors->handle(Object(Illuminate\\Http\\Request), Object(Closure))
#29 C:\\Users\\laity\\Desktop\\innosoft\\backend\\vendor\\laravel\\framework\\src\\Illuminate\\Http\\Middleware\\TrustProxies.php(39): Illuminate\\Pipeline\\Pipeline->Illuminate\\Pipeline\\{closure}(Object(Illuminate\\Http\\Request))
#30 C:\\Users\\laity\\Desktop\\innosoft\\backend\\vendor\\laravel\\framework\\src\\Illuminate\\Pipeline\\Pipeline.php(183): Illuminate\\Http\\Middleware\\TrustProxies->handle(Object(Illuminate\\Http\\Request), Object(Closure))
#31 C:\\Users\\laity\\Desktop\\innosoft\\backend\\vendor\\laravel\\framework\\src\\Illuminate\\Pipeline\\Pipeline.php(119): Illuminate\\Pipeline\\Pipeline->Illuminate\\Pipeline\\{closure}(Object(Illuminate\\Http\\Request))
#32 C:\\Users\\laity\\Desktop\\innosoft\\backend\\vendor\\laravel\\framework\\src\\Illuminate\\Foundation\\Http\\Kernel.php(175): Illuminate\\Pipeline\\Pipeline->then(Object(Closure))
#33 C:\\Users\\laity\\Desktop\\innosoft\\backend\\vendor\\laravel\\framework\\src\\Illuminate\\Foundation\\Http\\Kernel.php(144): Illuminate\\Foundation\\Http\\Kernel->sendRequestThroughRouter(Object(Illuminate\\Http\\Request))
#34 C:\\Users\\laity\\Desktop\\innosoft\\backend\\public\\index.php(51): Illuminate\\Foundation\\Http\\Kernel->handle(Object(Illuminate\\Http\\Request))
#35 C:\\Users\\laity\\Desktop\\innosoft\\backend\\vendor\\laravel\\framework\\src\\Illuminate\\Foundation\\resources\\server.php(16): require_once('C:\\\\Users\\\\laity\\\\...')
#36 {main}
"} 
[2025-11-28 02:09:20] local.ERROR: Uncaught InvalidArgumentException: Please provide a valid cache path. in C:\Users\laity\Desktop\innosoft\backend\vendor\laravel\framework\src\Illuminate\View\Compilers\Compiler.php:67
Stack trace:
#0 C:\Users\laity\Desktop\innosoft\backend\vendor\laravel\framework\src\Illuminate\View\ViewServiceProvider.php(97): Illuminate\View\Compilers\Compiler->__construct(Object(Illuminate\Filesystem\Filesystem), NULL, '', true, 'php')
#1 C:\Users\laity\Desktop\innosoft\backend\vendor\laravel\framework\src\Illuminate\Container\Container.php(908): Illuminate\View\ViewServiceProvider->Illuminate\View\{closure}(Object(Illuminate\Foundation\Application), Array)
#2 C:\Users\laity\Desktop\innosoft\backend\vendor\laravel\framework\src\Illuminate\Container\Container.php(795): Illuminate\Container\Container->build(Object(Closure))
#3 C:\Users\laity\Desktop\innosoft\backend\vendor\laravel\framework\src\Illuminate\Foundation\Application.php(986): Illuminate\Container\Container->resolve('blade.compiler', Array, true)
#4 C:\Users\laity\Desktop\innosoft\backend\vendor\laravel\framework\src\Illuminate\Container\Container.php(731): Illuminate\Foundation\Application->resolve('blade.compiler', Array)
#5 C:\Users\laity\Desktop\innosoft\backend\vendor\laravel\framework\src\Illuminate\Foundation\Application.php(971): Illuminate\Container\Container->make('blade.compiler', Array)
#6 C:\Users\laity\Desktop\innosoft\backend\vendor\laravel\framework\src\Illuminate\Foundation\helpers.php(120): Illuminate\Foundation\Application->make('blade.compiler', Array)
#7 Command line code(1): app('Illuminate\\View...')
#8 {main}
  thrown {"exception":"[object] (Symfony\\Component\\ErrorHandler\\Error\\FatalError(code: 0): Uncaught InvalidArgumentException: Please provide a valid cache path. in C:\\Users\\laity\\Desktop\\innosoft\\backend\\vendor\\laravel\\framework\\src\\Illuminate\\View\\Compilers\\Compiler.php:67
Stack trace:
#0 C:\\Users\\laity\\Desktop\\innosoft\\backend\\vendor\\laravel\\framework\\src\\Illuminate\\View\\ViewServiceProvider.php(97): Illuminate\\View\\Compilers\\Compiler->__construct(Object(Illuminate\\Filesystem\\Filesystem), NULL, '', true, 'php')
#1 C:\\Users\\laity\\Desktop\\innosoft\\backend\\vendor\\laravel\\framework\\src\\Illuminate\\Container\\Container.php(908): Illuminate\\View\\ViewServiceProvider->Illuminate\\View\\{closure}(Object(Illuminate\\Foundation\\Application), Array)
#2 C:\\Users\\laity\\Desktop\\innosoft\\backend\\vendor\\laravel\\framework\\src\\Illuminate\\Container\\Container.php(795): Illuminate\\Container\\Container->build(Object(Closure))
#3 C:\\Users\\laity\\Desktop\\innosoft\\backend\\vendor\\laravel\\framework\\src\\Illuminate\\Foundation\\Application.php(986): Illuminate\\Container\\Container->resolve('blade.compiler', Array, true)
#4 C:\\Users\\laity\\Desktop\\innosoft\\backend\\vendor\\laravel\\framework\\src\\Illuminate\\Container\\Container.php(731): Illuminate\\Foundation\\Application->resolve('blade.compiler', Array)
#5 C:\\Users\\laity\\Desktop\\innosoft\\backend\\vendor\\laravel\\framework\\src\\Illuminate\\Foundation\\Application.php(971): Illuminate\\Container\\Container->make('blade.compiler', Array)
#6 C:\\Users\\laity\\Desktop\\innosoft\\backend\\vendor\\laravel\\framework\\src\\Illuminate\\Foundation\\helpers.php(120): Illuminate\\Foundation\\Application->make('blade.compiler', Array)
#7 Command line code(1): app('Illuminate\\\\View...')
#8 {main}
  thrown at C:\\Users\\laity\\Desktop\\innosoft\\backend\\vendor\\laravel\\framework\\src\\Illuminate\\View\\Compilers\\Compiler.php:67)
[stacktrace]
#0 {main}
"} 
[2025-11-28 02:11:28] local.ERROR: Illuminate\View\FileViewFinder::__construct(): Argument #2 ($paths) must be of type array, null given, called in C:\Users\laity\Desktop\innosoft\backend\vendor\laravel\framework\src\Illuminate\View\ViewServiceProvider.php on line 85 {"exception":"[object] (TypeError(code: 0): Illuminate\\View\\FileViewFinder::__construct(): Argument #2 ($paths) must be of type array, null given, called in C:\\Users\\laity\\Desktop\\innosoft\\backend\\vendor\\laravel\\framework\\src\\Illuminate\\View\\ViewServiceProvider.php on line 85 at C:\\Users\\laity\\Desktop\\innosoft\\backend\\vendor\\laravel\\framework\\src\\Illuminate\\View\\FileViewFinder.php:53)
[stacktrace]
#0 C:\\Users\\laity\\Desktop\\innosoft\\backend\\vendor\\laravel\\framework\\src\\Illuminate\\View\\ViewServiceProvider.php(85): Illuminate\\View\\FileViewFinder->__construct(Object(Illuminate\\Filesystem\\Filesystem), NULL)
#1 C:\\Users\\laity\\Desktop\\innosoft\\backend\\vendor\\laravel\\framework\\src\\Illuminate\\Container\\Container.php(908): Illuminate\\View\\ViewServiceProvider->Illuminate\\View\\{closure}(Object(Illuminate\\Foundation\\Application), Array)
#2 C:\\Users\\laity\\Desktop\\innosoft\\backend\\vendor\\laravel\\framework\\src\\Illuminate\\Container\\Container.php(795): Illuminate\\Container\\Container->build(Object(Closure))
#3 C:\\Users\\laity\\Desktop\\innosoft\\backend\\vendor\\laravel\\framework\\src\\Illuminate\\Foundation\\Application.php(986): Illuminate\\Container\\Container->resolve('view.finder', Array, true)
#4 C:\\Users\\laity\\Desktop\\innosoft\\backend\\vendor\\laravel\\framework\\src\\Illuminate\\Container\\Container.php(731): Illuminate\\Foundation\\Application->resolve('view.finder', Array)
#5 C:\\Users\\laity\\Desktop\\innosoft\\backend\\vendor\\laravel\\framework\\src\\Illuminate\\Foundation\\Application.php(971): Illuminate\\Container\\Container->make('view.finder', Array)
#6 C:\\Users\\laity\\Desktop\\innosoft\\backend\\vendor\\laravel\\framework\\src\\Illuminate\\Container\\Container.php(1454): Illuminate\\Foundation\\Application->make('view.finder')
#7 C:\\Users\\laity\\Desktop\\innosoft\\backend\\vendor\\laravel\\framework\\src\\Illuminate\\View\\ViewServiceProvider.php(45): Illuminate\\Container\\Container->offsetGet('view.finder')
#8 C:\\Users\\laity\\Desktop\\innosoft\\backend\\vendor\\laravel\\framework\\src\\Illuminate\\Container\\Container.php(908): Illuminate\\View\\ViewServiceProvider->Illuminate\\View\\{closure}(Object(Illuminate\\Foundation\\Application), Array)
#9 C:\\Users\\laity\\Desktop\\innosoft\\backend\\vendor\\laravel\\framework\\src\\Illuminate\\Container\\Container.php(795): Illuminate\\Container\\Container->build(Object(Closure))
#10 C:\\Users\\laity\\Desktop\\innosoft\\backend\\vendor\\laravel\\framework\\src\\Illuminate\\Foundation\\Application.php(986): Illuminate\\Container\\Container->resolve('view', Array, true)
#11 C:\\Users\\laity\\Desktop\\innosoft\\backend\\vendor\\laravel\\framework\\src\\Illuminate\\Container\\Container.php(731): Illuminate\\Foundation\\Application->resolve('view', Array)
#12 C:\\Users\\laity\\Desktop\\innosoft\\backend\\vendor\\laravel\\framework\\src\\Illuminate\\Foundation\\Application.php(971): Illuminate\\Container\\Container->make('view', Array)
#13 C:\\Users\\laity\\Desktop\\innosoft\\backend\\vendor\\laravel\\framework\\src\\Illuminate\\Container\\Container.php(1454): Illuminate\\Foundation\\Application->make('view')
#14 C:\\Users\\laity\\Desktop\\innosoft\\backend\\vendor\\laravel\\framework\\src\\Illuminate\\Routing\\RoutingServiceProvider.php(182): Illuminate\\Container\\Container->offsetGet('Illuminate\\\\Cont...')
#15 C:\\Users\\laity\\Desktop\\innosoft\\backend\\vendor\\laravel\\framework\\src\\Illuminate\\Container\\Container.php(908): Illuminate\\Routing\\RoutingServiceProvider->Illuminate\\Routing\\{closure}(Object(Illuminate\\Foundation\\Application), Array)
#16 C:\\Users\\laity\\Desktop\\innosoft\\backend\\vendor\\laravel\\framework\\src\\Illuminate\\Container\\Container.php(795): Illuminate\\Container\\Container->build(Object(Closure))
#17 C:\\Users\\laity\\Desktop\\innosoft\\backend\\vendor\\laravel\\framework\\src\\Illuminate\\Foundation\\Application.php(986): Illuminate\\Container\\Container->resolve('Illuminate\\\\Cont...', Array, true)
#18 C:\\Users\\laity\\Desktop\\innosoft\\backend\\vendor\\laravel\\framework\\src\\Illuminate\\Container\\Container.php(731): Illuminate\\Foundation\\Application->resolve('Illuminate\\\\Cont...', Array)
#19 C:\\Users\\laity\\Desktop\\innosoft\\backend\\vendor\\laravel\\framework\\src\\Illuminate\\Foundation\\Application.php(971): Illuminate\\Container\\Container->make('Illuminate\\\\Cont...', Array)
#20 C:\\Users\\laity\\Desktop\\innosoft\\backend\\vendor\\laravel\\framework\\src\\Illuminate\\Foundation\\helpers.php(120): Illuminate\\Foundation\\Application->make('Illuminate\\\\Cont...', Array)
#21 C:\\Users\\laity\\Desktop\\innosoft\\backend\\vendor\\laravel\\framework\\src\\Illuminate\\Foundation\\helpers.php(790): app('Illuminate\\\\Cont...')
#22 C:\\Users\\laity\\Desktop\\innosoft\\backend\\app\\Http\\Controllers\\Api\\AuthController.php(57): response()
#23 C:\\Users\\laity\\Desktop\\innosoft\\backend\\vendor\\laravel\\framework\\src\\Illuminate\\Routing\\Controller.php(54): App\\Http\\Controllers\\Api\\AuthController->login(Object(Illuminate\\Http\\Request))
#24 C:\\Users\\laity\\Desktop\\innosoft\\backend\\vendor\\laravel\\framework\\src\\Illuminate\\Routing\\ControllerDispatcher.php(43): Illuminate\\Routing\\Controller->callAction('login', Array)
#25 C:\\Users\\laity\\Desktop\\innosoft\\backend\\vendor\\laravel\\framework\\src\\Illuminate\\Routing\\Route.php(259): Illuminate\\Routing\\ControllerDispatcher->dispatch(Object(Illuminate\\Routing\\Route), Object(App\\Http\\Controllers\\Api\\AuthController), 'login')
#26 C:\\Users\\laity\\Desktop\\innosoft\\backend\\vendor\\laravel\\framework\\src\\Illuminate\\Routing\\Route.php(205): Illuminate\\Routing\\Route->runController()
#27 C:\\Users\\laity\\Desktop\\innosoft\\backend\\vendor\\laravel\\framework\\src\\Illuminate\\Routing\\Router.php(806): Illuminate\\Routing\\Route->run()
#28 C:\\Users\\laity\\Desktop\\innosoft\\backend\\vendor\\laravel\\framework\\src\\Illuminate\\Pipeline\\Pipeline.php(144): Illuminate\\Routing\\Router->Illuminate\\Routing\\{closure}(Object(Illuminate\\Http\\Request))
#29 C:\\Users\\laity\\Desktop\\innosoft\\backend\\vendor\\laravel\\framework\\src\\Illuminate\\Routing\\Middleware\\SubstituteBindings.php(50): Illuminate\\Pipeline\\Pipeline->Illuminate\\Pipeline\\{closure}(Object(Illuminate\\Http\\Request))
#30 C:\\Users\\laity\\Desktop\\innosoft\\backend\\vendor\\laravel\\framework\\src\\Illuminate\\Pipeline\\Pipeline.php(183): Illuminate\\Routing\\Middleware\\SubstituteBindings->handle(Object(Illuminate\\Http\\Request), Object(Closure))
#31 C:\\Users\\laity\\Desktop\\innosoft\\backend\\vendor\\laravel\\framework\\src\\Illuminate\\Routing\\Middleware\\ThrottleRequests.php(159): Illuminate\\Pipeline\\Pipeline->Illuminate\\Pipeline\\{closure}(Object(Illuminate\\Http\\Request))
#32 C:\\Users\\laity\\Desktop\\innosoft\\backend\\vendor\\laravel\\framework\\src\\Illuminate\\Routing\\Middleware\\ThrottleRequests.php(125): Illuminate\\Routing\\Middleware\\ThrottleRequests->handleRequest(Object(Illuminate\\Http\\Request), Object(Closure), Array)
#33 C:\\Users\\laity\\Desktop\\innosoft\\backend\\vendor\\laravel\\framework\\src\\Illuminate\\Routing\\Middleware\\ThrottleRequests.php(87): Illuminate\\Routing\\Middleware\\ThrottleRequests->handleRequestUsingNamedLimiter(Object(Illuminate\\Http\\Request), Object(Closure), 'api', Object(Closure))
#34 C:\\Users\\laity\\Desktop\\innosoft\\backend\\vendor\\laravel\\framework\\src\\Illuminate\\Pipeline\\Pipeline.php(183): Illuminate\\Routing\\Middleware\\ThrottleRequests->handle(Object(Illuminate\\Http\\Request), Object(Closure), 'api')
#35 C:\\Users\\laity\\Desktop\\innosoft\\backend\\vendor\\laravel\\framework\\src\\Illuminate\\Pipeline\\Pipeline.php(119): Illuminate\\Pipeline\\Pipeline->Illuminate\\Pipeline\\{closure}(Object(Illuminate\\Http\\Request))
#36 C:\\Users\\laity\\Desktop\\innosoft\\backend\\vendor\\laravel\\framework\\src\\Illuminate\\Routing\\Router.php(805): Illuminate\\Pipeline\\Pipeline->then(Object(Closure))
#37 C:\\Users\\laity\\Desktop\\innosoft\\backend\\vendor\\laravel\\framework\\src\\Illuminate\\Routing\\Router.php(784): Illuminate\\Routing\\Router->runRouteWithinStack(Object(Illuminate\\Routing\\Route), Object(Illuminate\\Http\\Request))
#38 C:\\Users\\laity\\Desktop\\innosoft\\backend\\vendor\\laravel\\framework\\src\\Illuminate\\Routing\\Router.php(748): Illuminate\\Routing\\Router->runRoute(Object(Illuminate\\Http\\Request), Object(Illuminate\\Routing\\Route))
#39 C:\\Users\\laity\\Desktop\\innosoft\\backend\\vendor\\laravel\\framework\\src\\Illuminate\\Routing\\Router.php(737): Illuminate\\Routing\\Router->dispatchToRoute(Object(Illuminate\\Http\\Request))
#40 C:\\Users\\laity\\Desktop\\innosoft\\backend\\vendor\\laravel\\framework\\src\\Illuminate\\Foundation\\Http\\Kernel.php(200): Illuminate\\Routing\\Router->dispatch(Object(Illuminate\\Http\\Request))
#41 C:\\Users\\laity\\Desktop\\innosoft\\backend\\vendor\\laravel\\framework\\src\\Illuminate\\Pipeline\\Pipeline.php(144): Illuminate\\Foundation\\Http\\Kernel->Illuminate\\Foundation\\Http\\{closure}(Object(Illuminate\\Http\\Request))
#42 C:\\Users\\laity\\Desktop\\innosoft\\backend\\vendor\\laravel\\framework\\src\\Illuminate\\Foundation\\Http\\Middleware\\TransformsRequest.php(21): Illuminate\\Pipeline\\Pipeline->Illuminate\\Pipeline\\{closure}(Object(Illuminate\\Http\\Request))
#43 C:\\Users\\laity\\Desktop\\innosoft\\backend\\vendor\\laravel\\framework\\src\\Illuminate\\Foundation\\Http\\Middleware\\ConvertEmptyStringsToNull.php(31): Illuminate\\Foundation\\Http\\Middleware\\TransformsRequest->handle(Object(Illuminate\\Http\\Request), Object(Closure))
#44 C:\\Users\\laity\\Desktop\\innosoft\\backend\\vendor\\laravel\\framework\\src\\Illuminate\\Pipeline\\Pipeline.php(183): Illuminate\\Foundation\\Http\\Middleware\\ConvertEmptyStringsToNull->handle(Object(Illuminate\\Http\\Request), Object(Closure))
#45 C:\\Users\\laity\\Desktop\\innosoft\\backend\\vendor\\laravel\\framework\\src\\Illuminate\\Foundation\\Http\\Middleware\\TransformsRequest.php(21): Illuminate\\Pipeline\\Pipeline->Illuminate\\Pipeline\\{closure}(Object(Illuminate\\Http\\Request))
#46 C:\\Users\\laity\\Desktop\\innosoft\\backend\\vendor\\laravel\\framework\\src\\Illuminate\\Foundation\\Http\\Middleware\\TrimStrings.php(40): Illuminate\\Foundation\\Http\\Middleware\\TransformsRequest->handle(Object(Illuminate\\Http\\Request), Object(Closure))
#47 C:\\Users\\laity\\Desktop\\innosoft\\backend\\vendor\\laravel\\framework\\src\\Illuminate\\Pipeline\\Pipeline.php(183): Illuminate\\Foundation\\Http\\Middleware\\TrimStrings->handle(Object(Illuminate\\Http\\Request), Object(Closure))
#48 C:\\Users\\laity\\Desktop\\innosoft\\backend\\vendor\\laravel\\framework\\src\\Illuminate\\Foundation\\Http\\Middleware\\ValidatePostSize.php(27): Illuminate\\Pipeline\\Pipeline->Illuminate\\Pipeline\\{closure}(Object(Illuminate\\Http\\Request))
#49 C:\\Users\\laity\\Desktop\\innosoft\\backend\\vendor\\laravel\\framework\\src\\Illuminate\\Pipeline\\Pipeline.php(183): Illuminate\\Foundation\\Http\\Middleware\\ValidatePostSize->handle(Object(Illuminate\\Http\\Request), Object(Closure))
#50 C:\\Users\\laity\\Desktop\\innosoft\\backend\\vendor\\laravel\\framework\\src\\Illuminate\\Foundation\\Http\\Middleware\\PreventRequestsDuringMaintenance.php(99): Illuminate\\Pipeline\\Pipeline->Illuminate\\Pipeline\\{closure}(Object(Illuminate\\Http\\Request))
#51 C:\\Users\\laity\\Desktop\\innosoft\\backend\\vendor\\laravel\\framework\\src\\Illuminate\\Pipeline\\Pipeline.php(183): Illuminate\\Foundation\\Http\\Middleware\\PreventRequestsDuringMaintenance->handle(Object(Illuminate\\Http\\Request), Object(Closure))
#52 C:\\Users\\laity\\Desktop\\innosoft\\backend\\vendor\\laravel\\framework\\src\\Illuminate\\Http\\Middleware\\HandleCors.php(62): Illuminate\\Pipeline\\Pipeline->Illuminate\\Pipeline\\{closure}(Object(Illuminate\\Http\\Request))
#53 C:\\Users\\laity\\Desktop\\innosoft\\backend\\vendor\\laravel\\framework\\src\\Illuminate\\Pipeline\\Pipeline.php(183): Illuminate\\Http\\Middleware\\HandleCors->handle(Object(Illuminate\\Http\\Request), Object(Closure))
#54 C:\\Users\\laity\\Desktop\\innosoft\\backend\\vendor\\laravel\\framework\\src\\Illuminate\\Http\\Middleware\\TrustProxies.php(39): Illuminate\\Pipeline\\Pipeline->Illuminate\\Pipeline\\{closure}(Object(Illuminate\\Http\\Request))
#55 C:\\Users\\laity\\Desktop\\innosoft\\backend\\vendor\\laravel\\framework\\src\\Illuminate\\Pipeline\\Pipeline.php(183): Illuminate\\Http\\Middleware\\TrustProxies->handle(Object(Illuminate\\Http\\Request), Object(Closure))
#56 C:\\Users\\laity\\Desktop\\innosoft\\backend\\vendor\\laravel\\framework\\src\\Illuminate\\Pipeline\\Pipeline.php(119): Illuminate\\Pipeline\\Pipeline->Illuminate\\Pipeline\\{closure}(Object(Illuminate\\Http\\Request))
#57 C:\\Users\\laity\\Desktop\\innosoft\\backend\\vendor\\laravel\\framework\\src\\Illuminate\\Foundation\\Http\\Kernel.php(175): Illuminate\\Pipeline\\Pipeline->then(Object(Closure))
#58 C:\\Users\\laity\\Desktop\\innosoft\\backend\\vendor\\laravel\\framework\\src\\Illuminate\\Foundation\\Http\\Kernel.php(144): Illuminate\\Foundation\\Http\\Kernel->sendRequestThroughRouter(Object(Illuminate\\Http\\Request))
#59 C:\\Users\\laity\\Desktop\\innosoft\\backend\\public\\index.php(51): Illuminate\\Foundation\\Http\\Kernel->handle(Object(Illuminate\\Http\\Request))
#60 C:\\Users\\laity\\Desktop\\innosoft\\backend\\vendor\\laravel\\framework\\src\\Illuminate\\Foundation\\resources\\server.php(16): require_once('C:\\\\Users\\\\laity\\\\...')
#61 {main}
"} 
[2025-11-28 02:12:05] local.ERROR: Illuminate\View\FileViewFinder::__construct(): Argument #2 ($paths) must be of type array, null given, called in C:\Users\laity\Desktop\innosoft\backend\vendor\laravel\framework\src\Illuminate\View\ViewServiceProvider.php on line 85 {"exception":"[object] (TypeError(code: 0): Illuminate\\View\\FileViewFinder::__construct(): Argument #2 ($paths) must be of type array, null given, called in C:\\Users\\laity\\Desktop\\innosoft\\backend\\vendor\\laravel\\framework\\src\\Illuminate\\View\\ViewServiceProvider.php on line 85 at C:\\Users\\laity\\Desktop\\innosoft\\backend\\vendor\\laravel\\framework\\src\\Illuminate\\View\\FileViewFinder.php:53)
[stacktrace]
#0 C:\\Users\\laity\\Desktop\\innosoft\\backend\\vendor\\laravel\\framework\\src\\Illuminate\\View\\ViewServiceProvider.php(85): Illuminate\\View\\FileViewFinder->__construct(Object(Illuminate\\Filesystem\\Filesystem), NULL)
#1 C:\\Users\\laity\\Desktop\\innosoft\\backend\\vendor\\laravel\\framework\\src\\Illuminate\\Container\\Container.php(908): Illuminate\\View\\ViewServiceProvider->Illuminate\\View\\{closure}(Object(Illuminate\\Foundation\\Application), Array)
#2 C:\\Users\\laity\\Desktop\\innosoft\\backend\\vendor\\laravel\\framework\\src\\Illuminate\\Container\\Container.php(795): Illuminate\\Container\\Container->build(Object(Closure))
#3 C:\\Users\\laity\\Desktop\\innosoft\\backend\\vendor\\laravel\\framework\\src\\Illuminate\\Foundation\\Application.php(986): Illuminate\\Container\\Container->resolve('view.finder', Array, true)
#4 C:\\Users\\laity\\Desktop\\innosoft\\backend\\vendor\\laravel\\framework\\src\\Illuminate\\Container\\Container.php(731): Illuminate\\Foundation\\Application->resolve('view.finder', Array)
#5 C:\\Users\\laity\\Desktop\\innosoft\\backend\\vendor\\laravel\\framework\\src\\Illuminate\\Foundation\\Application.php(971): Illuminate\\Container\\Container->make('view.finder', Array)
#6 C:\\Users\\laity\\Desktop\\innosoft\\backend\\vendor\\laravel\\framework\\src\\Illuminate\\Container\\Container.php(1454): Illuminate\\Foundation\\Application->make('view.finder')
#7 C:\\Users\\laity\\Desktop\\innosoft\\backend\\vendor\\laravel\\framework\\src\\Illuminate\\View\\ViewServiceProvider.php(45): Illuminate\\Container\\Container->offsetGet('view.finder')
#8 C:\\Users\\laity\\Desktop\\innosoft\\backend\\vendor\\laravel\\framework\\src\\Illuminate\\Container\\Container.php(908): Illuminate\\View\\ViewServiceProvider->Illuminate\\View\\{closure}(Object(Illuminate\\Foundation\\Application), Array)
#9 C:\\Users\\laity\\Desktop\\innosoft\\backend\\vendor\\laravel\\framework\\src\\Illuminate\\Container\\Container.php(795): Illuminate\\Container\\Container->build(Object(Closure))
#10 C:\\Users\\laity\\Desktop\\innosoft\\backend\\vendor\\laravel\\framework\\src\\Illuminate\\Foundation\\Application.php(986): Illuminate\\Container\\Container->resolve('view', Array, true)
#11 C:\\Users\\laity\\Desktop\\innosoft\\backend\\vendor\\laravel\\framework\\src\\Illuminate\\Container\\Container.php(731): Illuminate\\Foundation\\Application->resolve('view', Array)
#12 C:\\Users\\laity\\Desktop\\innosoft\\backend\\vendor\\laravel\\framework\\src\\Illuminate\\Foundation\\Application.php(971): Illuminate\\Container\\Container->make('view', Array)
#13 C:\\Users\\laity\\Desktop\\innosoft\\backend\\vendor\\laravel\\framework\\src\\Illuminate\\Container\\Container.php(1454): Illuminate\\Foundation\\Application->make('view')
#14 C:\\Users\\laity\\Desktop\\innosoft\\backend\\vendor\\laravel\\framework\\src\\Illuminate\\Routing\\RoutingServiceProvider.php(182): Illuminate\\Container\\Container->offsetGet('Illuminate\\\\Cont...')
#15 C:\\Users\\laity\\Desktop\\innosoft\\backend\\vendor\\laravel\\framework\\src\\Illuminate\\Container\\Container.php(908): Illuminate\\Routing\\RoutingServiceProvider->Illuminate\\Routing\\{closure}(Object(Illuminate\\Foundation\\Application), Array)
#16 C:\\Users\\laity\\Desktop\\innosoft\\backend\\vendor\\laravel\\framework\\src\\Illuminate\\Container\\Container.php(795): Illuminate\\Container\\Container->build(Object(Closure))
#17 C:\\Users\\laity\\Desktop\\innosoft\\backend\\vendor\\laravel\\framework\\src\\Illuminate\\Foundation\\Application.php(986): Illuminate\\Container\\Container->resolve('Illuminate\\\\Cont...', Array, true)
#18 C:\\Users\\laity\\Desktop\\innosoft\\backend\\vendor\\laravel\\framework\\src\\Illuminate\\Container\\Container.php(731): Illuminate\\Foundation\\Application->resolve('Illuminate\\\\Cont...', Array)
#19 C:\\Users\\laity\\Desktop\\innosoft\\backend\\vendor\\laravel\\framework\\src\\Illuminate\\Foundation\\Application.php(971): Illuminate\\Container\\Container->make('Illuminate\\\\Cont...', Array)
#20 C:\\Users\\laity\\Desktop\\innosoft\\backend\\vendor\\laravel\\framework\\src\\Illuminate\\Foundation\\helpers.php(120): Illuminate\\Foundation\\Application->make('Illuminate\\\\Cont...', Array)
#21 C:\\Users\\laity\\Desktop\\innosoft\\backend\\vendor\\laravel\\framework\\src\\Illuminate\\Foundation\\helpers.php(790): app('Illuminate\\\\Cont...')
#22 C:\\Users\\laity\\Desktop\\innosoft\\backend\\app\\Http\\Controllers\\Api\\AuthController.php(57): response()
#23 C:\\Users\\laity\\Desktop\\innosoft\\backend\\vendor\\laravel\\framework\\src\\Illuminate\\Routing\\Controller.php(54): App\\Http\\Controllers\\Api\\AuthController->login(Object(Illuminate\\Http\\Request))
#24 C:\\Users\\laity\\Desktop\\innosoft\\backend\\vendor\\laravel\\framework\\src\\Illuminate\\Routing\\ControllerDispatcher.php(43): Illuminate\\Routing\\Controller->callAction('login', Array)
#25 C:\\Users\\laity\\Desktop\\innosoft\\backend\\vendor\\laravel\\framework\\src\\Illuminate\\Routing\\Route.php(259): Illuminate\\Routing\\ControllerDispatcher->dispatch(Object(Illuminate\\Routing\\Route), Object(App\\Http\\Controllers\\Api\\AuthController), 'login')
#26 C:\\Users\\laity\\Desktop\\innosoft\\backend\\vendor\\laravel\\framework\\src\\Illuminate\\Routing\\Route.php(205): Illuminate\\Routing\\Route->runController()
#27 C:\\Users\\laity\\Desktop\\innosoft\\backend\\vendor\\laravel\\framework\\src\\Illuminate\\Routing\\Router.php(806): Illuminate\\Routing\\Route->run()
#28 C:\\Users\\laity\\Desktop\\innosoft\\backend\\vendor\\laravel\\framework\\src\\Illuminate\\Pipeline\\Pipeline.php(144): Illuminate\\Routing\\Router->Illuminate\\Routing\\{closure}(Object(Illuminate\\Http\\Request))
#29 C:\\Users\\laity\\Desktop\\innosoft\\backend\\vendor\\laravel\\framework\\src\\Illuminate\\Routing\\Middleware\\SubstituteBindings.php(50): Illuminate\\Pipeline\\Pipeline->Illuminate\\Pipeline\\{closure}(Object(Illuminate\\Http\\Request))
#30 C:\\Users\\laity\\Desktop\\innosoft\\backend\\vendor\\laravel\\framework\\src\\Illuminate\\Pipeline\\Pipeline.php(183): Illuminate\\Routing\\Middleware\\SubstituteBindings->handle(Object(Illuminate\\Http\\Request), Object(Closure))
#31 C:\\Users\\laity\\Desktop\\innosoft\\backend\\vendor\\laravel\\framework\\src\\Illuminate\\Routing\\Middleware\\ThrottleRequests.php(159): Illuminate\\Pipeline\\Pipeline->Illuminate\\Pipeline\\{closure}(Object(Illuminate\\Http\\Request))
#32 C:\\Users\\laity\\Desktop\\innosoft\\backend\\vendor\\laravel\\framework\\src\\Illuminate\\Routing\\Middleware\\ThrottleRequests.php(125): Illuminate\\Routing\\Middleware\\ThrottleRequests->handleRequest(Object(Illuminate\\Http\\Request), Object(Closure), Array)
#33 C:\\Users\\laity\\Desktop\\innosoft\\backend\\vendor\\laravel\\framework\\src\\Illuminate\\Routing\\Middleware\\ThrottleRequests.php(87): Illuminate\\Routing\\Middleware\\ThrottleRequests->handleRequestUsingNamedLimiter(Object(Illuminate\\Http\\Request), Object(Closure), 'api', Object(Closure))
#34 C:\\Users\\laity\\Desktop\\innosoft\\backend\\vendor\\laravel\\framework\\src\\Illuminate\\Pipeline\\Pipeline.php(183): Illuminate\\Routing\\Middleware\\ThrottleRequests->handle(Object(Illuminate\\Http\\Request), Object(Closure), 'api')
#35 C:\\Users\\laity\\Desktop\\innosoft\\backend\\vendor\\laravel\\framework\\src\\Illuminate\\Pipeline\\Pipeline.php(119): Illuminate\\Pipeline\\Pipeline->Illuminate\\Pipeline\\{closure}(Object(Illuminate\\Http\\Request))
#36 C:\\Users\\laity\\Desktop\\innosoft\\backend\\vendor\\laravel\\framework\\src\\Illuminate\\Routing\\Router.php(805): Illuminate\\Pipeline\\Pipeline->then(Object(Closure))
#37 C:\\Users\\laity\\Desktop\\innosoft\\backend\\vendor\\laravel\\framework\\src\\Illuminate\\Routing\\Router.php(784): Illuminate\\Routing\\Router->runRouteWithinStack(Object(Illuminate\\Routing\\Route), Object(Illuminate\\Http\\Request))
#38 C:\\Users\\laity\\Desktop\\innosoft\\backend\\vendor\\laravel\\framework\\src\\Illuminate\\Routing\\Router.php(748): Illuminate\\Routing\\Router->runRoute(Object(Illuminate\\Http\\Request), Object(Illuminate\\Routing\\Route))
#39 C:\\Users\\laity\\Desktop\\innosoft\\backend\\vendor\\laravel\\framework\\src\\Illuminate\\Routing\\Router.php(737): Illuminate\\Routing\\Router->dispatchToRoute(Object(Illuminate\\Http\\Request))
#40 C:\\Users\\laity\\Desktop\\innosoft\\backend\\vendor\\laravel\\framework\\src\\Illuminate\\Foundation\\Http\\Kernel.php(200): Illuminate\\Routing\\Router->dispatch(Object(Illuminate\\Http\\Request))
#41 C:\\Users\\laity\\Desktop\\innosoft\\backend\\vendor\\laravel\\framework\\src\\Illuminate\\Pipeline\\Pipeline.php(144): Illuminate\\Foundation\\Http\\Kernel->Illuminate\\Foundation\\Http\\{closure}(Object(Illuminate\\Http\\Request))
#42 C:\\Users\\laity\\Desktop\\innosoft\\backend\\vendor\\laravel\\framework\\src\\Illuminate\\Foundation\\Http\\Middleware\\TransformsRequest.php(21): Illuminate\\Pipeline\\Pipeline->Illuminate\\Pipeline\\{closure}(Object(Illuminate\\Http\\Request))
#43 C:\\Users\\laity\\Desktop\\innosoft\\backend\\vendor\\laravel\\framework\\src\\Illuminate\\Foundation\\Http\\Middleware\\ConvertEmptyStringsToNull.php(31): Illuminate\\Foundation\\Http\\Middleware\\TransformsRequest->handle(Object(Illuminate\\Http\\Request), Object(Closure))
#44 C:\\Users\\laity\\Desktop\\innosoft\\backend\\vendor\\laravel\\framework\\src\\Illuminate\\Pipeline\\Pipeline.php(183): Illuminate\\Foundation\\Http\\Middleware\\ConvertEmptyStringsToNull->handle(Object(Illuminate\\Http\\Request), Object(Closure))
#45 C:\\Users\\laity\\Desktop\\innosoft\\backend\\vendor\\laravel\\framework\\src\\Illuminate\\Foundation\\Http\\Middleware\\TransformsRequest.php(21): Illuminate\\Pipeline\\Pipeline->Illuminate\\Pipeline\\{closure}(Object(Illuminate\\Http\\Request))
#46 C:\\Users\\laity\\Desktop\\innosoft\\backend\\vendor\\laravel\\framework\\src\\Illuminate\\Foundation\\Http\\Middleware\\TrimStrings.php(40): Illuminate\\Foundation\\Http\\Middleware\\TransformsRequest->handle(Object(Illuminate\\Http\\Request), Object(Closure))
#47 C:\\Users\\laity\\Desktop\\innosoft\\backend\\vendor\\laravel\\framework\\src\\Illuminate\\Pipeline\\Pipeline.php(183): Illuminate\\Foundation\\Http\\Middleware\\TrimStrings->handle(Object(Illuminate\\Http\\Request), Object(Closure))
#48 C:\\Users\\laity\\Desktop\\innosoft\\backend\\vendor\\laravel\\framework\\src\\Illuminate\\Foundation\\Http\\Middleware\\ValidatePostSize.php(27): Illuminate\\Pipeline\\Pipeline->Illuminate\\Pipeline\\{closure}(Object(Illuminate\\Http\\Request))
#49 C:\\Users\\laity\\Desktop\\innosoft\\backend\\vendor\\laravel\\framework\\src\\Illuminate\\Pipeline\\Pipeline.php(183): Illuminate\\Foundation\\Http\\Middleware\\ValidatePostSize->handle(Object(Illuminate\\Http\\Request), Object(Closure))
#50 C:\\Users\\laity\\Desktop\\innosoft\\backend\\vendor\\laravel\\framework\\src\\Illuminate\\Foundation\\Http\\Middleware\\PreventRequestsDuringMaintenance.php(99): Illuminate\\Pipeline\\Pipeline->Illuminate\\Pipeline\\{closure}(Object(Illuminate\\Http\\Request))
#51 C:\\Users\\laity\\Desktop\\innosoft\\backend\\vendor\\laravel\\framework\\src\\Illuminate\\Pipeline\\Pipeline.php(183): Illuminate\\Foundation\\Http\\Middleware\\PreventRequestsDuringMaintenance->handle(Object(Illuminate\\Http\\Request), Object(Closure))
#52 C:\\Users\\laity\\Desktop\\innosoft\\backend\\vendor\\laravel\\framework\\src\\Illuminate\\Http\\Middleware\\HandleCors.php(62): Illuminate\\Pipeline\\Pipeline->Illuminate\\Pipeline\\{closure}(Object(Illuminate\\Http\\Request))
#53 C:\\Users\\laity\\Desktop\\innosoft\\backend\\vendor\\laravel\\framework\\src\\Illuminate\\Pipeline\\Pipeline.php(183): Illuminate\\Http\\Middleware\\HandleCors->handle(Object(Illuminate\\Http\\Request), Object(Closure))
#54 C:\\Users\\laity\\Desktop\\innosoft\\backend\\vendor\\laravel\\framework\\src\\Illuminate\\Http\\Middleware\\TrustProxies.php(39): Illuminate\\Pipeline\\Pipeline->Illuminate\\Pipeline\\{closure}(Object(Illuminate\\Http\\Request))
#55 C:\\Users\\laity\\Desktop\\innosoft\\backend\\vendor\\laravel\\framework\\src\\Illuminate\\Pipeline\\Pipeline.php(183): Illuminate\\Http\\Middleware\\TrustProxies->handle(Object(Illuminate\\Http\\Request), Object(Closure))
#56 C:\\Users\\laity\\Desktop\\innosoft\\backend\\vendor\\laravel\\framework\\src\\Illuminate\\Pipeline\\Pipeline.php(119): Illuminate\\Pipeline\\Pipeline->Illuminate\\Pipeline\\{closure}(Object(Illuminate\\Http\\Request))
#57 C:\\Users\\laity\\Desktop\\innosoft\\backend\\vendor\\laravel\\framework\\src\\Illuminate\\Foundation\\Http\\Kernel.php(175): Illuminate\\Pipeline\\Pipeline->then(Object(Closure))
#58 C:\\Users\\laity\\Desktop\\innosoft\\backend\\vendor\\laravel\\framework\\src\\Illuminate\\Foundation\\Http\\Kernel.php(144): Illuminate\\Foundation\\Http\\Kernel->sendRequestThroughRouter(Object(Illuminate\\Http\\Request))
#59 C:\\Users\\laity\\Desktop\\innosoft\\backend\\public\\index.php(51): Illuminate\\Foundation\\Http\\Kernel->handle(Object(Illuminate\\Http\\Request))
#60 C:\\Users\\laity\\Desktop\\innosoft\\backend\\vendor\\laravel\\framework\\src\\Illuminate\\Foundation\\resources\\server.php(16): require_once('C:\\\\Users\\\\laity\\\\...')
#61 {main}
"} 
